utc	sat_x_km	sat_y_km	sat_z_km	sun_x_km	sun_y_km	sun_z_km	moon_x_km	moon_y_km	moon_z_km
2033-01-01 00:00:00	0	6928.1	0	26579123	-132747145	-57541267	30725.2	-350949.7	-119280.6
2033-01-01 00:09:17	-3949.13	5681.84	345.92	26595725	-132744334	-57540048	31311.3	-350886.5	-119234.2
2033-01-01 00:18:34	-6477.51	2391.42	567.06	26612327	-132741522	-57538829	31897.3	-350822.5	-119187.4
2033-01-01 00:27:51	-6675.52	-1759.36	583.64	26628928	-132738707	-57537609	32483.3	-350757.7	-119140.3
2033-01-01 00:37:08	-4471.92	-5277.18	389.7	26645529	-132735891	-57536388	33069.2	-350692	-119093
2033-01-01 00:46:25	-659.49	-6896.42	55.17	26662130	-132733074	-57535167	33655	-350625.5	-119045.4
2033-01-01 00:55:43	3390.2	-6034.53	-299.25	26678730	-132730254	-57533944	34240.7	-350558.1	-118997.4
2033-01-01 01:05:00	6220.22	-3001.6	-545.73	26695330	-132727433	-57532721	34826.3	-350489.9	-118949.2
2033-01-01 01:14:17	6812.44	1111.22	-595.35	26711930	-132724610	-57531498	35411.9	-350420.8	-118900.8
2033-01-01 01:23:34	4953.79	4824.26	-430.21	26728529	-132721785	-57530273	35997.4	-350350.9	-118852
2033-01-01 01:32:51	1312.95	6801.67	-109.89	26745128	-132718959	-57529048	36582.8	-350280.1	-118802.9
2033-01-01 01:42:08	-2800.24	6332.04	250.08	26761727	-132716131	-57527822	37168.1	-350208.5	-118753.6
2033-01-01 01:51:26	-5906.01	3584.33	519.83	26778325	-132713301	-57526595	37753.3	-350136	-118704
2033-01-01 02:00:43	-6887.01	-452.92	602.07	26794923	-132710469	-57525368	38338.4	-350062.7	-118654.1
2033-01-01 02:10:00	-5390.32	-4327.21	467.13	26811521	-132707636	-57524140	38923.5	-349988.6	-118603.9
2033-01-01 02:19:17	-1954.39	-6644.71	163.68	26828118	-132704801	-57522911	39508.4	-349913.6	-118553.4
2033-01-01 02:28:34	2184.66	-6571.63	-198.81	26844715	-132701964	-57521681	40093.3	-349837.8	-118502.6
2033-01-01 02:37:52	5537.75	-4134.28	-489.58	26861311	-132699125	-57520450	40678	-349761.1	-118451.5
2033-01-01 02:47:09	6898.56	-209.53	-603.75	26877907	-132696285	-57519219	41262.7	-349683.5	-118400.2
2033-01-01 02:56:26	5777.53	3790.6	-500.13	26894503	-132693443	-57517987	41847.2	-349605.2	-118348.6
2033-01-01 03:05:43	2577.95	6426.98	-216.1	26911099	-132690600	-57516754	42431.7	-349525.9	-118296.7
2033-01-01 03:15:00	-1549.08	6751.12	145.88	26927694	-132687754	-57515521	43016.1	-349445.9	-118244.5
2033-01-01 03:24:17	-5118.81	4646.41	455.24	26944288	-132684907	-57514287	43600.3	-349364.9	-118192
2033-01-01 03:33:35	-6846.98	870.06	600.39	26960883	-132682058	-57513052	44184.5	-349283.2	-118139.2
2033-01-01 03:42:52	-6111.86	-3219.31	528.96	26977477	-132679208	-57511816	44768.5	-349200.6	-118086.2
2033-01-01 03:52:09	-3177.92	-6150.47	266.72	26994071	-132676355	-57510580	45352.4	-349117.1	-118032.8
2033-01-01 04:01:26	899.32	-6868.87	-91.73	27010664	-132673501	-57509342	45936.3	-349032.8	-117979.2
2033-01-01 04:10:43	4653.02	-5116.05	-417.09	27027257	-132670645	-57508104	46520	-348947.7	-117925.3
2033-01-01 04:20:01	6732.73	-1522.63	-592	27043850	-132667788	-57506866	47103.6	-348861.7	-117871.1
2033-01-01 04:29:18	6390.26	2618.58	-553.35	27060442	-132664929	-57505626	47687.1	-348774.8	-117816.6
2033-01-01 04:38:35	3748.8	5817.71	-315.1	27077034	-132662068	-57504386	48270.5	-348687.1	-117761.9
2033-01-01 04:47:52	-241.34	6923.8	36.81	27093626	-132659205	-57503145	48853.7	-348598.6	-117706.8
2033-01-01 04:57:09	-4144.65	5538.91	375.45	27110217	-132656341	-57501903	49436.9	-348509.2	-117651.5
2033-01-01 05:06:26	-6556.87	2161.28	578.65	27126808	-132653474	-57500661	50019.9	-348419	-117595.9
2033-01-01 05:15:44	-6610.18	-1993.91	573.12	27143398	-132650607	-57499418	50602.8	-348328	-117540
2033-01-01 05:25:01	-4285.38	-5431.75	360.85	27159989	-132647737	-57498174	51185.6	-348236	-117483.8
2033-01-01 05:34:18	-418.86	-6915.4	18.41	27176578	-132644866	-57496929	51768.3	-348143.3	-117427.4
2033-01-01 05:43:35	3598.35	-5911.1	-330.67	27193168	-132641993	-57495684	52350.8	-348049.7	-117370.6
2033-01-01 05:52:52	6321.01	-2780.16	-560.47	27209757	-132639118	-57494437	52933.2	-347955.2	-117313.6
2033-01-01 06:02:09	6769.6	1351	-588.09	27226346	-132636241	-57493190	53515.5	-347859.9	-117256.3
2033-01-01 06:11:27	4782.74	4996.11	-403.58	27242934	-132633363	-57491943	54097.6	-347763.8	-117198.7
2033-01-01 06:20:44	1075.22	6843.76	-73.49	27259522	-132630483	-57490694	54679.7	-347666.8	-117140.8
2033-01-01 06:30:01	-3019.12	6229.23	283.12	27276110	-132627601	-57489445	55261.6	-347569	-117082.6
2033-01-01 06:39:18	-6027.3	3373.61	537.59	27292697	-132624718	-57488195	55843.3	-347470.3	-117024.2
2033-01-01 06:48:35	-6867.08	-695.74	598.15	27309284	-132621833	-57486945	56424.9	-347370.8	-116965.4
2033-01-01 06:57:53	-5236.33	-4514.77	442.93	27325871	-132618946	-57485693	57006.4	-347270.4	-116906.4
2033-01-01 07:07:10	-1721.75	-6709.53	127.94	27342457	-132616057	-57484441	57587.8	-347169.2	-116847.1
2033-01-01 07:16:27	2412.26	-6490.39	-233.2	27359043	-132613167	-57483188	58169	-347067.2	-116787.5
2033-01-01 07:25:44	5678.43	-3936.2	-510.22	27375629	-132610275	-57481934	58750	-346964.3	-116727.7
2033-01-01 07:35:01	6901.71	34.11	-603.19	27392214	-132607381	-57480680	59331	-346860.5	-116667.5
2033-01-01 07:44:18	5642.01	3992.15	-478.58	27408799	-132604486	-57479425	59911.7	-346756	-116607.1
2033-01-01 07:53:36	2352.52	6513.93	-181.33	27425384	-132601588	-57478169	60492.4	-346650.5	-116546.4
2033-01-01 08:02:53	-1783.32	6692.19	181.33	27441968	-132598689	-57476912	61072.9	-346544.3	-116485.4
2033-01-01 08:12:10	-5277.59	4462.8	478.58	27458552	-132595789	-57475655	61653.2	-346437.1	-116424.1
2033-01-01 08:21:27	-6873.18	627.82	603.19	27475135	-132592886	-57474397	62233.4	-346329.2	-116362.6
2033-01-01 08:30:44	-5996.05	-3433.02	510.22	27491718	-132589982	-57473138	62813.4	-346220.4	-116300.7
2033-01-01 08:40:02	-2961.76	-6258.77	233.2	27508301	-132587076	-57471878	63393.3	-346110.7	-116238.6
2033-01-01 08:49:19	1138.06	-6832.79	-127.94	27524883	-132584169	-57470618	63973.1	-346000.2	-116176.2
2033-01-01 08:58:36	4828.45	-4948.58	-442.93	27541465	-132581259	-57469357	64552.6	-345888.9	-116113.5
2033-01-01 09:07:53	6781.75	-1284.02	-598.15	27558047	-132578348	-57468095	65132.1	-345776.7	-116050.5
2033-01-01 09:17:10	6295.22	2842.49	-537.59	27574628	-132575436	-57466832	65711.3	-345663.7	-115987.3
2033-01-01 09:26:27	3543.9	5946.36	-283.12	27591209	-132572521	-57465569	66290.4	-345549.8	-115923.7
2033-01-01 09:35:45	-482.38	6910.9	73.49	27607790	-132569605	-57464305	66869.4	-345435.1	-115859.9
2033-01-01 09:45:02	-4335.13	5389.1	403.58	27624370	-132566687	-57463040	67448.2	-345319.6	-115795.8
2033-01-01 09:54:19	-6628.25	1928.46	588.09	27640950	-132563767	-57461774	68026.8	-345203.2	-115731.4
2033-01-01 10:03:36	-6536.78	-2225.97	560.47	27657529	-132560846	-57460508	68605.2	-345086	-115666.8
2033-01-01 10:12:53	-4093.61	-5579.57	330.67	27674108	-132557923	-57459241	69183.5	-344967.9	-115601.8
2033-01-01 10:22:11	-177.71	-6925.8	-18.41	27690687	-132554998	-57457973	69761.6	-344849	-115536.6
2033-01-01 10:31:28	3802.13	-5780.33	-360.85	27707266	-132552071	-57456704	70339.6	-344729.2	-115471.1
2033-01-01 10:40:45	6414.1	-2555.27	-573.12	27723844	-132549143	-57455435	70917.3	-344608.6	-115405.3
2033-01-01 10:50:02	6718.52	1589.1	-578.65	27740421	-132546213	-57454165	71494.9	-344487.1	-115339.3
2033-01-01 10:59:19	4605.86	5161.75	-375.45	27756999	-132543281	-57452894	72072.3	-344364.9	-115272.9
2033-01-01 11:08:36	836.18	6877.36	-36.81	27773576	-132540348	-57451622	72649.6	-344241.7	-115206.3
2033-01-01 11:17:54	-3234.33	6118.69	315.1	27790152	-132537413	-57450350	73226.7	-344117.8	-115139.4
2033-01-01 11:27:11	-6141.25	3158.71	553.35	27806729	-132534476	-57449077	73803.6	-343992.9	-115072.2
2033-01-01 11:36:28	-6838.78	-937.69	592	27823305	-132531537	-57447803	74380.3	-343867.3	-115004.8
2033-01-01 11:45:45	-5075.96	-4696.72	417.09	27839880	-132528597	-57446528	74956.8	-343740.8	-114937
2033-01-01 11:55:02	-1487	-6766.02	91.73	27856455	-132525654	-57445253	75533.1	-343613.5	-114869
2033-01-01 12:04:19	2636.93	-6401.1	-266.72	27873030	-132522711	-57443977	76109.3	-343485.3	-114800.7
2033-01-01 12:13:37	5812.2	-3733.25	-528.96	27889604	-132519765	-57442700	76685.3	-343356.3	-114732.1
2033-01-01 12:22:54	6896.45	277.7	-600.39	27906179	-132516818	-57441423	77261.1	-343226.4	-114663.2
2033-01-01 12:32:11	5499.61	4188.75	-455.24	27922752	-132513869	-57440144	77836.7	-343095.7	-114594.1
2033-01-01 12:41:28	2124.22	6592.8	-145.88	27939326	-132510918	-57438865	78412.1	-342964.2	-114524.7
2033-01-01 12:50:45	-2015.4	6624.96	216.1	27955899	-132507965	-57437585	78987.3	-342831.8	-114455
2033-01-01 13:00:03	-5429.95	4273.65	500.13	27972471	-132505011	-57436305	79562.3	-342698.6	-114385
2033-01-01 13:09:20	-6891.01	384.81	603.75	27989044	-132502055	-57435023	80137.1	-342564.5	-114314.7
2033-01-01 13:18:37	-5872.93	-3642.46	489.58	28005615	-132499098	-57433741	80711.8	-342429.6	-114244.2
2033-01-01 13:27:54	-2741.99	-6359.29	198.81	28022187	-132496138	-57432459	81286.2	-342293.9	-114173.4
2033-01-01 13:37:11	1375.42	-6788.23	-163.68	28038758	-132493177	-57431175	81860.4	-342157.3	-114102.3
2033-01-01 13:46:28	4998.01	-4774.96	-467.13	28055329	-132490214	-57429891	82434.5	-342019.9	-114030.9
2033-01-01 13:55:46	6822.5	-1043.81	-602.07	28071899	-132487250	-57428606	83008.3	-341881.7	-113959.2
2033-01-01 14:05:03	6192.51	3062.87	-519.83	28088469	-132484284	-57427320	83581.9	-341742.6	-113887.3
2033-01-01 14:14:20	3334.68	6067.61	-250.08	28105039	-132481316	-57426033	84155.4	-341602.6	-113815.1
2033-01-01 14:23:37	-722.85	6889.41	109.89	28121608	-132478346	-57424746	84728.6	-341461.9	-113742.6
2033-01-01 14:32:54	-4520.33	5232.6	430.21	28138177	-132475374	-57423458	85301.6	-341320.3	-113669.9
2033-01-01 14:42:12	-6691.56	1693.26	595.35	28154746	-132472401	-57422169	85874.4	-341177.8	-113596.8
2033-01-01 14:51:29	-6455.42	-2455.26	545.73	28171314	-132469426	-57420880	86447	-341034.6	-113523.5
2033-01-01 15:00:46	-3896.85	-5720.45	299.25	28187882	-132466450	-57419589	87019.3	-340890.4	-113449.9
2033-01-01 15:10:03	63.66	-6927.59	-55.17	28204450	-132463471	-57418298	87591.5	-340745.5	-113376
2033-01-01 15:19:20	4001.28	-5642.38	-389.7	28221017	-132460491	-57417007	88163.4	-340599.7	-113301.9
2033-01-01 15:28:37	6499.38	-2327.22	-583.64	28237584	-132457510	-57415714	88735.2	-340453.1	-113227.4
2033-01-01 15:37:55	6659.25	1825.21	-567.06	28254150	-132454526	-57414421	89306.7	-340305.6	-113152.7
2033-01-01 15:47:12	4423.36	5320.97	-345.92	28270716	-132451541	-57413127	89878	-340157.3	-113077.8
2033-01-01 15:56:29	596.11	6902.41	0	28287282	-132448554	-57411832	90449	-340008.2	-113002.5
2033-01-01 16:05:46	-3445.61	6000.56	345.92	28303847	-132445565	-57410537	91019.9	-339858.2	-112927
2033-01-01 16:15:03	-6247.73	2939.89	567.06	28320412	-132442575	-57409240	91590.5	-339707.4	-112851.1
2033-01-01 16:24:21	-6802.14	-1178.46	583.64	28336976	-132439583	-57407943	92160.9	-339555.8	-112775.1
2033-01-01 16:33:38	-4909.4	-4872.83	389.7	28353541	-132436589	-57406646	92731.1	-339403.3	-112698.7
2033-01-01 16:42:55	-1250.43	-6814.1	55.17	28370104	-132433593	-57405347	93301	-339250	-112622.1
2033-01-01 16:52:12	2858.4	-6303.85	-299.25	28386668	-132430596	-57404048	93870.7	-339095.8	-112545.1
2033-01-01 17:01:29	5938.89	-3525.67	-545.73	28403231	-132427597	-57402748	94440.2	-338940.9	-112468
2033-01-01 17:10:46	6882.79	520.94	-595.35	28419794	-132424596	-57401447	95009.4	-338785.1	-112390.5
2033-01-01 17:20:04	5350.51	4380.13	-430.21	28436356	-132421594	-57400146	95578.4	-338628.4	-112312.7
2033-01-01 17:29:21	1893.31	6663.47	-109.89	28452918	-132418589	-57398844	96147.2	-338470.9	-112234.7
2033-01-01 17:38:38	-2245.03	6549.49	250.08	28469480	-132415583	-57397541	96715.8	-338312.6	-112156.4
2033-01-01 17:47:55	-5575.7	4079.2	519.83	28486041	-132412576	-57396237	97284.1	-338153.5	-112077.9
2033-01-01 17:57:12	-6900.44	141.34	602.07	28502602	-132409566	-57394932	97852.1	-337993.5	-111999
2033-01-01 18:06:29	-5742.66	-3847.37	467.13	28519162	-132406555	-57393627	98419.9	-337832.7	-111919.9
2033-01-01 18:15:47	-2518.87	-6451.9	163.68	28535722	-132403542	-57392321	98987.5	-337671	-111840.5
2033-01-01 18:25:04	1611.12	-6735.23	-198.81	28552282	-132400528	-57391015	99554.8	-337508.6	-111760.9
2033-01-01 18:34:21	5161.49	-4595.42	-489.58	28568841	-132397512	-57389707	100121.9	-337345.3	-111680.9
2033-01-01 18:43:38	6854.95	-802.32	-603.75	28585400	-132394494	-57388399	100688.7	-337181.1	-111600.7
2033-01-01 18:52:55	6082.25	3279.43	-500.13	28601959	-132391474	-57387090	101255.3	-337016.2	-111520.2
2033-01-01 19:02:13	3121.38	6181.33	-216.1	28618517	-132388452	-57385780	101821.7	-336850.4	-111439.5
2033-01-01 19:11:30	-962.45	6859.37	145.88	28635075	-132385429	-57384470	102387.7	-336683.7	-111358.4
2033-01-01 19:20:47	-4700.03	5069.62	455.24	28651633	-132382404	-57383159	102953.6	-336516.3	-111277.1
2033-01-01 19:30:04	-6746.72	1455.97	600.39	28668190	-132379378	-57381847	103519.1	-336348	-111195.6
2033-01-01 19:39:21	-6366.19	-2681.49	528.96	28684746	-132376349	-57380534	104084.5	-336178.9	-111113.7
2033-01-01 19:48:38	-3695.33	-5854.22	266.72	28701303	-132373319	-57379221	104649.5	-336008.9	-111031.6
2033-01-01 19:57:56	304.97	-6920.78	-91.73	28717859	-132370287	-57377907	105214.3	-335838.1	-110949.2
2033-01-01 20:07:13	4195.57	-5497.44	-417.09	28734414	-132367254	-57376592	105778.9	-335666.5	-110866.5
2033-01-01 20:16:30	6576.75	-2096.29	-592	28750970	-132364219	-57375276	106343.1	-335494.1	-110783.6
2033-01-01 20:25:47	6591.87	2059.04	-553.35	28767525	-132361182	-57373960	106907.2	-335320.8	-110700.4
2033-01-01 20:35:04	4235.47	5473.58	-315.1	28784079	-132358143	-57372643	107470.9	-335146.7	-110616.9
2033-01-01 20:44:22	355.3	6918.89	36.81	28800633	-132355103	-57371325	108034.4	-334971.8	-110533.1
2033-01-01 20:53:39	-3652.7	5874.98	375.45	28817187	-132352061	-57370006	108597.6	-334796.1	-110449.1
2033-01-01 21:02:56	-6346.6	2717.43	578.65	28833740	-132349017	-57368687	109160.5	-334619.5	-110364.8
2033-01-01 21:12:13	-6757.22	-1417.76	573.12	28850293	-132345971	-57367367	109723.2	-334442.1	-110280.2
2033-01-01 21:21:30	-4736.85	-5042.88	360.85	28866846	-132342924	-57366046	110285.6	-334263.9	-110195.4
2033-01-01 21:30:47	-1012.32	-6853.72	18.41	28883398	-132339875	-57364724	110847.8	-334084.8	-110110.2
2033-01-01 21:40:05	3076.4	-6198.79	-330.67	28899950	-132336824	-57363402	111409.6	-333904.9	-110024.9
2033-01-01 21:49:22	6058.36	-3313.72	-560.47	28916501	-132333772	-57362079	111971.2	-333724.2	-109939.2
2033-01-01 21:58:39	6860.74	763.52	-588.09	28933053	-132330717	-57360755	112532.5	-333542.7	-109853.3
2033-01-01 22:07:56	5194.88	4566.06	-403.58	28949603	-132327661	-57359430	113093.5	-333360.3	-109767.1
2033-01-01 22:17:13	1660.09	6725.87	-73.49	28966154	-132324604	-57358105	113654.2	-333177.2	-109680.6
2033-01-01 22:26:31	-2471.95	6465.9	283.12	28982704	-132321544	-57356779	114214.7	-332993.2	-109593.9
2033-01-01 22:35:48	-5714.67	3879.7	537.59	28999253	-132318483	-57355452	114774.9	-332808.3	-109506.9
2033-01-01 22:45:05	-6901.47	-102.3	598.15	29015802	-132315420	-57354124	115334.7	-332622.7	-109419.6
2033-01-01 22:54:22	-5605.38	-4047.49	442.93	29032351	-132312356	-57352796	115894.3	-332436.2	-109332
2033-01-01 23:03:39	-2292.67	-6536.5	127.94	29048900	-132309290	-57351467	116453.7	-332248.9	-109244.2
2033-01-01 23:12:56	1844.86	-6673.88	-233.2	29065448	-132306222	-57350137	117012.7	-332060.8	-109156.1
2033-01-01 23:22:14	5318.69	-4410.19	-510.22	29081995	-132303152	-57348807	117571.4	-331871.8	-109067.8
2033-01-01 23:31:31	6879.05	-559.85	-603.19	29098543	-132300081	-57347475	118129.8	-331682.1	-108979.2
2033-01-01 23:40:48	5964.58	3491.9	-478.58	29115090	-132297007	-57346143	118688	-331491.5	-108890.3
2033-01-01 23:50:05	2904.27	6287.36	-181.33	29131636	-132293933	-57344810	119245.8	-331300.1	-108801.1
2033-01-01 23:59:22	-1200.89	6820.82	181.33	29148182	-132290856	-57343477	119803.4	-331107.9	-108711.7
2033-01-02 00:08:39	-4874.03	4900.35	478.58	29164728	-132287778	-57342143	120360.6	-330914.8	-108622
2033-01-02 00:17:57	-6793.67	1216.88	603.19	29181274	-132284698	-57340808	120917.6	-330721	-108532
2033-01-02 00:27:14	-6269.2	-2904.38	510.22	29197819	-132281616	-57339472	121474.2	-330526.3	-108441.8
2033-01-02 00:36:31	-3489.3	-5980.72	233.2	29214363	-132278532	-57338135	122030.6	-330330.8	-108351.3
2033-01-02 00:45:48	545.93	-6905.37	-127.94	29230908	-132275447	-57336798	122586.6	-330134.4	-108260.5
2033-01-02 00:55:05	4384.76	-5345.68	-442.93	29247452	-132272360	-57335460	123142.4	-329937.3	-108169.5
2033-01-02 01:04:23	6646.12	-1862.77	-598.15	29263995	-132269272	-57334121	123697.8	-329739.3	-108078.2
2033-01-02 01:13:40	6516.45	2290.3	-537.59	29280538	-132266181	-57332782	124252.9	-329540.5	-107986.6
2033-01-02 01:22:57	4042.4	5619.38	-283.12	29297081	-132263089	-57331441	124807.7	-329340.9	-107894.8
2033-01-02 01:32:14	114.04	6926.77	73.49	29313623	-132259995	-57330100	125362.2	-329140.5	-107802.7
2033-01-02 01:41:31	-3855.36	5742.12	403.58	29330165	-132256900	-57328759	125916.4	-328939.3	-107710.3
2033-01-02 01:50:48	-6437.74	2491.62	588.09	29346707	-132253803	-57327416	126470.3	-328737.3	-107617.7
2033-01-02 02:00:06	-6704.07	-1655.28	560.47	29363248	-132250704	-57326073	127023.8	-328534.4	-107524.8
2033-01-02 02:09:23	-4558.51	-5206.65	330.67	29379789	-132247603	-57324729	127577.1	-328330.7	-107431.6
2033-01-02 02:18:40	-772.96	-6884.82	-18.41	29396329	-132244500	-57323384	128130	-328126.2	-107338.2
2033-01-02 02:27:57	3290.67	-6086.04	-360.85	29412869	-132241396	-57322039	128682.6	-327920.9	-107244.5
2033-01-02 02:37:14	6170.45	-3097.68	-573.12	29429409	-132238290	-57320693	129234.9	-327714.8	-107150.6
2033-01-02 02:46:32	6830.33	1005.12	-578.65	29445948	-132235183	-57319346	129786.8	-327507.8	-107056.3
2033-01-02 02:55:49	5032.91	4746.31	-375.45	29462487	-132232074	-57317998	130338.5	-327300.1	-106961.8
2033-01-02 03:05:06	1424.82	6779.9	-36.81	29479026	-132228963	-57316649	130889.8	-327091.5	-106867.1
2033-01-02 03:14:23	-2695.87	6374.29	315.1	29495564	-132225850	-57315300	131440.8	-326882.2	-106772.1
2033-01-02 03:23:40	-5846.69	3675.4	553.35	29512102	-132222735	-57313950	131991.4	-326672	-106676.8
2033-01-02 03:32:57	-6894.09	-345.78	592	29528639	-132219619	-57312600	132541.7	-326461	-106581.2
2033-01-02 03:42:15	-5461.25	-4242.56	417.09	29545176	-132216501	-57311248	133091.7	-326249.1	-106485.4
2033-01-02 03:51:32	-2063.65	-6612.98	91.73	29561712	-132213382	-57309896	133641.4	-326036.5	-106389.4
2033-01-02 04:00:49	2076.39	-6604.24	-266.72	29578249	-132210260	-57308543	134190.7	-325823.1	-106293
2033-01-02 04:10:06	5469.42	-4219.5	-528.96	29594784	-132207137	-57307189	134739.7	-325608.8	-106196.4
2033-01-02 04:19:23	6894.77	-316.71	-600.39	29611320	-132204012	-57305835	135288.3	-325393.8	-106099.6
2033-01-02 04:28:40	5839.63	3700.01	-455.24	29627855	-132200886	-57304480	135836.6	-325177.9	-106002.4
2033-01-02 04:37:58	2683.6	6385.58	-145.88	29644390	-132197758	-57303124	136384.6	-324961.3	-105905.1
2033-01-02 04:47:15	-1437.9	6773.8	216.1	29660924	-132194628	-57301767	136932.2	-324743.8	-105807.4
2033-01-02 04:56:32	-5042.1	4725.01	500.13	29677458	-132191496	-57300410	137479.5	-324525.5	-105709.5
2033-01-02 05:05:49	-6832.34	976.31	603.75	29693991	-132188362	-57299052	138026.4	-324306.4	-105611.3
2033-01-02 05:15:06	-6164.56	-3123.63	489.58	29710524	-132185227	-57297693	138573	-324086.5	-105512.9
2033-01-02 05:24:24	-3278.99	-6099.78	198.81	29727057	-132182090	-57296333	139119.3	-323865.8	-105414.2
2033-01-02 05:33:41	786.24	-6881.4	-163.68	29743589	-132178952	-57294973	139665.2	-323644.2	-105315.2
2033-01-02 05:42:58	4568.63	-5187.29	-467.13	29760121	-132175812	-57293612	140210.7	-323421.9	-105216
2033-01-02 05:52:15	6707.39	-1626.96	-602.07	29776653	-132172670	-57292250	140755.9	-323198.8	-105116.6
2033-01-02 06:01:32	6433.08	2518.69	-519.83	29793184	-132169526	-57290887	141300.8	-322974.9	-105016.8
2033-01-02 06:10:49	3844.38	5758.19	-250.08	29809715	-132166380	-57289524	141845.3	-322750.1	-104916.8
2033-01-02 06:20:07	-127.39	6926.06	109.89	29826245	-132163233	-57288160	142389.4	-322524.6	-104816.6
2033-01-02 06:29:24	-4053.34	5602.14	430.21	29842775	-132160084	-57286795	142933.2	-322298.2	-104716
2033-01-02 06:38:41	-6521.05	2262.74	595.35	29859305	-132156934	-57285429	143476.6	-322071.1	-104615.3
2033-01-02 06:47:58	-6642.74	-1890.72	545.73	29875834	-132153781	-57284063	144019.6	-321843.1	-104514.2
2033-01-02 06:57:15	-4374.6	-5363.94	299.25	29892363	-132150627	-57282696	144562.3	-321614.4	-104412.9
2033-01-02 07:06:33	-532.64	-6907.37	-55.17	29908891	-132147472	-57281328	145104.7	-321384.8	-104311.4
2033-01-02 07:15:50	3500.96	-5965.74	-389.7	29925419	-132144314	-57279960	145646.6	-321154.4	-104209.6
2033-01-02 07:25:07	6275.04	-2877.81	-583.64	29941947	-132141155	-57278590	146188.2	-320923.3	-104107.5
2033-01-02 07:34:24	6791.6	1245.46	-567.06	29958474	-132137994	-57277220	146729.5	-320691.3	-104005.2
2033-01-02 07:43:41	4864.79	4920.64	-345.92	29975001	-132134831	-57275849	147270.3	-320458.6	-103902.6
2033-01-02 07:52:58	1187.8	6825.52	0	29991527	-132131667	-57274478	147810.8	-320225	-103799.7
2033-01-02 08:02:16	-2916.53	6274.77	345.92	30008053	-132128501	-57273106	148350.9	-319990.6	-103696.6
2033-01-02 08:11:33	-5971.6	3466.56	567.06	30024579	-132125333	-57271733	148890.7	-319755.5	-103593.3
2033-01-02 08:20:50	-6878.32	-588.82	583.64	30041104	-132122163	-57270359	149430.1	-319519.5	-103489.6
2033-01-02 08:30:07	-5310.46	-4432.35	389.7	30057629	-132118992	-57268984	149969.1	-319282.8	-103385.8
2033-01-02 08:39:24	-1832.1	-6681.24	55.17	30074154	-132115819	-57267609	150507.7	-319045.2	-103281.6
2033-01-02 08:48:42	2305.4	-6526.42	-299.25	30090678	-132112645	-57266233	151045.9	-318806.9	-103177.2
2033-01-02 08:57:59	5613.51	-4023.59	-545.73	30107201	-132109468	-57264856	151583.8	-318567.7	-103072.6
2033-01-02 09:07:16	6902.08	-73.2	-595.35	30123725	-132106290	-57263479	152121.3	-318327.8	-102967.7
2033-01-02 09:16:33	5707.54	3903.51	-430.21	30140248	-132103110	-57262101	152658.4	-318087.1	-102862.5
2033-01-02 09:25:50	2459.63	6475.86	-109.89	30156770	-132099929	-57260722	153195.1	-317845.5	-102757.1
2033-01-02 09:35:07	-1673.17	6718.37	250.08	30173292	-132096745	-57259342	153731.4	-317603.2	-102651.5
2033-01-02 09:44:25	-5204.04	4543.82	519.83	30189814	-132093560	-57257961	154267.4	-317360.1	-102545.5
2033-01-02 09:53:42	-6862.69	734.54	602.07	30206335	-132090373	-57256580	154802.9	-317116.2	-102439.4
2033-01-02 10:02:59	-6052.4	-3338.99	467.13	30222856	-132087185	-57255198	155338.1	-316871.5	-102332.9
2033-01-02 10:12:16	-3064.67	-6211.25	163.68	30239377	-132083995	-57253815	155872.9	-316626	-102226.2
2033-01-02 10:21:33	1025.62	-6848.88	-198.81	30255897	-132080803	-57252432	156407.2	-316379.7	-102119.3
2033-01-02 10:30:50	4746.94	-5022.49	-489.58	30272417	-132077609	-57251048	156941.2	-316132.7	-102012.1
2033-01-02 10:40:08	6760.49	-1389.16	-603.75	30288936	-132074414	-57249663	157474.8	-315884.8	-101904.7
2033-01-02 10:49:25	6341.87	2743.93	-500.13	30305455	-132071217	-57248277	158008	-315636.1	-101797
2033-01-02 10:58:42	3641.66	5889.83	-216.1	30321974	-132068018	-57246891	158540.8	-315386.7	-101689
2033-01-02 11:07:59	-368.68	6916.74	145.88	30338492	-132064818	-57245504	159073.2	-315136.5	-101580.8
2033-01-02 11:17:16	-4246.4	5455.22	455.24	30355010	-132061616	-57244116	159605.2	-314885.4	-101472.3
2033-01-02 11:26:34	-6596.43	2031.07	600.39	30371527	-132058412	-57242727	160136.8	-314633.6	-101363.6
2033-01-02 11:35:51	-6573.3	-2123.79	528.96	30388044	-132055206	-57241338	160668	-314381	-101254.7
2033-01-02 11:45:08	-4185.34	-5514.56	266.72	30404560	-132051999	-57239947	161198.8	-314127.6	-101145.4
2033-01-02 11:54:25	-291.64	-6921.35	-91.73	30421077	-132048790	-57238557	161729.1	-313873.5	-101036
2033-01-02 12:03:42	3706.99	-5838.05	-417.09	30437592	-132045579	-57237165	162259.1	-313618.5	-100926.2
2033-01-02 12:12:59	6371.99	-2654.39	-592	30454108	-132042366	-57235773	162788.7	-313362.8	-100816.3
2033-01-02 12:22:17	6744.59	1484.22	-553.35	30470623	-132039152	-57234379	163317.8	-313106.3	-100706.1
2033-01-02 12:31:34	4690.72	5088.85	-315.1	30487137	-132035936	-57232986	163846.5	-312849	-100595.6
2033-01-02 12:40:51	949.3	6862.66	36.81	30503651	-132032718	-57231591	164374.9	-312590.9	-100484.9
2033-01-02 12:50:08	-3133.66	6167.48	375.45	30520165	-132029499	-57230196	164902.8	-312332	-100373.9
2033-01-02 12:59:25	-6089.25	3253.43	578.65	30536679	-132026278	-57228799	165430.3	-312072.3	-100262.7
2033-01-02 13:08:43	-6854.15	-831.09	573.12	30553192	-132023055	-57227403	165957.3	-311811.9	-100151.2
2033-01-02 13:18:00	-5153.18	-4616.61	360.85	30569704	-132019830	-57226005	166484	-311550.7	-100039.5
2033-01-02 13:27:17	-1598.28	-6741.2	18.41	30586216	-132016604	-57224607	167010.2	-311288.7	-99927.5
2033-01-02 13:36:34	2531.63	-6440.5	-330.67	30602728	-132013376	-57223208	167536	-311025.9	-99815.3
2033-01-02 13:45:51	5750.77	-3822.71	-560.47	30619239	-132010146	-57221808	168061.4	-310762.3	-99702.8
2033-01-02 13:55:08	6900.99	170.37	-588.09	30635750	-132006915	-57220407	168586.4	-310498	-99590.1
2033-01-02 14:04:26	5568.49	4102.15	-403.58	30652261	-132003682	-57219006	169110.9	-310232.9	-99477.1
2033-01-02 14:13:43	2232.64	6558.08	-73.49	30668771	-132000447	-57217604	169635	-309967	-99363.9
2033-01-02 14:23:00	-1906.44	6654.62	283.12	30685281	-131997210	-57216201	170158.7	-309700.3	-99250.4
2033-01-02 14:32:17	-5359.66	4357.02	537.59	30701790	-131993972	-57214798	170682	-309432.9	-99136.7
2033-01-02 14:41:34	-6884.68	491.9	598.15	30718299	-131990732	-57213393	171204.8	-309164.7	-99022.8
2033-01-02 14:50:52	-5932.84	-3550.17	442.93	30734808	-131987490	-57211988	171727.2	-308895.7	-98908.6
2033-01-02 15:00:09	-2846.58	-6315	127.94	30751316	-131984247	-57210583	172249.1	-308625.9	-98794.1
2033-01-02 15:09:26	1263.79	-6807.87	-233.2	30767824	-131981002	-57209176	172770.6	-308355.3	-98679.4
2033-01-02 15:18:43	4919.5	-4851.47	-510.22	30784331	-131977755	-57207769	173291.7	-308084	-98564.5
2033-01-02 15:28:00	6805.37	-1149.67	-603.19	30800838	-131974506	-57206361	173812.3	-307811.9	-98449.3
2033-01-02 15:37:17	6242.91	2965.74	-478.58	30817345	-131971256	-57204952	174332.5	-307539.1	-98333.8
2033-01-02 15:46:35	3434.48	6014.15	-181.33	30833851	-131968004	-57203543	174852.3	-307265.4	-98218.2
2033-01-02 15:55:52	-609.56	6898.85	181.33	30850356	-131964750	-57202132	175371.6	-306991	-98102.2
2033-01-02 16:05:09	-4434.31	5301.55	478.58	30866862	-131961495	-57200721	175890.5	-306715.8	-97986.1
2033-01-02 16:14:26	-6663.77	1796.91	603.19	30883367	-131958237	-57199310	176408.9	-306439.9	-97869.6
2033-01-02 16:23:43	-6495.85	-2354.19	510.22	30899871	-131954979	-57197897	176926.9	-306163.2	-97753
2033-01-02 16:33:00	-3990.95	-5658.31	233.2	30916375	-131951718	-57196484	177444.4	-305885.7	-97636.1
2033-01-02 16:42:18	-50.25	-6926.74	-127.94	30932879	-131948456	-57195070	177961.5	-305607.4	-97518.9
2033-01-02 16:51:35	3908.54	-5703.13	-442.93	30949382	-131945192	-57193655	178478.1	-305328.4	-97401.5
2033-01-02 17:00:52	6461.19	-2427.71	-598.15	30965885	-131941926	-57192240	178994.3	-305048.6	-97283.9
2033-01-02 17:10:09	6689.34	1721.11	-537.59	30982388	-131938658	-57190824	179510	-304768.1	-97166
2033-01-02 17:19:26	4510.91	5250.72	-283.12	30998890	-131935389	-57189407	180025.3	-304486.8	-97047.9
2033-01-02 17:28:44	709.61	6891.27	73.49	31015391	-131932118	-57187989	180540.1	-304204.7	-96929.6
2033-01-02 17:38:01	-3347	6052.55	403.58	31031893	-131928845	-57186571	181054.5	-303921.8	-96811
2033-01-02 17:47:18	-6199.48	3036.3	588.09	31048394	-131925571	-57185152	181568.4	-303638.2	-96692.1
2033-01-02 17:56:35	-6821.63	-1072.31	560.47	31064894	-131922295	-57183732	182081.8	-303353.8	-96573
2033-01-02 18:05:52	-4989.6	-4795.12	330.67	31081394	-131919017	-57182311	182594.8	-303068.7	-96453.7
2033-01-02 18:15:09	-1362.48	-6792.78	-18.41	31097894	-131915738	-57180890	183107.3	-302782.8	-96334.1
2033-01-02 18:24:27	2754.81	-6346.6	-360.85	31114393	-131912456	-57179468	183619.3	-302496.1	-96214.3
2033-01-02 18:33:44	5881.04	-3617.11	-573.12	31130892	-131909174	-57178045	184130.9	-302208.7	-96094.3
2033-01-02 18:43:01	6891.49	413.7	-578.65	31147390	-131905889	-57176621	184642	-301920.5	-95974
2033-01-02 18:52:18	5422.63	4295.66	-375.45	31163888	-131902602	-57175197	185152.7	-301631.6	-95853.4
2033-01-02 19:01:35	2002.9	6632.16	-36.81	31180386	-131899314	-57173772	185662.8	-301341.9	-95732.7
2033-01-02 19:10:53	-2137.41	6582.61	315.1	31196883	-131896025	-57172346	186172.5	-301051.4	-95611.7
2033-01-02 19:20:10	-5508.77	4164.83	553.35	31213380	-131892733	-57170919	186681.8	-300760.2	-95490.4
2033-01-02 19:29:27	-6898.28	248.68	592	31229876	-131889440	-57169492	187190.5	-300468.3	-95368.9
2033-01-02 19:38:44	-5806.04	-3756.93	417.09	31246372	-131886145	-57168064	187698.8	-300175.5	-95247.2
2033-01-02 19:48:01	-2624.99	-6410.89	91.73	31262867	-131882848	-57166635	188206.6	-299882.1	-95125.2
2033-01-02 19:57:18	1500.44	-6758.41	-266.72	31279363	-131879550	-57165205	188713.9	-299587.8	-95003
2033-01-02 20:06:36	5086.08	-4674.46	-528.96	31295857	-131876250	-57163775	189220.8	-299292.8	-94880.6
2033-01-02 20:15:53	6841.95	-908.78	-600.39	31312352	-131872948	-57162344	189727.1	-298997.1	-94757.9
2033-01-02 20:25:10	6136.33	3183.84	-455.24	31328846	-131869644	-57160912	190233	-298700.6	-94635
2033-01-02 20:34:27	3223.08	6130.99	-145.88	31345339	-131866339	-57159480	190738.4	-298403.4	-94511.9
2033-01-02 20:43:44	-849.73	6872.4	216.1	31361832	-131863032	-57158047	191243.3	-298105.4	-94388.5
2033-01-02 20:53:02	-4616.85	5141.32	500.13	31378325	-131859723	-57156613	191747.8	-297806.6	-94264.8
2033-01-02 21:02:19	-6723	1560.56	603.75	31394817	-131856413	-57155178	192251.7	-297507.1	-94141
2033-01-02 21:11:36	-6410.46	-2581.64	489.58	31411309	-131853101	-57153742	192755.2	-297206.9	-94016.9
2033-01-02 21:20:53	-3791.67	-5795.02	198.81	31427800	-131849787	-57152306	193258.1	-296905.9	-93892.6
2033-01-02 21:30:10	191.24	-6923.53	-163.68	31444291	-131846471	-57150869	193760.6	-296604.1	-93768
2033-01-02 21:39:27	4105.36	-5561.15	-467.13	31460782	-131843154	-57149431	194262.6	-296301.7	-93643.2
2033-01-02 21:48:45	6542.53	-2198.05	-602.07	31477272	-131839835	-57147993	194764.1	-295998.4	-93518.2
2033-01-02 21:58:02	6625.94	1955.83	-519.83	31493762	-131836514	-57146554	195265.1	-295694.4	-93392.9
2033-01-02 22:07:19	4325.58	5406.05	-250.08	31510251	-131833192	-57145114	195765.6	-295389.7	-93267.4
2033-01-02 22:16:36	469.02	6911.33	109.89	31526740	-131829868	-57143673	196265.6	-295084.3	-93141.7
2033-01-02 22:25:53	-3556.29	5930.12	430.21	31543229	-131826542	-57142232	196765.1	-294778	-93015.7
2033-01-02 22:35:10	-6302.18	2815.43	595.35	31559717	-131823214	-57140789	197264	-294471.1	-92889.5
2033-01-02 22:44:28	-6780.78	-1312.15	545.73	31576205	-131819885	-57139346	197762.5	-294163.4	-92763
2033-01-02 22:53:45	-4819.9	-4967.65	299.25	31592692	-131816554	-57137903	198260.5	-293855	-92636.4
2033-01-02 23:03:02	-1124.99	-6835.93	-55.17	31609179	-131813221	-57136458	198758	-293545.8	-92509.5
2033-01-02 23:12:19	2974.67	-6244.84	-389.7	31625665	-131809887	-57135013	199255	-293235.9	-92382.3
2033-01-02 23:21:36	6004.16	-3407.06	-583.64	31642151	-131806551	-57133567	199751.5	-292925.2	-92255
2033-01-02 23:30:54	6873.58	656.48	-567.06	31658637	-131803213	-57132121	200247.4	-292613.8	-92127.4
2033-01-02 23:40:11	5270.13	4483.82	-345.92	31675122	-131799873	-57130673	200742.9	-292301.7	-91999.6
2033-01-02 23:49:28	1770.68	6698	0	31691607	-131796532	-57129225	201237.8	-291988.8	-91871.5
2033-01-02 23:58:45	-2365.81	6502.45	345.92	31708091	-131793189	-57127776	201732.3	-291675.2	-91743.2
2033-01-03 00:08:02	-5651.18	3967.51	567.06	31724575	-131789844	-57126327	202226.2	-291360.9	-91614.7
2033-01-03 00:17:19	-6903.47	5.19	583.64	31741059	-131786498	-57124876	202719.6	-291045.8	-91486
2033-01-03 00:26:37	-5672.14	-3958.98	389.7	31757542	-131783150	-57123425	203212.5	-290730	-91357
2033-01-03 00:35:54	-2400.17	-6498.82	55.17	31774025	-131779800	-57121974	203704.8	-290413.4	-91227.8
2033-01-03 00:45:11	1735.3	-6700.58	-299.25	31790507	-131776448	-57120521	204196.7	-290096.2	-91098.4
2033-01-03 00:54:28	5246.49	-4491.67	-545.73	31806989	-131773095	-57119068	204688	-289778.1	-90968.7
2033-01-03 01:03:45	6870.19	-666.8	-595.35	31823470	-131769740	-57117614	205178.8	-289459.4	-90838.8
2033-01-03 01:13:03	6022.25	3397.95	-430.21	31839951	-131766383	-57116159	205669.1	-289139.9	-90708.7
2033-01-03 01:22:20	3007.71	6240.21	-109.89	31856432	-131763025	-57114703	206158.9	-288819.7	-90578.4
2033-01-03 01:31:37	-1088.9	6837.42	250.08	31872912	-131759665	-57113247	206648.1	-288498.8	-90447.8
2033-01-03 01:40:54	-4793.78	4974.74	519.83	31889392	-131756303	-57111790	207136.8	-288177.2	-90317
2033-01-03 01:50:11	-6774.04	1322.3	602.07	31905871	-131752939	-57110332	207625	-287854.8	-90186
2033-01-03 01:59:28	-6317.25	-2805.84	467.13	31922350	-131749574	-57108874	208112.6	-287531.7	-90054.7
2033-01-03 02:08:46	-3587.73	-5924.52	163.68	31938829	-131746207	-57107414	208599.8	-287207.8	-89923.2
2033-01-03 02:18:03	432.53	-6911.73	-198.81	31955307	-131742838	-57105954	209086.4	-286883.3	-89791.5
2033-01-03 02:27:20	4297.19	-5412.3	-489.58	31971785	-131739468	-57104494	209572.4	-286558	-89659.6
2033-01-03 02:36:37	6615.9	-1965.7	-603.75	31988262	-131736096	-57103032	210057.9	-286232	-89527.5
2033-01-03 02:45:54	6554.44	2188.09	-500.13	32004739	-131732722	-57101570	210542.9	-285905.3	-89395.1
2033-01-03 02:55:12	4134.93	5554.65	-216.1	32021215	-131729346	-57100107	211027.4	-285577.8	-89262.5
2033-01-03 03:04:29	227.82	6922.82	145.88	32037691	-131725969	-57098643	211511.3	-285249.6	-89129.7
2033-01-03 03:13:46	-3761.27	5800.36	455.24	32054167	-131722590	-57097179	211994.6	-284920.8	-88996.6
2033-01-03 03:23:03	-6397.21	2591.11	600.39	32070642	-131719209	-57095714	212477.5	-284591.1	-88863.3
2033-01-03 03:32:20	-6731.66	-1550.33	528.96	32087117	-131715827	-57094248	212959.7	-284260.8	-88729.9
2033-01-03 03:41:37	-4644.3	-5133.99	266.72	32103591	-131712443	-57092781	213441.5	-283929.8	-88596.1
2033-01-03 03:50:55	-886.09	-6870.59	-91.73	32120065	-131709057	-57091314	213922.7	-283598	-88462.2
2033-01-03 04:00:12	3190.93	-6135.36	-417.09	32136538	-131705669	-57089846	214403.3	-283265.5	-88328
2033-01-03 04:09:29	6119.97	-3192.81	-592	32153011	-131702280	-57088377	214883.4	-282932.3	-88193.7
2033-01-03 04:18:46	6847.28	898.4	-553.35	32169484	-131698889	-57086907	215363	-282598.4	-88059
2033-01-03 04:28:03	5111.18	4666.38	-315.1	32185956	-131695496	-57085437	215842	-282263.8	-87924.2
2033-01-03 04:37:20	1536.26	6755.53	36.81	32202428	-131692102	-57083966	216320.5	-281928.5	-87789.2
2033-01-03 04:46:38	-2591.37	6414.23	375.45	32218899	-131688706	-57082494	216798.4	-281592.4	-87653.9
2033-01-03 04:55:55	-5786.73	3765.3	578.65	32235370	-131685308	-57081021	217275.7	-281255.6	-87518.4
2033-01-03 05:05:12	-6900.24	-238.26	573.12	32251841	-131681908	-57079548	217752.5	-280918.2	-87382.7
2033-01-03 05:14:29	-5531.3	-4156.1	360.85	32268311	-131678507	-57078074	218228.7	-280580	-87246.8
2033-01-03 05:23:46	-2172.38	-6578.68	18.41	32284780	-131675104	-57076599	218704.4	-280241.1	-87110.7
2033-01-03 05:33:04	1968.09	-6634.44	-330.67	32301250	-131671699	-57075123	219179.5	-279901.5	-86974.3
2033-01-03 05:42:21	5400.53	-4303.34	-560.47	32317718	-131668293	-57073647	219654.1	-279561.2	-86837.7
2033-01-03 05:51:38	6890.06	-424.04	-588.09	32334187	-131664885	-57072170	220128.1	-279220.2	-86700.9
2033-01-03 06:00:55	5900.8	3607.81	-403.58	32350655	-131661475	-57070692	220601.5	-278878.5	-86563.9
2033-01-03 06:10:12	2788.64	6341.66	-73.49	32367122	-131658063	-57069214	221074.4	-278536	-86426.7
2033-01-03 06:19:29	-1326.79	6793.97	283.12	32383589	-131654650	-57067734	221546.7	-278192.9	-86289.2
2033-01-03 06:28:47	-4964.9	4802.02	537.59	32400056	-131651235	-57066254	222018.4	-277849.1	-86151.5
2033-01-03 06:38:04	-6816.82	1082.45	598.15	32416522	-131647818	-57064774	222489.6	-277504.5	-86013.6
2033-01-03 06:47:21	-6216.31	-3026.53	442.93	32432988	-131644400	-57063292	222960.2	-277159.3	-85875.5
2033-01-03 06:56:38	-3379.38	-6046.65	127.94	32449454	-131640980	-57061810	223430.3	-276813.4	-85737.2
2033-01-03 07:05:55	673.33	-6891.36	-233.2	32465919	-131637558	-57060327	223899.7	-276466.7	-85598.7
2033-01-03 07:15:13	4483.82	-5256.76	-510.22	32482383	-131634134	-57058843	224368.6	-276119.4	-85460
2033-01-03 07:24:30	6681.21	-1730.95	-603.19	32498847	-131630709	-57057359	224836.9	-275771.4	-85321
2033-01-03 07:33:47	6474.94	2417.59	-478.58	32515311	-131627282	-57055873	225304.7	-275422.6	-85181.8
2033-01-03 07:43:04	3939.21	5696.34	-181.33	32531774	-131623853	-57054387	225771.8	-275073.2	-85042.4
2033-01-03 07:52:21	-13.71	6925.71	181.33	32548237	-131620423	-57052901	226238.4	-274723.1	-84902.8
2033-01-03 08:01:38	-3961.71	5663.42	478.58	32564700	-131616991	-57051413	226704.4	-274372.2	-84763
2033-01-03 08:10:56	-6484.45	2363.61	603.19	32581161	-131613557	-57049925	227169.9	-274020.7	-84623
2033-01-03 08:20:13	-6674.32	-1786.54	510.22	32597623	-131610121	-57048436	227634.7	-273668.5	-84482.7
2033-01-03 08:29:30	-4463.01	-5293.94	233.2	32614084	-131606684	-57046947	228099	-273315.6	-84342.3
2033-01-03 08:38:47	-646.06	-6896.72	-127.94	32630545	-131603245	-57045456	228562.7	-272962	-84201.6
2033-01-03 08:48:04	3403.34	-6018.28	-442.93	32647005	-131599805	-57043965	229025.8	-272607.8	-84060.7
2033-01-03 08:57:21	6228.34	-2974.64	-598.15	32663465	-131596362	-57042473	229488.3	-272252.8	-83919.6
2033-01-03 09:06:39	6812.63	1139.16	-537.59	32679924	-131592918	-57040981	229950.2	-271897.1	-83778.3
2033-01-03 09:15:56	4945.97	4843.12	-283.12	32696383	-131589472	-57039487	230411.5	-271540.8	-83636.8
2033-01-03 09:25:13	1299.92	6804.66	73.49	32712842	-131586025	-57037993	230872.3	-271183.7	-83495.1
2033-01-03 09:34:30	-2813.81	6318.08	403.58	32729300	-131582576	-57036498	231332.4	-270826	-83353.2
2033-01-03 09:43:47	-5915.24	3558.46	588.09	32745758	-131579125	-57035003	231792	-270467.6	-83211
2033-01-03 09:53:05	-6888.59	-481.38	560.47	32762215	-131575672	-57033506	232251	-270108.5	-83068.7
2033-01-03 10:02:22	-5383.68	-4348.02	330.67	32778672	-131572218	-57032009	232709.3	-269748.7	-82926.1
2033-01-03 10:11:39	-1941.9	-6650.36	-18.41	32795128	-131568762	-57030512	233167.1	-269388.3	-82783.3
2033-01-03 10:20:56	2198.52	-6560.1	-360.85	32811584	-131565304	-57029013	233624.3	-269027.1	-82640.4
2033-01-03 10:30:13	5548	-4109.72	-573.12	32828040	-131561844	-57027514	234080.9	-268665.3	-82497.2
2033-01-03 10:39:30	6901.52	-180.79	-578.65	32844495	-131558383	-57026014	234536.9	-268302.8	-82353.8
2033-01-03 10:48:48	5772.13	3813.16	-375.45	32860949	-131554920	-57024513	234992.3	-267939.6	-82210.2
2033-01-03 10:58:05	2566.12	6435.23	-36.81	32877404	-131551455	-57023011	235447	-267575.8	-82066.4
2033-01-03 11:07:22	-1563.1	6742.11	315.1	32893857	-131547989	-57021509	235901.2	-267211.2	-81922.4
2033-01-03 11:16:39	-5129.99	4623.37	553.35	32910311	-131544521	-57020006	236354.8	-266846	-81778.2
2033-01-03 11:25:56	-6851.3	841.3	592	32926764	-131541051	-57018502	236807.8	-266480.1	-81633.7
2033-01-03 11:35:14	-6107.76	-3243.43	417.09	32943216	-131537580	-57016998	237260.1	-266113.6	-81489.1
2033-01-03 11:44:31	-3166.87	-6161.26	91.73	32959668	-131534107	-57015493	237711.9	-265746.3	-81344.3
2033-01-03 11:53:48	913.37	-6862.45	-266.72	32976120	-131530632	-57013987	238163	-265378.4	-81199.2
2033-01-03 12:03:05	4665.02	-5094.74	-528.96	32992571	-131527155	-57012480	238613.6	-265009.8	-81054
2033-01-03 12:12:22	6738.38	-1494.11	-600.39	33009022	-131523677	-57010973	239063.5	-264640.6	-80908.5
2033-01-03 12:21:39	6387.52	2644.04	-455.24	33025472	-131520197	-57009465	239512.8	-264270.6	-80762.9
2033-01-03 12:30:57	3738.65	5830.93	-145.88	33041922	-131516715	-57007956	239961.5	-263900.1	-80617
2033-01-03 12:40:14	-255.26	6920.02	216.1	33058372	-131513232	-57006446	240409.6	-263528.8	-80471
2033-01-03 12:49:31	-4157.35	5519.5	500.13	33074821	-131509746	-57004936	240857	-263156.9	-80324.7
2033-01-03 12:58:48	-6563.79	2133.23	603.75	33091269	-131506260	-57003424	241303.9	-262784.3	-80178.3
2033-01-03 13:08:05	-6608.82	-2020.49	489.58	33107717	-131502771	-57001913	241750.1	-262411	-80031.6
2033-01-03 13:17:23	-4276.23	-5447.29	198.81	33124165	-131499281	-57000400	242195.7	-262037.1	-79884.7
2033-01-03 13:26:40	-405.19	-6914.3	-163.68	33140612	-131495789	-56998887	242640.7	-261662.5	-79737.7
2033-01-03 13:35:57	3611.64	-5893.76	-467.13	33157059	-131492295	-56997373	243085.1	-261287.2	-79590.4
2033-01-03 13:45:14	6329.14	-2752.83	-602.07	33173506	-131488799	-56995858	243528.8	-260911.3	-79442.9
2033-01-03 13:54:31	6769.65	1378.47	-519.83	33189952	-131485302	-56994342	243972	-260534.7	-79295.3
2033-01-03 14:03:48	4774.68	5013.82	-250.08	33206397	-131481804	-56992826	244414.5	-260157.5	-79147.4
2033-01-03 14:13:06	1061.95	6845.35	109.89	33222842	-131478303	-56991309	244856.3	-259779.6	-78999.4
2033-01-03 14:22:23	-3032.86	6214.12	430.21	33239287	-131474801	-56989791	245297.6	-259401	-78851.1
2033-01-03 14:31:40	-6036.56	3347.25	595.35	33255731	-131471297	-56988272	245738.2	-259021.8	-78702.6
2033-01-03 14:40:57	-6868.54	-723.85	545.73	33272175	-131467791	-56986753	246178.1	-258642	-78554
2033-01-03 14:50:14	-5229.46	-4534.51	299.25	33288618	-131464284	-56985233	246617.5	-258261.4	-78405.1
2033-01-03 14:59:31	-1709	-6713.78	-55.17	33305061	-131460775	-56983712	247056.2	-257880.3	-78256.1
2033-01-03 15:08:49	2426.31	-6477.63	-389.7	33321503	-131457264	-56982191	247494.3	-257498.4	-78106.8
2033-01-03 15:18:06	5688.74	-3911.03	-583.64	33337946	-131453751	-56980669	247931.7	-257115.9	-77957.4
2033-01-03 15:27:23	6904.57	62.62	-567.06	33354387	-131450237	-56979146	248368.6	-256732.8	-77807.7
2033-01-03 15:36:40	5636.39	4013.73	-345.92	33370828	-131446721	-56977622	248804.7	-256349	-77657.9
2033-01-03 15:45:57	2340.42	6520.81	0	33387269	-131443203	-56976097	249240.3	-255964.6	-77507.8
2033-01-03 15:55:15	-1797.55	6681.89	345.92	33403709	-131439684	-56974572	249675.2	-255579.5	-77357.6
2033-01-03 16:04:32	-5288.85	4439.04	567.06	33420149	-131436163	-56973046	250109.4	-255193.7	-77207.2
2033-01-03 16:13:49	-6877.42	599.16	583.64	33436588	-131432640	-56971520	250543	-254807.4	-77056.6
2033-01-03 16:23:06	-5991.74	-3456.26	389.7	33453027	-131429116	-56969992	250976	-254420.3	-76905.8
2033-01-03 16:32:23	-2950.44	-6268.21	55.17	33469466	-131425589	-56968464	251408.3	-254032.7	-76754.7
2033-01-03 16:41:40	1152.33	-6825.04	-299.25	33485904	-131422062	-56966935	251840	-253644.3	-76603.5
2033-01-03 16:50:58	4840.56	-4926.43	-545.73	33502342	-131418532	-56965406	252271	-253255.4	-76452.2
2033-01-03 17:00:15	6787.34	-1255.46	-595.35	33518779	-131415001	-56963875	252701.4	-252865.8	-76300.6
2033-01-03 17:09:32	6292.28	2867.18	-430.21	33535215	-131411468	-56962344	253131.2	-252475.5	-76148.8
2033-01-03 17:18:49	3533.48	5958.27	-109.89	33551652	-131407933	-56960812	253560.3	-252084.7	-75996.8
2033-01-03 17:28:06	-496.56	6905.76	250.08	33568088	-131404396	-56959280	253988.7	-251693.1	-75844.7
2033-01-03 17:37:24	-4347.96	5368.76	519.83	33584523	-131400858	-56957746	254416.5	-251301	-75692.3
2033-01-03 17:46:41	-6635.14	1900.25	602.07	33600958	-131397318	-56956212	254843.6	-250908.2	-75539.8
2033-01-03 17:55:58	-6535.24	-2251.89	467.13	33617393	-131393777	-56954677	255270.1	-250514.7	-75387
2033-01-03 18:05:15	-4084.19	-5593.85	163.68	33633827	-131390233	-56953142	255695.9	-250120.7	-75234.1
2033-01-03 18:14:32	-163.78	-6923.31	-198.81	33650260	-131386688	-56951606	256121.1	-249726	-75081
2033-01-03 18:23:49	3815.57	-5761.97	-489.58	33666693	-131383142	-56950069	256545.6	-249330.6	-74927.7
2033-01-03 18:33:07	6422.23	-2527.66	-603.75	33683126	-131379593	-56948531	256969.5	-248934.7	-74774.2
2033-01-03 18:42:24	6718.4	1616.01	-500.13	33699559	-131376043	-56946992	257392.6	-248538.1	-74620.5
2033-01-03 18:51:41	4597.54	5178.28	-216.1	33715990	-131372491	-56945453	257815.2	-248140.8	-74466.7
2033-01-03 19:00:58	822.63	6877.54	145.88	33732422	-131368938	-56943913	258237	-247743	-74312.6
2033-01-03 19:10:15	-3248.25	6102.47	455.24	33748853	-131365383	-56942372	258658.3	-247344.5	-74158.4
2033-01-03 19:19:33	-6150.54	3131.93	600.39	33765283	-131361826	-56940831	259078.8	-246945.4	-74004
2033-01-03 19:28:50	-6840.09	-965.37	528.96	33781713	-131358267	-56939289	259498.7	-246545.6	-73849.4
2033-01-03 19:38:07	-5068.82	-4715.34	266.72	33798143	-131354707	-56937746	259917.9	-246145.3	-73694.6
2033-01-03 19:47:24	-1473.96	-6768.87	-91.73	33814572	-131351145	-56936202	260336.4	-245744.3	-73539.6
2033-01-03 19:56:41	2651.19	-6387.16	-417.09	33831001	-131347581	-56934658	260754.3	-245342.6	-73384.4
2033-01-03 20:05:58	5822.56	-3707.55	-592	33847429	-131344015	-56933112	261171.5	-244940.4	-73229.1
2033-01-03 20:15:16	6899.19	305.91	-553.35	33863857	-131340448	-56931567	261588	-244537.5	-73073.5
2033-01-03 20:24:33	5493.73	4209.3	-315.1	33880285	-131336879	-56930020	262003.9	-244134.1	-72917.8
2033-01-03 20:33:50	2111.82	6598.29	36.81	33896712	-131333309	-56928472	262419.1	-243730	-72761.9
2033-01-03 20:43:07	-2029.86	6613.42	375.45	33913138	-131329736	-56926924	262833.6	-243325.3	-72605.8
2033-01-03 20:52:24	-5441.29	4249.24	578.65	33929564	-131326162	-56925376	263247.4	-242919.9	-72449.5
2033-01-03 21:01:41	-6895.15	356.33	573.12	33945990	-131322586	-56923826	263660.6	-242514	-72293.1
2033-01-03 21:10:59	-5868.38	-3664.76	360.85	33962415	-131319009	-56922276	264073.1	-242107.4	-72136.5
2033-01-03 21:20:16	-2730.37	-6367.36	18.41	33978840	-131315430	-56920725	264484.9	-241700.2	-71979.6
2033-01-03 21:29:33	1389.95	-6779.18	-330.67	33995264	-131311849	-56919173	264896	-241292.4	-71822.6
2033-01-03 21:38:50	5010.23	-4752.06	-560.47	34011688	-131308266	-56917620	265306.4	-240884	-71665.5
2033-01-03 21:48:07	6828.02	-1015.3	-588.09	34028111	-131304682	-56916067	265716.2	-240475	-71508.1
2033-01-03 21:57:25	6189.34	3086.71	-403.58	34044534	-131301096	-56914513	266125.3	-240065.4	-71350.6
2033-01-03 22:06:42	3323.95	6078.2	-73.49	34060957	-131297508	-56912958	266533.7	-239655.2	-71192.8
2033-01-03 22:15:59	-737.3	6882.94	283.12	34077379	-131293919	-56911403	266941.4	-239244.3	-71035
2033-01-03 22:25:16	-4533.31	5211.4	537.59	34093800	-131290328	-56909846	267348.4	-238832.9	-70876.9
2033-01-03 22:34:33	-6698.41	1664.97	598.15	34110221	-131286735	-56908289	267754.8	-238420.8	-70718.6
2033-01-03 22:43:50	-6453.66	-2480.44	442.93	34126642	-131283141	-56906732	268160.4	-238008.1	-70560.2
2033-01-03 22:53:08	-3887.12	-5733.46	127.94	34143062	-131279544	-56905173	268565.4	-237594.9	-70401.6
2033-01-03 23:02:25	77.89	-6923.74	-233.2	34159482	-131275946	-56903614	268969.6	-237181	-70242.8
2033-01-03 23:11:42	4014.89	-5623.07	-510.22	34175901	-131272347	-56902054	269373.2	-236766.5	-70083.8
2033-01-03 23:20:59	6507.49	-2299.4	-603.19	34192320	-131268745	-56900493	269776.1	-236351.5	-69924.7
2033-01-03 23:30:16	6658.94	1851.5	-478.58	34208739	-131265142	-56898932	270178.3	-235935.8	-69765.4
2033-01-03 23:39:34	4414.73	5336.28	-181.33	34225157	-131261538	-56897370	270579.8	-235519.5	-69605.9
2033-01-03 23:48:51	582.25	6901.21	181.33	34241574	-131257931	-56895807	270980.6	-235102.7	-69446.2
2033-01-03 23:58:08	-3459.73	5983.3	478.58	34257991	-131254323	-56894243	271380.7	-234685.2	-69286.4
2033-01-04 00:07:25	-6257.03	2912.79	603.19	34274408	-131250713	-56892679	271780.1	-234267.2	-69126.4
2033-01-04 00:16:42	-6803.28	-1205.64	510.22	34290824	-131247102	-56891114	272178.8	-233848.5	-68966.2
2033-01-04 00:25:59	-4901.96	-4890.3	233.2	34307240	-131243488	-56889548	272576.9	-233429.3	-68805.8
2033-01-04 00:35:17	-1237.07	-6815.56	-127.94	34323655	-131239873	-56887981	272974.2	-233009.4	-68645.3
2033-01-04 00:44:34	2872.89	-6288.79	-442.93	34340070	-131236257	-56886414	273370.8	-232589	-68484.6
2033-01-04 00:53:51	5949.3	-3499.51	-598.15	34356484	-131232638	-56884846	273766.7	-232168	-68323.7
2033-01-04 01:03:08	6885.38	548.76	-537.59	34372898	-131229018	-56883277	274161.9	-231746.4	-68162.6
2033-01-04 01:12:25	5344.34	4399.6	-283.12	34389312	-131225396	-56881707	274556.4	-231324.2	-68001.4
2033-01-04 01:21:43	1880.59	6667.58	73.49	34405725	-131221773	-56880137	274950.2	-230901.4	-67840
2033-01-04 01:31:00	-2259.75	6536.76	403.58	34422137	-131218148	-56878566	275343.3	-230478	-67678.4
2033-01-04 01:40:17	-5587.13	4054.22	588.09	34438549	-131214521	-56876994	275735.6	-230054.1	-67516.7
2033-01-04 01:49:34	-6904.47	113.12	560.47	34454961	-131210892	-56875422	276127.3	-229629.5	-67354.8
2033-01-04 01:58:51	-5737.83	-3868.67	330.67	34471372	-131207262	-56873849	276518.3	-229204.4	-67192.7
2033-01-04 02:08:08	-2506.91	-6458.61	-18.41	34487783	-131203630	-56872275	276908.5	-228778.7	-67030.5
2033-01-04 02:17:26	1625.92	-6724.93	-360.85	34504193	-131199996	-56870700	277298	-228352.4	-66868.1
2033-01-04 02:26:43	5173.82	-4571.84	-573.12	34520603	-131196360	-56869125	277686.9	-227925.6	-66705.5
2033-01-04 02:36:00	6860.37	-773.95	-578.65	34537012	-131192723	-56867548	278075	-227498.1	-66542.7
2033-01-04 02:45:17	6078.81	3302.37	-375.45	34553421	-131189084	-56865971	278462.4	-227070.1	-66379.8
2033-01-04 02:54:34	3110.31	6190.57	-36.81	34569830	-131185444	-56864394	278849	-226641.5	-66216.7
2033-01-04 03:03:51	-977.2	6851.6	315.1	34586238	-131181801	-56862815	279235	-226212.4	-66053.5
2033-01-04 03:13:09	-4713.16	5047.63	553.35	34602645	-131178157	-56861236	279620.2	-225782.6	-65890.1
2033-01-04 03:22:26	-6753.5	1427.69	592	34619052	-131174512	-56859656	280004.8	-225352.3	-65726.5
2033-01-04 03:31:43	-6364.19	-2705.87	417.09	34635459	-131170864	-56858076	280388.6	-224921.4	-65562.7
2033-01-04 03:41:00	-3685.25	-5865.92	91.73	34651865	-131167215	-56856494	280771.6	-224490	-65398.8
2033-01-04 03:50:17	319.52	-6915.59	-266.72	34668271	-131163564	-56854912	281154	-224057.9	-65234.7
2033-01-04 03:59:35	4209.36	-5477.23	-528.96	34684676	-131159912	-56853329	281535.6	-223625.3	-65070.5
2033-01-04 04:08:52	6584.83	-2068.35	-600.39	34701081	-131156258	-56851746	281916.6	-223192.2	-64906.1
2033-01-04 04:18:09	6591.33	2084.64	-455.24	34717485	-131152602	-56850162	282296.7	-222758.5	-64741.5
2033-01-04 04:27:26	4226.49	5487.63	-145.88	34733889	-131148944	-56848577	282676.2	-222324.2	-64576.8
2033-01-04 04:36:43	341.1	6916.32	216.1	34750292	-131145285	-56846991	283054.9	-221889.3	-64411.9
2033-01-04 04:46:00	-3667.03	5856.74	500.13	34766695	-131141624	-56845404	283432.9	-221453.9	-64246.8
2033-01-04 04:55:18	-6355.9	2690.08	603.75	34783098	-131137961	-56843817	283810.2	-221017.9	-64081.6
2033-01-04 05:04:35	-6758.16	-1444.36	489.58	34799500	-131134297	-56842229	284186.8	-220581.4	-63916.2
2033-01-04 05:13:52	-4729.07	-5059.15	198.81	34815902	-131130630	-56840640	284562.6	-220144.3	-63750.7
2033-01-04 05:23:09	-998.61	-6853.8	-163.68	34832303	-131126963	-56839051	284937.7	-219706.6	-63585
2033-01-04 05:32:26	3091.13	-6182.66	-467.13	34848703	-131123293	-56837461	285312	-219268.4	-63419.1
2033-01-04 05:41:44	6068.81	-3287.2	-602.07	34865104	-131119622	-56835870	285685.6	-218829.6	-63253.1
2033-01-04 05:51:01	6863.15	790.88	-519.83	34881503	-131115949	-56834278	286058.5	-218390.3	-63086.9
2033-01-04 06:00:18	5188.38	4584.4	-250.08	34897903	-131112274	-56832685	286430.7	-217950.4	-62920.6
2033-01-04 06:09:35	1647	6728.59	109.89	34914301	-131108598	-56831092	286802.1	-217510	-62754.1
2033-01-04 06:18:52	-2486.93	6452.03	430.21	34930700	-131104920	-56829498	287172.8	-217069	-62587.5
2033-01-04 06:28:09	-5726.17	3854.23	595.35	34947098	-131101240	-56827904	287542.7	-216627.4	-62420.7
2033-01-04 06:37:27	-6905.35	-130.18	545.73	34963495	-131097558	-56826308	287911.9	-216185.4	-62253.7
2033-01-04 06:46:44	-5600.22	-4067.74	299.25	34979892	-131093875	-56824712	288280.3	-215742.7	-62086.6
2033-01-04 06:56:01	-2280.33	-6541.84	-55.17	34996289	-131090190	-56823115	288648	-215299.5	-61919.3
2033-01-04 07:05:18	1859.96	-6662.38	-389.7	35012685	-131086504	-56821518	289015	-214855.8	-61751.8
2033-01-04 07:14:35	5331.13	-4386	-583.64	35029080	-131082815	-56819920	289381.2	-214411.5	-61584.3
2033-01-04 07:23:52	6884.35	-531.69	-567.06	35045475	-131079125	-56818320	289746.7	-213966.7	-61416.5
2033-01-04 07:33:10	5960.83	3513.88	-345.92	35061870	-131075434	-56816721	290111.5	-213521.4	-61248.6
2033-01-04 07:42:27	2892.81	6295.25	0	35078264	-131071740	-56815120	290475.5	-213075.5	-61080.6
2033-01-04 07:51:44	-1215.96	6811.78	345.92	35094658	-131068045	-56813519	290838.7	-212629	-60912.4
2033-01-04 08:01:01	-4887.29	4877.64	567.06	35111051	-131064348	-56811917	291201.2	-212182	-60744
2033-01-04 08:10:18	-6800.36	1188.69	583.64	35127444	-131060650	-56810314	291562.9	-211734.5	-60575.5
2033-01-04 08:19:36	-6266.91	-2927.9	389.7	35143837	-131056950	-56808711	291923.9	-211286.5	-60406.8
2033-01-04 08:28:53	-3478.83	-5991.1	55.17	35160228	-131053248	-56807106	292284.2	-210837.9	-60238
2033-01-04 08:38:10	560.82	-6898.88	-299.25	35176620	-131049544	-56805501	292643.7	-210388.7	-60069
2033-01-04 08:47:27	4398.73	-5324.66	-545.73	35193011	-131045839	-56803896	293002.4	-209939.1	-59899.9
2033-01-04 08:56:44	6654.14	-1834.8	-595.35	35209401	-131042132	-56802289	293360.4	-209488.9	-59730.7
2033-01-04 09:06:01	6515.64	2315.14	-430.21	35225791	-131038423	-56800682	293717.6	-209038.2	-59561.2
2033-01-04 09:15:19	4033.04	5632.15	-109.89	35242181	-131034712	-56799074	294074.1	-208586.9	-59391.7
2033-01-04 09:24:36	99.47	6922.87	250.08	35258570	-131031000	-56797466	294429.8	-208135.1	-59222
2033-01-04 09:33:53	-3869.9	5722.96	519.83	35274959	-131027286	-56795856	294784.8	-207682.8	-59052.1
2033-01-04 09:43:10	-6447.03	2464.11	602.07	35291347	-131023571	-56794246	295139	-207230	-58882.1
2033-01-04 09:52:27	-6704.76	-1681.23	467.13	35307735	-131019854	-56792635	295492.4	-206776.6	-58711.9
2033-01-04 10:01:45	-4550.35	-5221.69	163.68	35324122	-131016135	-56791024	295845.1	-206322.7	-58541.6
2033-01-04 10:11:02	-758.87	-6883.54	-198.81	35340509	-131012414	-56789411	296197.1	-205868.3	-58371.1
2033-01-04 10:20:19	3305.65	-6068.9	-489.58	35356895	-131008692	-56787798	296548.2	-205413.4	-58200.5
2033-01-04 10:29:36	6180.92	-3070.87	-603.75	35373281	-131004968	-56786184	296898.6	-204957.9	-58029.8
2033-01-04 10:38:53	6832.53	1031.95	-500.13	35389666	-131001242	-56784570	297248.3	-204502	-57858.9
2033-01-04 10:48:10	5026.04	4763.49	-216.1	35406051	-130997514	-56782955	297597.1	-204045.5	-57687.9
2033-01-04 10:57:28	1411.34	6781.25	145.88	35422435	-130993785	-56781339	297945.2	-203588.5	-57516.7
2033-01-04 11:06:45	-2711.13	6359.33	455.24	35438819	-130990054	-56779722	298292.6	-203131	-57345.3
2033-01-04 11:16:02	-5858.25	3649.52	600.39	35455203	-130986322	-56778104	298639.2	-202672.9	-57173.9
2033-01-04 11:25:19	-6897.79	-373.25	528.96	35471586	-130982588	-56776486	298985	-202214.4	-57002.3
2033-01-04 11:34:36	-5455.74	-4261.72	266.72	35487969	-130978852	-56774867	299330	-201755.3	-56830.5
2033-01-04 11:43:54	-2050.91	-6616.94	-91.73	35504351	-130975114	-56773247	299674.3	-201295.7	-56658.6
2033-01-04 11:53:11	2091.8	-6591.59	-417.09	35520732	-130971375	-56771627	300017.8	-200835.6	-56486.5
2033-01-04 12:02:28	5481.96	-4194.78	-592	35537113	-130967633	-56770006	300360.5	-200375	-56314.4
2033-01-04 12:11:45	6899.92	-288.85	-553.35	35553494	-130963891	-56768384	300702.4	-199913.9	-56142
2033-01-04 12:21:02	5835.54	3720.99	-315.1	35569874	-130960146	-56766761	301043.6	-199452.3	-55969.6
2033-01-04 12:30:19	2671.72	6392.11	36.81	35586254	-130956400	-56765138	301384	-198990.2	-55797
2033-01-04 12:39:37	-1453.3	6763.54	375.45	35602633	-130952652	-56763514	301723.6	-198527.6	-55624.2
2033-01-04 12:48:54	-5055.5	4701.66	578.65	35619012	-130948903	-56761889	302062.5	-198064.5	-55451.3
2033-01-04 12:58:11	-6838.92	948.29	573.12	35635391	-130945151	-56760263	302400.6	-197600.9	-55278.3
2033-01-04 13:07:28	-6161.94	-3146.24	360.85	35651768	-130941398	-56758637	302737.9	-197136.7	-55105.1
2033-01-04 13:16:45	-3268.11	-6108.82	18.41	35668146	-130937644	-56757010	303074.4	-196672.1	-54931.8
2033-01-04 13:26:02	801.5	-6873.63	-330.67	35684523	-130933887	-56755382	303410.1	-196207	-54758.4
2033-01-04 13:35:20	4582.77	-5165.53	-560.47	35700899	-130930129	-56753754	303745.1	-195741.4	-54584.8
2033-01-04 13:44:37	6715.34	-1599.04	-588.09	35717275	-130926369	-56752124	304079.3	-195275.3	-54411.1
2033-01-04 13:53:54	6431.97	2542.72	-403.58	35733651	-130922608	-56750494	304412.7	-194808.7	-54237.2
2033-01-04 14:03:11	3834.6	5769.66	-73.49	35750026	-130918845	-56748864	304745.3	-194341.6	-54063.3
2033-01-04 14:12:28	-142.34	6920.85	283.12	35766400	-130915080	-56747232	305077.1	-193874	-53889.1
2033-01-04 14:21:46	-4068.09	5582.13	537.59	35782774	-130911313	-56745600	305408.2	-193405.9	-53714.9
2033-01-04 14:31:03	-6530.31	2235.15	598.15	35799148	-130907545	-56743967	305738.4	-192937.3	-53540.5
2033-01-04 14:40:20	-6643.15	-1915.96	442.93	35815521	-130903775	-56742333	306067.9	-192468.2	-53365.9
2033-01-04 14:49:37	-4366.02	-5377.74	127.94	35831894	-130900003	-56740699	306396.6	-191998.7	-53191.3
2033-01-04 14:58:54	-518.13	-6904.76	-233.2	35848266	-130896230	-56739064	306724.5	-191528.6	-53016.5
2033-01-04 15:08:11	3516.18	-5947.67	-510.22	35864638	-130892455	-56737428	307051.6	-191058.1	-52841.6
2033-01-04 15:17:29	6285.51	-2850.79	-603.19	35881009	-130888678	-56735791	307377.9	-190587.1	-52666.5
2033-01-04 15:26:46	6793.55	1271.68	-478.58	35897380	-130884899	-56734154	307703.4	-190115.6	-52491.3
2033-01-04 15:36:03	4857.51	4936.63	-181.33	35913750	-130881119	-56732516	308028.2	-189643.7	-52316
2033-01-04 15:45:20	1173.89	6825.52	181.33	35930120	-130877337	-56730877	308352.1	-189171.2	-52140.5
2033-01-04 15:54:37	-2932.08	6258.79	478.58	35946489	-130873554	-56729237	308675.3	-188698.3	-51965
2033-01-04 16:03:55	-5983.2	3440.35	603.19	35962858	-130869768	-56727597	308997.6	-188224.9	-51789.2
2033-01-04 16:13:12	-6881.79	-615.8	510.22	35979227	-130865981	-56725956	309319.2	-187751	-51613.4
2033-01-04 16:22:29	-5304.55	-4450.38	233.2	35995595	-130862193	-56724314	309640	-187276.6	-51437.4
2033-01-04 16:31:46	-1818.91	-6683.84	-127.94	36011962	-130858402	-56722672	309960	-186801.8	-51261.3
2033-01-04 16:41:03	2321.13	-6512.66	-442.93	36028329	-130854610	-56721028	310279.1	-186326.5	-51085.1
2033-01-04 16:50:20	5626.13	-3998.43	-598.15	36044695	-130850816	-56719384	310597.5	-185850.7	-50908.7
2033-01-04 16:59:38	6907.06	-45.71	-537.59	36061061	-130847021	-56717740	310915.1	-185374.5	-50732.2
2033-01-04 17:08:55	5703.07	3923.44	-283.12	36077427	-130843224	-56716094	311231.9	-184897.8	-50555.6
2033-01-04 17:18:12	2447.31	6481.04	73.49	36093792	-130839425	-56714448	311547.9	-184420.6	-50378.9
2033-01-04 17:27:29	-1688.93	6706.95	403.58	36110157	-130835624	-56712801	311863.1	-183942.9	-50202
2033-01-04 17:36:46	-5217.57	4519.92	588.09	36126521	-130831822	-56711153	312177.4	-183464.8	-50025
2033-01-04 17:46:04	-6869.13	706.77	560.47	36142884	-130828018	-56709505	312491	-182986.2	-49847.9
2033-01-04 17:55:21	-6049.42	-3360.62	330.67	36159248	-130824212	-56707856	312803.8	-182507.2	-49670.7
2033-01-04 18:04:38	-3053.33	-6218.96	-18.41	36175610	-130820405	-56706206	313115.8	-182027.7	-49493.3
2033-01-04 18:13:55	1041.26	-6839.89	-360.85	36191973	-130816596	-56704555	313426.9	-181547.7	-49315.8
2033-01-04 18:23:12	4761.26	-5000.05	-573.12	36208334	-130812785	-56702904	313737.3	-181067.3	-49138.2
2033-01-04 18:32:29	6768.34	-1361.36	-578.65	36224696	-130808973	-56701252	314046.9	-180586.4	-48960.5
2033-01-04 18:41:47	6340.41	2767.08	-375.45	36241056	-130805158	-56699599	314355.6	-180105.1	-48782.6
2033-01-04 18:51:04	3631.42	5900	-36.81	36257417	-130801342	-56697946	314663.5	-179623.3	-48604.6
2033-01-04 19:00:21	-384.05	6910.27	315.1	36273776	-130797525	-56696291	314970.7	-179141	-48426.5
2033-01-04 19:09:38	-4261.37	5434.44	553.35	36290136	-130793706	-56694636	315277	-178658.3	-48248.3
2033-01-04 19:18:55	-6605.62	2003.48	592	36306495	-130789885	-56692980	315582.5	-178175.2	-48070
2033-01-04 19:28:12	-6573.4	-2148.25	417.09	36322853	-130786062	-56691324	315887.2	-177691.6	-47891.5
2033-01-04 19:37:30	-4176.3	-5527.08	91.73	36339211	-130782238	-56689667	316191.1	-177207.5	-47712.9
2033-01-04 19:46:47	-276.7	-6917.43	-266.72	36355568	-130778411	-56688009	316494.2	-176723	-47534.2
2033-01-04 19:56:04	3722.47	-5819.1	-528.96	36371925	-130774584	-56686350	316796.4	-176238.1	-47355.4
2033-01-04 20:05:21	6382.45	-2627.26	-600.39	36388282	-130770754	-56684691	317097.9	-175752.7	-47176.5
2033-01-04 20:14:38	6746.25	1509.78	-455.24	36404638	-130766923	-56683030	317398.5	-175266.8	-46997.4
2033-01-04 20:23:56	4682.99	5103.62	-145.88	36420993	-130763090	-56681370	317698.3	-174780.5	-46818.2
2033-01-04 20:33:13	934.93	6861.32	216.1	36437348	-130759256	-56679708	317997.4	-174293.8	-46639
2033-01-04 20:42:30	-3149.5	6150.54	500.13	36453703	-130755419	-56678046	318295.5	-173806.7	-46459.6
2033-01-04 20:51:47	-6100.87	3226.99	603.75	36470057	-130751581	-56676382	318592.9	-173319	-46280
2033-01-04 21:01:04	-6857.37	-857.51	489.58	36486410	-130747742	-56674719	318889.5	-172831	-46100.4
2033-01-04 21:10:21	-5146.83	-4633.49	198.81	36502763	-130743900	-56673054	319185.2	-172342.5	-45920.6
2033-01-04 21:19:39	-1584.62	-6742.46	-163.68	36519116	-130740057	-56671389	319480.1	-171853.6	-45740.8
2033-01-04 21:28:56	2547.69	-6425.7	-467.13	36535468	-130736213	-56669723	319774.2	-171364.3	-45560.8
2033-01-04 21:38:13	5763.46	-3797.18	-602.07	36551820	-130732366	-56668056	320067.5	-170874.5	-45380.7
2033-01-04 21:47:30	6905.75	197.42	-519.83	36568171	-130728518	-56666388	320359.9	-170384.3	-45200.5
2033-01-04 21:56:47	5563.59	4120.98	-250.08	36584522	-130724668	-56664720	320651.5	-169893.6	-45020.2
2033-01-04 22:06:05	2219.83	6561.92	109.89	36600872	-130720817	-56663051	320942.3	-169402.6	-44839.7
2033-01-04 22:15:22	-1922.56	6642.08	430.21	36617222	-130716963	-56661381	321232.3	-168911.1	-44659.2
2033-01-04 22:24:39	-5373.31	4332.63	595.35	36633571	-130713108	-56659711	321521.5	-168419.1	-44478.5
2033-01-04 22:33:56	-6890.94	464.46	545.73	36649920	-130709252	-56658040	321809.8	-167926.8	-44297.8
2033-01-04 22:43:13	-5929.45	-3570.8	299.25	36666268	-130705393	-56656368	322097.3	-167434	-44116.9
2033-01-04 22:52:30	-2834.75	-6321.37	-55.17	36682616	-130701533	-56654695	322384	-166940.8	-43935.9
2033-01-04 23:01:48	1279.82	-6797.7	-389.7	36698963	-130697672	-56653022	322669.8	-166447.2	-43754.8
2033-01-04 23:11:05	4933.97	-4828.44	-583.64	36715310	-130693808	-56651347	322954.8	-165953.1	-43573.6
2033-01-04 23:20:22	6813.07	-1122.07	-567.06	36731656	-130689943	-56649673	323239	-165458.7	-43392.3
2033-01-04 23:29:39	6241.07	2987.97	-345.92	36748002	-130686076	-56647997	323522.4	-164963.8	-43210.8
2033-01-04 23:38:56	3423.74	6023	0	36764347	-130682208	-56646321	323804.9	-164468.5	-43029.3
2033-01-04 23:48:14	-625.35	6891.14	345.92	36780692	-130678338	-56644644	324086.6	-163972.8	-42847.7
2033-01-04 23:57:31	-4449.48	5280.07	567.06	36797036	-130674466	-56642966	324367.5	-163476.7	-42665.9
2033-01-05 00:06:48	-6672.87	1769.4	583.64	36813380	-130670592	-56641287	324647.5	-162980.2	-42484.1
2033-01-05 00:16:05	-6495.59	-2377.82	389.7	36829724	-130666717	-56639608	324926.7	-162483.2	-42302.1
2033-01-05 00:25:22	-3981.42	-5669.55	55.17	36846067	-130662840	-56637928	325205.1	-161985.9	-42120.1
2033-01-05 00:34:39	-34.86	-6921.55	-299.25	36862409	-130658961	-56636247	325482.6	-161488.1	-41937.9
2033-01-05 00:43:57	3924.27	-5683.39	-545.73	36878751	-130655081	-56634566	325759.3	-160989.9	-41755.6
2033-01-05 00:53:14	6471.6	-2400.53	-595.35	36895092	-130651199	-56632884	326035.1	-160491.3	-41573.2
2033-01-05 01:02:31	6690.68	1745.94	-430.21	36911433	-130647315	-56631201	326310.2	-159992.4	-41390.8
2033-01-05 01:11:48	4502.68	5264.25	-109.89	36927774	-130643429	-56629517	326584.4	-159493	-41208.2
2033-01-05 01:21:05	694.76	6888.64	250.08	36944114	-130639542	-56627832	326857.7	-158993.2	-41025.5
2033-01-05 01:30:22	-3363.13	6034.71	519.83	36960453	-130635653	-56626147	327130.2	-158493	-40842.7
2033-01-05 01:39:40	-6211.11	3009.69	602.07	36976792	-130631763	-56624461	327401.9	-157992.4	-40659.8
2033-01-05 01:48:57	-6824.55	-1098.1	467.13	36993131	-130627870	-56622775	327672.7	-157491.4	-40476.8
2033-01-05 01:58:14	-4982.76	-4810.81	163.68	37009469	-130623977	-56621087	327942.7	-156990	-40293.7
2033-01-05 02:07:31	-1348.33	-6792.72	-198.81	37025806	-130620081	-56619399	328211.8	-156488.2	-40110.6
2033-01-05 02:16:48	2771.2	-6330.82	-489.58	37042143	-130616184	-56617711	328480.1	-155986.1	-39927.3
2033-01-05 02:26:06	5893.78	-3591.3	-603.75	37058480	-130612284	-56616021	328747.6	-155483.5	-39743.9
2033-01-05 02:35:23	6895.99	440.24	-500.13	37074816	-130608384	-56614331	329014.2	-154980.5	-39560.4
2033-01-05 02:44:40	5417.26	4313.37	-216.1	37091152	-130604481	-56612640	329280	-154477.2	-39376.8
2033-01-05 02:53:57	1989.58	6634.67	145.88	37107487	-130600577	-56610948	329544.9	-153973.4	-39193.1
2033-01-05 03:03:14	-2153.91	6569.02	455.24	37123821	-130596671	-56609255	329809	-153469.3	-39009.3
2033-01-05 03:12:31	-5522.51	4140.05	600.39	37140155	-130592764	-56607562	330072.2	-152964.8	-38825.5
2033-01-05 03:21:49	-6904.32	221.63	528.96	37156489	-130588855	-56605868	330334.6	-152459.9	-38641.5
2033-01-05 03:31:06	-5802.2	-3776.49	266.72	37172822	-130584944	-56604173	330596.2	-151954.6	-38457.4
2033-01-05 03:40:23	-2612.64	-6415.94	-91.73	37189155	-130581031	-56602478	330856.9	-151448.9	-38273.3
2033-01-05 03:49:40	1516.88	-6747.12	-417.09	37205487	-130577117	-56600782	331116.7	-150942.9	-38089
2033-01-05 03:58:57	5100.7	-4650.91	-592	37221819	-130573201	-56599085	331375.7	-150436.5	-37904.6
2033-01-05 04:08:15	6849.48	-881.46	-553.35	37238150	-130569283	-56597387	331633.9	-149929.7	-37720.2
2033-01-05 04:17:32	6134.06	3205.09	-315.1	37254481	-130565364	-56595689	331891.2	-149422.5	-37535.6
2033-01-05 04:26:49	3211.81	6138.53	36.81	37270811	-130561443	-56593990	332147.6	-148914.9	-37351
2033-01-05 04:36:06	-865.96	6863.51	375.45	37287140	-130557520	-56592290	332403.2	-148407	-37166.3
2033-01-05 04:45:23	-4632.21	5119.22	578.65	37303470	-130553595	-56590589	332658	-147898.7	-36981.5
2033-01-05 04:54:40	-6731.97	1533.21	573.12	37319798	-130549669	-56588888	332911.9	-147390	-36796.5
2033-01-05 05:03:58	-6409.8	-2604.38	360.85	37336126	-130545741	-56587186	333164.9	-146880.9	-36611.5
2033-01-05 05:13:15	-3781.61	-5804.97	18.41	37352454	-130541812	-56585483	333417.1	-146371.5	-36426.5
2033-01-05 05:22:32	207.1	-6917.1	-330.67	37368781	-130537881	-56583780	333668.4	-145861.7	-36241.3
2033-01-05 05:31:49	4121.32	-5540.68	-560.47	37385108	-130533948	-56582076	333918.9	-145351.6	-36056
2033-01-05 05:41:06	6552.85	-2170.91	-588.09	37401434	-130530013	-56580371	334168.5	-144841	-35870.6
2033-01-05 05:50:24	6626.9	1979.87	-403.58	37417760	-130526077	-56578665	334417.3	-144330.1	-35685.2
2033-01-05 05:59:41	4316.82	5418.33	-73.49	37434085	-130522139	-56576959	334665.2	-143818.9	-35499.6
2033-01-05 06:08:58	453.67	6907.43	283.12	37450410	-130518199	-56575251	334912.2	-143307.3	-35314
2033-01-05 06:18:15	-3572.71	5911.46	537.59	37466734	-130514258	-56573543	335158.4	-142795.3	-35128.3
2033-01-05 06:27:32	-6313.77	2788.74	598.15	37483058	-130510314	-56571835	335403.8	-142283	-34942.5
2033-01-05 06:36:49	-6783.37	-1337.26	442.93	37499381	-130506370	-56570125	335648.2	-141770.3	-34756.6
2033-01-05 06:46:07	-4812.54	-4982.13	127.94	37515704	-130502423	-56568415	335891.8	-141257.2	-34570.6
2033-01-05 06:55:24	-1110.32	-6834.57	-233.2	37532026	-130498475	-56566705	336134.6	-140743.8	-34384.6
2033-01-05 07:04:41	2991.39	-6228.15	-510.22	37548348	-130494525	-56564993	336376.5	-140230.1	-34198.4
2033-01-05 07:13:58	6016.92	-3381.04	-603.19	37564669	-130490573	-56563281	336617.5	-139716	-34012.2
2033-01-05 07:23:15	6877.78	682.44	-478.58	37580990	-130486620	-56561568	336857.7	-139201.5	-33825.9
2033-01-05 07:32:32	5264.25	4500.37	-181.33	37597310	-130482665	-56559854	337097	-138686.7	-33639.5
2033-01-05 07:41:50	1756.82	6699.2	181.33	37613630	-130478709	-56558139	337335.4	-138171.5	-33453
2033-01-05 07:51:07	-2382.68	6487.86	478.58	37629950	-130474750	-56556424	337573	-137656	-33266.4
2033-01-05 08:00:24	-5665	3942.4	603.19	37646268	-130470790	-56554708	337809.7	-137140.2	-33079.8
2033-01-05 08:09:41	-6909.25	-21.39	510.22	37662587	-130466828	-56552991	338045.6	-136624	-32893.1
2033-01-05 08:18:58	-5667.8	-3977.46	233.2	37678904	-130462865	-56551274	338280.6	-136107.4	-32706.3
2033-01-05 08:28:16	-2387.26	-6502.55	-127.94	37695222	-130458900	-56549556	338514.7	-135590.6	-32519.4
2033-01-05 08:37:33	1752.16	-6688.22	-442.93	37711539	-130454933	-56547837	338747.9	-135073.3	-32332.4
2033-01-05 08:46:50	5261.23	-4467.69	-598.15	37727855	-130450965	-56546117	338980.3	-134555.8	-32145.4
2033-01-05 08:56:07	6877.51	-639.84	-537.59	37744171	-130446994	-56544397	339211.8	-134037.9	-31958.2
2033-01-05 09:05:24	6019.5	3418.19	-283.12	37760486	-130443023	-56542676	339442.5	-133519.6	-31771
2033-01-05 09:14:41	2995.88	6246.43	73.49	37776801	-130439049	-56540954	339672.2	-133001.1	-31583.7
2033-01-05 09:23:59	-1105.59	6827.4	403.58	37793115	-130435074	-56539231	339901.2	-132482.2	-31396.4
2033-01-05 09:33:16	-4809.32	4952.09	588.09	37809429	-130431097	-56537508	340129.2	-131962.9	-31208.9
2033-01-05 09:42:33	-6782.84	1295.19	560.47	37825742	-130427118	-56535784	340356.4	-131443.4	-31021.4
2033-01-05 09:51:50	-6316.14	-2827.66	330.67	37842055	-130423138	-56534059	340582.7	-130923.5	-30833.8
2033-01-05 10:01:07	-3577.1	-5933.18	-18.41	37858367	-130419156	-56532334	340808.1	-130403.2	-30646.2
2033-01-05 10:10:25	448.88	-6904.12	-360.85	37874679	-130415172	-56530608	341032.6	-129882.7	-30458.4
2033-01-05 10:19:42	4313.39	-5391.18	-573.12	37890990	-130411187	-56528881	341256.3	-129361.8	-30270.6
2033-01-05 10:28:59	6626.1	-1938.68	-578.65	37907301	-130407199	-56527153	341479.1	-128840.6	-30082.7
2033-01-05 10:38:16	6554.99	2211.28	-375.45	37923611	-130403211	-56525425	341701.1	-128319.1	-29894.7
2033-01-05 10:47:33	4125.61	5565.66	-36.81	37939921	-130399220	-56523695	341922.1	-127797.2	-29706.7
2033-01-05 10:56:50	211.95	6917.68	315.1	37956231	-130395228	-56521966	342142.3	-127275.1	-29518.6
2033-01-05 11:06:08	-3777.97	5780.94	553.35	37972539	-130391234	-56520235	342361.6	-126752.6	-29330.4
2033-01-05 11:15:25	-6408.74	2564.41	592	37988848	-130387238	-56518504	342580.1	-126229.8	-29142.1
2033-01-05 11:24:42	-6733.87	-1574.69	417.09	38005155	-130383241	-56516771	342797.6	-125706.6	-28953.8
2033-01-05 11:33:59	-4636.38	-5147.25	91.73	38021463	-130379242	-56515039	343014.3	-125183.2	-28765.4
2033-01-05 11:43:16	-870.87	-6867.97	-266.72	38037769	-130375242	-56513305	343230.1	-124659.4	-28576.9
2033-01-05 11:52:33	3207.98	-6117.81	-528.96	38054076	-130371239	-56511571	343445.1	-124135.4	-28388.4
2033-01-05 12:01:51	6132.72	-3166.67	-600.39	38070382	-130367235	-56509836	343659.1	-123611	-28199.8
2033-01-05 12:11:08	6851.14	923.72	-455.24	38086687	-130363229	-56508100	343872.3	-123086.3	-28011.1
2033-01-05 12:20:25	5104.75	4681.76	-145.88	38102992	-130359222	-56506364	344084.6	-122561.3	-27822.3
2033-01-05 12:29:42	1521.83	6755.44	216.1	38119296	-130355213	-56504626	344296	-122036	-27633.5
2033-01-05 12:38:59	-2608.61	6398.72	500.13	38135600	-130351202	-56502888	344506.5	-121510.4	-27444.6
2033-01-05 12:48:17	-5800.59	3739.95	603.75	38151903	-130347190	-56501150	344716.2	-120984.5	-27255.7
2033-01-05 12:57:34	-6905.72	-264.31	489.58	38168206	-130343175	-56499410	344925	-120458.3	-27066.7
2033-01-05 13:06:51	-5526.42	-4173.46	198.81	38184508	-130339160	-56497670	345132.9	-119931.8	-26877.6
2033-01-05 13:16:08	-2158.88	-6581.11	-163.68	38200810	-130335142	-56495929	345339.9	-119405	-26688.4
2033-01-05 13:25:25	1985.36	-6621.08	-467.13	38217111	-130331123	-56494188	345546	-118877.9	-26499.2
2033-01-05 13:34:42	5415.37	-4279	-602.07	38233412	-130327102	-56492445	345751.2	-118350.5	-26309.9
2033-01-05 13:44:00	6897.13	-397.5	-519.83	38249712	-130323079	-56490702	345955.6	-117822.8	-26120.6
2033-01-05 13:53:17	5897.54	3626.99	-250.08	38266012	-130319055	-56488958	346159.1	-117294.8	-25931.2
2033-01-05 14:02:34	2776.21	6346.59	109.89	38282311	-130315029	-56487214	346361.7	-116766.5	-25741.7
2033-01-05 14:11:51	-1343.93	6782.87	430.21	38298609	-130311001	-56485469	346563.4	-116237.9	-25552.1
2033-01-05 14:21:08	-4980.59	4778.9	595.35	38314908	-130306972	-56483723	346764.2	-115709	-25362.6
2033-01-05 14:30:26	-6825.42	1055.65	545.73	38331205	-130302941	-56481976	346964.1	-115179.8	-25172.9
2033-01-05 14:39:43	-6214.7	-3047.37	299.25	38347503	-130298908	-56480228	347163.2	-114650.4	-24983.2
2033-01-05 14:49:00	-3368.14	-6054.02	-55.17	38363799	-130294873	-56478480	347361.4	-114120.6	-24793.4
2033-01-05 14:58:17	690.18	-6882.61	-389.7	38380095	-130290837	-56476731	347558.6	-113590.6	-24603.5
2033-01-05 15:07:34	4500.23	-5235.06	-583.64	38396391	-130286799	-56474982	347755	-113060.3	-24413.6
2033-01-05 15:16:51	6691.26	-1704.12	-567.06	38412686	-130282760	-56473231	347950.5	-112529.7	-24223.7
2033-01-05 15:26:09	6475.02	2439.89	-345.92	38428981	-130278719	-56471480	348145.2	-111998.8	-24033.6
2033-01-05 15:35:26	3929.28	5706.08	0	38445275	-130274676	-56469728	348338.9	-111467.7	-23843.6
2033-01-05 15:44:43	-30.1	6919.39	345.92	38461569	-130270631	-56467976	348531.7	-110936.2	-23653.4
2033-01-05 15:54:00	-3978.67	5643.33	567.06	38477862	-130266585	-56466222	348723.7	-110404.5	-23463.2
2033-01-05 16:03:17	-6495.88	2336.99	583.64	38494154	-130262537	-56464468	348914.7	-109872.6	-23273
2033-01-05 16:12:35	-6676.09	-1810.1	389.7	38510447	-130258487	-56462714	349104.9	-109340.3	-23082.7
2033-01-05 16:21:52	-4454.48	-5305.95	55.17	38526738	-130254436	-56460958	349294.2	-108807.8	-22892.3
2033-01-05 16:31:09	-630.27	-6892.88	-299.25	38543029	-130250383	-56459202	349482.6	-108275	-22701.9
2033-01-05 16:40:26	3420.7	-5999.96	-545.73	38559320	-130246328	-56457445	349670.1	-107741.9	-22511.4
2033-01-05 16:49:43	6241.05	-2948.46	-595.35	38575610	-130242271	-56455687	349856.7	-107208.5	-22320.9
2033-01-05 16:59:00	6816.09	1163.78	-430.21	38591899	-130238213	-56453929	350042.4	-106674.9	-22130.3
2033-01-05 17:08:18	4938.93	4857.31	-109.89	38608188	-130234154	-56452169	350227.2	-106141.1	-21939.6
2033-01-05 17:17:35	1284.9	6803.31	250.08	38624477	-130230092	-56450410	350411.1	-105606.9	-21749
2033-01-05 17:26:52	-2831.42	6301.7	519.83	38640765	-130226029	-56448649	350594.2	-105072.5	-21558.2
2033-01-05 17:36:09	-5929.11	3532.95	602.07	38657053	-130221964	-56446888	350776.3	-104537.9	-21367.4
2033-01-05 17:45:26	-6893.73	-506.83	467.13	38673340	-130217897	-56445125	350957.5	-104002.9	-21176.6
2033-01-05 17:54:43	-5378.22	-4364.24	163.68	38689626	-130213829	-56443363	351137.9	-103467.7	-20985.7
2033-01-05 18:04:01	-1927.79	-6651.52	-198.81	38705912	-130209759	-56441599	351317.4	-102932.3	-20794.7
2033-01-05 18:13:18	2216.21	-6545.78	-489.58	38722198	-130205688	-56439835	351495.9	-102396.6	-20603.7
2033-01-05 18:22:35	5562.92	-4085.1	-603.75	38738482	-130201614	-56438070	351673.6	-101860.6	-20412.7
2033-01-05 18:31:52	6908.29	-154.74	-500.13	38754767	-130197539	-56436304	351850.3	-101324.4	-20221.6
2033-01-05 18:41:09	5768.3	3831.26	-216.1	38771051	-130193462	-56434538	352026.2	-100788	-20030.4
2033-01-05 18:50:27	2553.06	6438.88	145.88	38787334	-130189384	-56432770	352201.2	-100251.3	-19839.2
2033-01-05 18:59:44	-1580.7	6729.99	455.24	38803617	-130185304	-56431002	352375.3	-99714.3	-19648
2033-01-05 19:09:01	-5145.81	4599.86	600.39	38819900	-130181222	-56429234	352548.4	-99177.1	-19456.7
2033-01-05 19:18:18	-6859.65	814.88	528.96	38836181	-130177139	-56427464	352720.7	-98639.6	-19265.3
2033-01-05 19:27:35	-6105.62	-3263.25	266.72	38852463	-130173054	-56425694	352892.1	-98101.9	-19073.9
2033-01-05 19:36:52	-3154.99	-6167.35	-91.73	38868744	-130168967	-56423923	353062.6	-97564	-18882.5
2033-01-05 19:46:10	930.72	-6852.62	-417.09	38885024	-130164878	-56422152	353232.2	-97025.8	-18691
2033-01-05 19:55:27	4681.61	-5072.54	-592	38901304	-130160788	-56420379	353400.8	-96487.4	-18499.5
2033-01-05 20:04:44	6748.24	-1467.54	-553.35	38917583	-130156696	-56418606	353568.6	-95948.7	-18307.9
2033-01-05 20:14:01	6387.08	2665.41	-315.1	38933862	-130152603	-56416833	353735.5	-95409.8	-18116.3
2033-01-05 20:23:18	3728.07	5839.41	36.81	38950140	-130148507	-56415058	353901.5	-94870.7	-17924.7
2033-01-05 20:32:36	-272.2	6912.56	375.45	38966418	-130144410	-56413283	354066.6	-94331.3	-17733
2033-01-05 20:41:53	-4174.56	5498.8	578.65	38982695	-130140312	-56411507	354230.7	-93791.7	-17541.2
2033-01-05 20:51:10	-6575.08	2106.76	573.12	38998972	-130136211	-56409730	354394	-93251.8	-17349.4
2033-01-05 21:00:27	-6610.12	-2043.21	360.85	39015248	-130132109	-56407953	354556.4	-92711.7	-17157.6
2033-01-05 21:09:44	-4267.05	-5458.07	18.41	39031524	-130128006	-56406174	354717.9	-92171.4	-16965.8
2033-01-05 21:19:01	-388.83	-6909.27	-330.67	39047799	-130123900	-56404396	354878.4	-91630.9	-16773.8
2033-01-05 21:28:19	3629.3	-5874.74	-560.47	39064074	-130119793	-56402616	355038.1	-91090.1	-16581.9
2033-01-05 21:37:36	6341.76	-2726.68	-588.09	39080348	-130115684	-56400836	355196.9	-90549.1	-16389.9
2033-01-05 21:46:53	6772.68	1402.33	-403.58	39096622	-130111574	-56399054	355354.7	-90007.9	-16197.9
2033-01-05 21:56:10	4767.01	5026.8	-73.49	39112895	-130107462	-56397273	355511.7	-89466.5	-16005.8
2033-01-05 22:05:27	1046.32	6842.78	283.12	39129167	-130103348	-56395490	355667.7	-88924.8	-15813.7
2033-01-05 22:14:45	-3050.82	6196.94	537.59	39145439	-130099233	-56393707	355822.9	-88382.9	-15621.6
2033-01-05 22:24:02	-6050.41	3321.65	598.15	39161711	-130095115	-56391923	355977.1	-87840.8	-15429.4
2033-01-05 22:33:19	-6873.28	-748.64	442.93	39177982	-130090996	-56390138	356130.5	-87298.5	-15237.2
2033-01-05 22:42:36	-5223.37	-4549.57	127.94	39194253	-130086876	-56388352	356282.9	-86756	-15044.9
2033-01-05 22:51:53	-1694.26	-6713.69	-233.2	39210523	-130082754	-56386566	356434.4	-86213.2	-14852.7
2033-01-05 23:01:10	2444.41	-6462.44	-510.22	39226792	-130078630	-56384779	356585	-85670.2	-14660.3
2033-01-05 23:10:28	5703.69	-3886.21	-603.19	39243061	-130074504	-56382992	356734.8	-85127.1	-14468
2033-01-05 23:19:45	6910.99	88.12	-478.58	39259330	-130070377	-56381203	356883.6	-84583.7	-14275.6
2033-01-05 23:29:02	5631.95	4030.73	-181.33	39275597	-130066248	-56379414	357031.5	-84040.1	-14083.2
2033-01-05 23:38:19	2326.72	6523.2	181.33	39291865	-130062117	-56377624	357178.4	-83496.3	-13890.7
2033-01-05 23:47:36	-1815.62	6668.81	478.58	39308132	-130057985	-56375834	357324.5	-82952.2	-13698.2
2033-01-05 23:56:53	-5304.77	4415.21	603.19	39324398	-130053851	-56374042	357469.7	-82408	-13505.7
2033-01-06 00:06:11	-6885.47	573.18	510.22	39340664	-130049715	-56372250	357614	-81863.6	-13313.2
2033-01-06 00:15:28	-5989.01	-3475.04	233.2	39356929	-130045577	-56370457	357757.3	-81319	-13120.6
2033-01-06 00:24:45	-2937.9	-6273.03	-127.94	39373194	-130041438	-56368664	357899.8	-80774.2	-12928
2033-01-06 00:34:02	1170.19	-6814.18	-442.93	39389459	-130037297	-56366870	358041.3	-80229.1	-12735.3
2033-01-06 00:43:19	4857.31	-4903.81	-598.15	39405722	-130033155	-56365075	358181.9	-79683.9	-12542.6
2033-01-06 00:52:37	6796.95	-1229.22	-537.59	39421986	-130029011	-56363279	358321.7	-79138.5	-12349.9
2033-01-06 01:01:54	6291.29	2887.58	-283.12	39438248	-130024865	-56361483	358460.5	-78592.9	-12157.2
2033-01-06 01:11:11	3522.22	5965.49	73.49	39454511	-130020717	-56359685	358598.4	-78047.1	-11964.4
2033-01-06 01:20:28	-514.04	6897.21	403.58	39470772	-130016568	-56357888	358735.4	-77501.1	-11771.6
2033-01-06 01:29:45	-4365.39	5347.53	588.09	39487033	-130012417	-56356089	358871.4	-76954.9	-11578.8
2033-01-06 01:39:02	-6646.25	1874	560.47	39503294	-130008265	-56354290	359006.6	-76408.5	-11386
2033-01-06 01:48:20	-6536.01	-2273.71	330.67	39519554	-130004110	-56352489	359140.9	-75861.9	-11193.1
2033-01-06 01:57:37	-4074.34	-5603.39	-18.41	39535814	-129999954	-56350689	359274.2	-75315.1	-11000.2
2033-01-06 02:06:54	-146.83	-6917.14	-360.85	39552073	-129995797	-56348887	359406.6	-74768.2	-10807.3
2033-01-06 02:16:11	3833.52	-5742.32	-573.12	39568331	-129991637	-56347085	359538.2	-74221.1	-10614.3
2033-01-06 02:25:28	6434.72	-2501.61	-578.65	39584589	-129987476	-56345282	359668.8	-73673.7	-10421.4
2033-01-06 02:34:46	6720.94	1639.07	-375.45	39600847	-129983314	-56343478	359798.5	-73126.2	-10228.4
2033-01-06 02:44:03	4589.19	5190.05	-36.81	39617104	-129979149	-56341674	359927.3	-72578.6	-10035.3
2033-01-06 02:53:20	806.38	6873.79	315.1	39633360	-129974983	-56339868	360055.1	-72030.7	-9842.3
2033-01-06 03:02:37	-3266.56	6084.57	553.35	39649616	-129970815	-56338063	360182.1	-71482.7	-9649.2
2033-01-06 03:11:54	-6164.32	3106.33	592	39665872	-129966646	-56336256	360308.1	-70934.5	-9456.2
2033-01-06 03:21:11	-6844.38	-989.45	417.09	39682127	-129962475	-56334449	360433.3	-70386.1	-9263
2033-01-06 03:30:29	-5062.07	-4729.23	91.73	39698381	-129958302	-56332640	360557.5	-69837.5	-9069.9
2033-01-06 03:39:46	-1458.57	-6767.57	-266.72	39714635	-129954127	-56330832	360680.8	-69288.8	-8876.8
2033-01-06 03:49:03	2669.69	-6371.15	-528.96	39730888	-129949951	-56329022	360803.2	-68739.9	-8683.6
2033-01-06 03:58:20	5837.51	-3682.6	-600.39	39747141	-129945773	-56327212	360924.6	-68190.8	-8490.4
2033-01-06 04:07:37	6905.21	330.8	-455.24	39763393	-129941594	-56325401	361045.2	-67641.6	-8297.2
2033-01-06 04:16:55	5488.64	4225.17	-145.88	39779645	-129937413	-56323589	361164.8	-67092.2	-8104
2033-01-06 04:26:12	2097.44	6599.44	216.1	39795896	-129933230	-56321776	361283.6	-66542.6	-7910.7
2033-01-06 04:35:29	-2048.38	6599.44	500.13	39812147	-129929045	-56319963	361401.4	-65992.9	-7717.4
2033-01-06 04:44:46	-5457.28	4225.18	603.75	39828397	-129924859	-56318149	361518.3	-65443	-7524.2
2033-01-06 04:54:03	-6902.86	330.86	489.58	39844647	-129920671	-56316335	361634.2	-64892.9	-7330.9
2033-01-06 05:03:20	-5865.02	-3682.47	198.81	39860896	-129916481	-56314519	361749.3	-64342.7	-7137.5
2033-01-06 05:12:38	-2717.13	-6370.95	-163.68	39877144	-129912290	-56312703	361863.5	-63792.4	-6944.2
2033-01-06 05:21:55	1408.31	-6767.35	-467.13	39893393	-129908097	-56310886	361976.7	-63241.8	-6750.9
2033-01-06 05:31:12	5027.11	-4729.09	-602.07	39909640	-129903902	-56309069	362089	-62691.2	-6557.5
2033-01-06 05:40:29	6837.35	-989.47	-519.83	39925887	-129899706	-56307250	362200.4	-62140.3	-6364.1
2033-01-06 05:49:46	6187.74	3106.11	-250.08	39942134	-129895507	-56305431	362310.9	-61589.3	-6170.7
2033-01-06 05:59:03	3311.99	6084.18	109.89	39958379	-129891308	-56303611	362420.4	-61038.2	-5977.3
2033-01-06 06:08:21	-755.33	6873.35	430.21	39974625	-129887106	-56301791	362529.1	-60486.9	-5783.9
2033-01-06 06:17:38	-4550.93	5189.72	595.35	39990870	-129882903	-56299970	362636.8	-59935.5	-5590.5
2033-01-06 06:26:55	-6709.28	1639.01	545.73	40007114	-129878698	-56298148	362743.6	-59383.9	-5397.1
2033-01-06 06:36:12	-6453.86	-2501.34	299.25	40023358	-129874492	-56296325	362849.5	-58832.1	-5203.6
2033-01-06 06:45:29	-3876.55	-5741.76	-55.17	40039601	-129870284	-56294502	362954.5	-58280.3	-5010.1
2033-01-06 06:54:47	95.43	-6916.47	-389.7	40055844	-129866074	-56292677	363058.5	-57728.3	-4816.7
2033-01-06 07:04:04	4033.1	-5602.86	-583.64	40072086	-129861862	-56290853	363161.7	-57176.1	-4623.2
2033-01-06 07:13:21	6519.82	-2273.53	-567.06	40088328	-129857649	-56289027	363263.9	-56623.8	-4429.7
2033-01-06 07:22:38	6660.94	1873.71	-345.92	40104569	-129853434	-56287201	363365.2	-56071.4	-4236.2
2033-01-06 07:31:55	4405.67	5346.83	0	40120810	-129849218	-56285374	363465.6	-55518.8	-4042.7
2033-01-06 07:41:12	565.37	6896.32	345.92	40137050	-129844999	-56283546	363565	-54966.1	-3849.2
2033-01-06 07:50:30	-3478.35	5964.74	567.06	40153290	-129840779	-56281717	363663.6	-54413.2	-3655.6
2033-01-06 07:59:47	-6270.71	2887.24	583.64	40169529	-129836558	-56279888	363761.2	-53860.3	-3462.1
2033-01-06 08:09:04	-6807.08	-1228.96	389.7	40185767	-129832334	-56278058	363857.9	-53307.2	-3268.6
2033-01-06 08:18:21	-4894.49	-4903	55.17	40202005	-129828109	-56276227	363953.7	-52753.9	-3075
2033-01-06 08:27:38	-1221.02	-6813.09	-299.25	40218243	-129823883	-56274396	364048.5	-52200.6	-2881.5
2033-01-06 08:36:56	2891.77	-6272.04	-545.73	40234480	-129819654	-56272564	364142.5	-51647.1	-2687.9
2033-01-06 08:46:13	5964.21	-3474.52	-595.35	40250716	-129815424	-56270731	364235.5	-51093.4	-2494.4
2033-01-06 08:55:30	6890.95	572.99	-430.21	40266952	-129811193	-56268897	364327.6	-50539.7	-2300.8
2033-01-06 09:04:47	5338.55	4414.33	-109.89	40283187	-129806959	-56267063	364418.8	-49985.8	-2107.2
2033-01-06 09:14:04	1865.51	6667.53	250.08	40299422	-129802724	-56265228	364509	-49431.8	-1913.7
2033-01-06 09:23:21	-2278.7	6521.95	519.83	40315656	-129798487	-56263392	364598.4	-48877.7	-1720.1
2033-01-06 09:32:39	-5603.14	4030	602.07	40331890	-129794249	-56261555	364686.8	-48323.5	-1526.5
2033-01-06 09:41:56	-6911.77	88.21	467.13	40348123	-129790009	-56259718	364774.3	-47769.2	-1332.9
2033-01-06 09:51:13	-5733.78	-3885.3	163.68	40364356	-129785767	-56257880	364860.8	-47214.7	-1139.3
2033-01-06 10:00:30	-2492.96	-6460.98	-198.81	40380588	-129781523	-56256041	364946.5	-46660.1	-945.8
2033-01-06 10:09:47	1644.77	-6712.2	-489.58	40396820	-129777278	-56254202	365031.2	-46105.4	-752.2
2033-01-06 10:19:04	5190.79	-4548.59	-603.75	40413051	-129773031	-56252362	365115	-45550.6	-558.6
2033-01-06 10:28:22	6869.36	-748.57	-500.13	40429281	-129768783	-56250521	365197.9	-44995.7	-365
2033-01-06 10:37:39	6076.56	3320.73	-216.1	40445511	-129764532	-56248679	365279.9	-44440.7	-171.4
2033-01-06 10:46:56	3097.61	6195.33	145.88	40461741	-129760281	-56246837	365360.9	-43885.6	22.1
2033-01-06 10:56:13	-995.78	6841.03	455.24	40477970	-129756027	-56244994	365441.1	-43330.3	215.7
2033-01-06 11:05:30	-4730.94	5025.56	600.39	40494198	-129751772	-56243150	365520.3	-42775	409.3
2033-01-06 11:14:48	-6764.09	1402.07	528.96	40510426	-129747515	-56241306	365598.5	-42219.6	602.9
2033-01-06 11:24:05	-6363.76	-2725.81	266.72	40526653	-129743256	-56239460	365675.9	-41664	796.4
2033-01-06 11:33:22	-3673.94	-5873.01	-91.73	40542880	-129738996	-56237614	365752.3	-41108.4	990
2033-01-06 11:42:39	337.65	-6907.29	-417.09	40559106	-129734734	-56235768	365827.8	-40552.6	1183.5
2033-01-06 11:51:56	4227.79	-5456.54	-592	40575332	-129730470	-56233920	365902.4	-39996.8	1377.1
2033-01-06 12:01:13	6596.94	-2042.73	-553.35	40591557	-129726205	-56232072	365976.1	-39440.9	1570.6
2033-01-06 12:10:31	6592.74	2105.97	-315.1	40607782	-129721938	-56230223	366048.8	-38884.8	1764.2
2033-01-06 12:19:48	4216.68	5496.98	36.81	40624006	-129717669	-56228373	366120.7	-38328.7	1957.7
2033-01-06 12:29:05	323.58	6910.35	375.45	40640230	-129713399	-56226523	366191.5	-37772.5	2151.2
2033-01-06 12:38:22	-3685.95	5837.59	578.65	40656453	-129709127	-56224672	366261.5	-37216.2	2344.8
2033-01-06 12:47:39	-6369.43	2664.68	573.12	40672675	-129704853	-56222820	366330.6	-36659.8	2538.3
2033-01-06 12:56:57	-6761.41	-1466.88	360.85	40688897	-129700577	-56220967	366398.7	-36103.3	2731.8
2033-01-06 13:06:14	-4720.86	-5070.68	18.41	40705118	-129696300	-56219114	366465.9	-35546.7	2925.3
2033-01-06 13:15:31	-981.88	-6850.19	-330.67	40721339	-129692021	-56217260	366532.2	-34990.1	3118.8
2033-01-06 13:24:48	3110.37	-6165.23	-560.47	40737560	-129687741	-56215405	366597.5	-34433.3	3312.2
2033-01-06 13:34:05	6083.63	-3262.23	-588.09	40753779	-129683459	-56213550	366662	-33876.5	3505.7
2033-01-06 13:43:22	6868.22	814.39	-403.58	40769999	-129679175	-56211694	366725.5	-33319.6	3699.2
2033-01-06 13:52:40	5181.85	4598	-73.49	40786217	-129674890	-56209837	366788.1	-32762.6	3892.6
2033-01-06 14:01:57	1631.21	6727.37	283.12	40802436	-129670602	-56207979	366849.7	-32205.5	4086
2033-01-06 14:11:14	-2506.31	6436.46	537.59	40818653	-129666313	-56206121	366910.5	-31648.4	4279.5
2033-01-06 14:20:31	-5742.17	3829.92	598.15	40834870	-129662023	-56204262	366970.3	-31091.2	4472.9
2033-01-06 14:29:48	-6912.2	-154.47	442.93	40851087	-129657731	-56202402	367029.2	-30533.9	4666.3
2033-01-06 14:39:06	-5595.46	-4083.27	127.94	40867303	-129653437	-56200541	367087.1	-29976.5	4859.6
2033-01-06 14:48:23	-2265.64	-6543.02	-233.2	40883519	-129649141	-56198680	367144.2	-29419.1	5053
2033-01-06 14:57:40	1879.3	-6648.79	-510.22	40899733	-129644844	-56196818	367200.3	-28861.6	5246.4
2033-01-06 15:06:57	5348.16	-4362.56	-603.19	40915948	-129640545	-56194955	367255.5	-28304	5439.7
2033-01-06 15:16:14	6892.94	-506.84	-478.58	40932162	-129636244	-56193092	367309.8	-27746.4	5633
2033-01-06 15:25:31	5957.88	3531.2	-181.33	40948375	-129631942	-56191228	367363.1	-27188.7	5826.3
2033-01-06 15:34:49	2879.36	6298.81	181.33	40964588	-129627638	-56189363	367415.6	-26630.9	6019.6
2033-01-06 15:44:06	-1235.08	6800.3	478.58	40980800	-129623332	-56187497	367467.1	-26073.1	6212.9
2033-01-06 15:53:23	-4905.21	4855.27	603.19	40997012	-129619025	-56185631	367517.6	-25515.2	6406.1
2033-01-06 16:02:40	-6810.62	1163.5	510.22	41013223	-129614716	-56183764	367567.3	-24957.2	6599.4
2033-01-06 16:11:57	-6265.8	-2946.85	233.2	41029434	-129610405	-56181896	367616	-24399.2	6792.6
2033-01-06 16:21:14	-3466.75	-5996.99	-127.94	41045644	-129606093	-56180027	367663.8	-23841.1	6985.8
2033-01-06 16:30:32	579.54	-6889.59	-442.93	41061853	-129601779	-56178158	367710.7	-23283	7179
2033-01-06 16:39:49	4417.36	-5303.56	-598.15	41078062	-129597463	-56176288	367756.6	-22724.8	7372.1
2033-01-06 16:49:06	6665.98	-1809.49	-537.59	41094271	-129593146	-56174417	367801.7	-22166.6	7565.3
2033-01-06 16:58:23	6516.41	2335.55	-283.12	41110479	-129588827	-56172546	367845.8	-21608.3	7758.4
2033-01-06 17:07:40	4022.45	5640.31	73.49	41126686	-129584506	-56170674	367889	-21050	7951.5
2033-01-06 17:16:58	81.32	6915.86	403.58	41142893	-129580183	-56168801	367931.2	-20491.6	8144.6
2033-01-06 17:26:15	-3889.09	5703.31	588.09	41159099	-129575859	-56166927	367972.6	-19933.1	8337.6
2033-01-06 17:35:32	-6460.35	2438.91	560.47	41175305	-129571534	-56165053	368013	-19374.7	8530.6
2033-01-06 17:44:49	-6707.41	-1702.91	330.67	41191510	-129567206	-56163178	368052.5	-18816.1	8723.6
2033-01-06 17:54:06	-4541.36	-5232.05	-18.41	41207715	-129562877	-56161302	368091	-18257.6	8916.6
2033-01-06 18:03:23	-741.46	-6878.85	-360.85	41223919	-129558546	-56159425	368128.6	-17699	9109.6
2033-01-06 18:12:41	3325.22	-6050.87	-573.12	41240122	-129554214	-56157548	368165.4	-17140.3	9302.5
2033-01-06 18:21:58	6195.62	-3045.99	-578.65	41256325	-129549879	-56155670	368201.2	-16581.6	9495.4
2033-01-06 18:31:15	6837.05	1054.71	-375.45	41272528	-129545544	-56153791	368236	-16022.9	9688.3
2033-01-06 18:40:32	5018.73	4775.93	-36.81	41288730	-129541206	-56151912	368270	-15464.1	9881.2
2033-01-06 18:49:49	1394.83	6778.92	315.1	41304931	-129536867	-56150032	368303	-14905.3	10074
2033-01-06 18:59:07	-2730.91	6343.07	553.35	41321132	-129532526	-56148151	368335.1	-14346.5	10266.8
2033-01-06 19:08:24	-5874.18	3625.2	592	41337332	-129528183	-56146269	368366.2	-13787.6	10459.6
2033-01-06 19:17:41	-6904.14	-396.88	417.09	41353532	-129523839	-56144387	368396.5	-13228.7	10652.3
2033-01-06 19:26:58	-5450.21	-4276.14	91.73	41369731	-129519493	-56142504	368425.8	-12669.8	10845.1
2033-01-06 19:36:15	-2035.46	-6616.97	-266.72	41385930	-129515146	-56140620	368454.2	-12110.9	11037.8
2033-01-06 19:45:32	2111.6	-6577.23	-528.96	41402128	-129510796	-56138735	368481.7	-11551.9	11230.4
2033-01-06 19:54:50	5499	-4171.22	-600.39	41418325	-129506445	-56136850	368508.2	-10992.9	11423.1
2033-01-06 20:04:07	6908.06	-264.57	-455.24	41434522	-129502093	-56134964	368533.8	-10433.8	11615.7
2033-01-06 20:13:24	5831.83	3737.25	-145.88	41450719	-129497738	-56133077	368558.5	-9874.8	11808.2
2033-01-06 20:22:41	2657.49	6394.5	216.1	41466915	-129493382	-56131190	368582.3	-9315.7	12000.8
2033-01-06 20:31:58	-1472.95	6751.21	500.13	41483110	-129489025	-56129302	368605.2	-8756.6	12193.3
2033-01-06 20:41:16	-5073.5	4679.07	603.75	41499305	-129484665	-56127413	368627.1	-8197.5	12385.8
2033-01-06 20:50:33	-6848.79	923.57	489.58	41515499	-129480304	-56125523	368648.1	-7638.4	12578.2
2033-01-06 20:59:50	-6160.12	-3164.18	198.81	41531693	-129475942	-56123633	368668.2	-7079.2	12770.6
2033-01-06 21:09:07	-3255.23	-6113.53	-163.68	41547886	-129471577	-56121742	368687.3	-6520.1	12963
2033-01-06 21:18:24	820.81	-6863.43	-467.13	41564079	-129467211	-56119850	368705.6	-5960.9	13155.3
2033-01-06 21:27:41	4601.56	-5144.09	-602.07	41580271	-129462843	-56117957	368722.9	-5401.7	13347.7
2033-01-06 21:36:59	6726.85	-1574.1	-519.83	41596462	-129458474	-56116064	368739.3	-4842.5	13539.9
2033-01-06 21:46:16	6432.05	2562.18	-250.08	41612653	-129454103	-56114170	368754.8	-4283.3	13732.2
2033-01-06 21:55:33	3823.2	5776.65	109.89	41628844	-129449730	-56112276	368769.3	-3724.1	13924.4
2033-01-06 22:04:50	-161.13	6912.85	430.21	41645034	-129445356	-56110380	368782.9	-3164.9	14116.5
2033-01-06 22:14:07	-4087.52	5562.04	595.35	41661223	-129440980	-56108484	368795.6	-2605.7	14308.7
2033-01-06 22:23:24	-6543.37	2210.21	545.73	41677412	-129436602	-56106587	368807.4	-2046.5	14500.8
2033-01-06 22:32:42	-6645.15	-1936.76	299.25	41693600	-129432223	-56104689	368818.2	-1487.3	14692.8
2033-01-06 22:41:59	-4356.21	-5386.92	-55.17	41709788	-129427841	-56102791	368828.2	-928	14884.8
2033-01-06 22:51:16	-500.04	-6899.03	-389.7	41725975	-129423459	-56100892	368837.2	-368.8	15076.8
2033-01-06 23:00:33	3536.06	-5929.1	-583.64	41742161	-129419074	-56098992	368845.3	190.4	15268.8
2033-01-06 23:09:50	6300.02	-2826.08	-567.06	41758347	-129414688	-56097092	368852.4	749.6	15460.6
2033-01-06 23:19:08	6797.46	1293.64	-345.92	41774533	-129410300	-56095191	368858.7	1308.8	15652.5
2033-01-06 23:28:25	4849.39	4947.93	0	41790718	-129405911	-56093289	368864	1868	15844.3
2033-01-06 23:37:42	1156.65	6822.1	345.92	41806902	-129401519	-56091386	368868.4	2427.2	16036.1
2033-01-06 23:46:59	-2952.23	6241.9	567.06	41823086	-129397127	-56089482	368871.8	2986.4	16227.8
2033-01-06 23:56:16	-5999.03	3416.08	583.64	41839269	-129392732	-56087578	368874.4	3545.6	16419.5
2033-01-07 00:05:33	-6887.58	-638.71	389.7	41855452	-129388336	-56085673	368876	4104.8	16611.2
2033-01-07 00:14:51	-5298.21	-4463.69	55.17	41871634	-129383938	-56083768	368876.7	4663.9	16802.8
2033-01-07 00:24:08	-1802.7	-6682.76	-299.25	41887816	-129379538	-56081862	368876.5	5223	16994.4
2033-01-07 00:33:25	2341.38	-6497.59	-545.73	41903997	-129375137	-56079955	368875.4	5782.2	17185.9
2033-01-07 00:42:42	5643.14	-3974.81	-595.35	41920177	-129370734	-56078047	368873.3	6341.3	17377.4
2033-01-07 00:51:59	6914.69	-22.05	-430.21	41936357	-129366330	-56076138	368870.3	6900.4	17568.8
2033-01-07 01:01:17	5698.57	3938.62	-109.89	41952536	-129361924	-56074229	368866.4	7459.4	17760.2
2033-01-07 01:10:34	2432.28	6482.29	250.08	41968715	-129357516	-56072319	368861.6	8018.5	17951.5
2033-01-07 01:19:51	-1709.09	6693.83	519.83	41984894	-129353106	-56070408	368855.9	8577.5	18142.8
2033-01-07 01:29:08	-5235.61	4497.16	602.07	42001071	-129348695	-56068497	368849.2	9136.5	18334.1
2033-01-07 01:38:25	-6878.55	682.58	467.13	42017248	-129344282	-56066585	368841.6	9695.4	18525.3
2033-01-07 01:47:42	-6046.82	-3377.54	163.68	42033425	-129339867	-56064672	368833.1	10254.4	18716.4
2033-01-07 01:57:00	-3039.63	-6222.52	-198.81	42049601	-129335451	-56062759	368823.7	10813.3	18907.5
2033-01-07 02:06:17	1061.14	-6828.83	-489.58	42065777	-129331033	-56060844	368813.4	11372.2	19098.6
2033-01-07 02:15:34	4780.17	-4978.35	-603.75	42081952	-129326613	-56058929	368802.1	11931	19289.6
2033-01-07 02:24:51	6779.47	-1336.85	-500.13	42098126	-129322192	-56057014	368789.9	12489.8	19480.5
2033-01-07 02:34:08	6339.75	2785.58	-216.1	42114300	-129317769	-56055097	368776.8	13048.6	19671.4
2033-01-07 02:43:26	3619.18	5905.83	145.88	42130473	-129313344	-56053180	368762.8	13607.4	19862.3
2033-01-07 02:52:43	-403.47	6901.34	455.24	42146646	-129308918	-56051262	368747.8	14166.1	20053.1
2033-01-07 03:02:00	-4280.99	5413.99	600.39	42162818	-129304490	-56049343	368732	14724.8	20243.9
2033-01-07 03:11:17	-6618.37	1978.87	528.96	42178990	-129300060	-56047424	368715.2	15283.4	20434.6
2033-01-07 03:20:34	-6574.69	-2168.15	266.72	42195161	-129295629	-56045504	368697.5	15842	20625.2
2033-01-07 03:29:51	-4165.65	-5535.12	-91.73	42211331	-129291196	-56043583	368678.9	16400.5	20815.8
2033-01-07 03:39:09	-257.92	-6910.72	-417.09	42227501	-129286761	-56041661	368659.3	16959	21006.4
2033-01-07 03:48:26	3742.62	-5800.08	-592	42243670	-129282325	-56039739	368638.9	17517.5	21196.9
2033-01-07 03:57:43	6396.71	-2602.77	-553.35	42259839	-129277887	-56037816	368617.5	18075.9	21387.3
2033-01-07 04:07:00	6749.49	1530.9	-315.1	42276007	-129273447	-56035893	368595.2	18634.3	21577.7
2033-01-07 04:16:17	4674.02	5113.78	36.81	42292175	-129269006	-56033968	368572	19192.6	21768
2033-01-07 04:25:34	916.97	6856.88	375.45	42308342	-129264563	-56032043	368547.9	19750.9	21958.3
2033-01-07 04:34:52	-3170	6133.09	578.65	42324509	-129260118	-56030117	368522.8	20309.1	22148.5
2033-01-07 04:44:09	-6116.53	3202.84	573.12	42340675	-129255672	-56028190	368496.8	20867.2	22338.7
2033-01-07 04:53:26	-6862.55	-879.67	360.85	42356840	-129251223	-56026263	368470	21425.4	22528.8
2033-01-07 05:02:43	-5139.64	-4645.68	18.41	42373005	-129246774	-56024335	368442.2	21983.4	22718.8
2033-01-07 05:12:00	-1567.65	-6740.31	-330.67	42389170	-129242322	-56022406	368413.4	22541.4	22908.8
2033-01-07 05:21:18	2568.36	-6409.99	-560.47	42405333	-129237869	-56020477	368383.8	23099.3	23098.7
2033-01-07 05:30:35	5780.38	-3773.58	-588.09	42421497	-129233414	-56018546	368353.3	23657.2	23288.6
2033-01-07 05:39:52	6912.82	220.41	-403.58	42437659	-129228958	-56016616	368321.8	24215	23478.4
2033-01-07 05:49:09	5558.26	4135.09	-73.49	42453821	-129224500	-56014684	368289.4	24772.8	23668.2
2033-01-07 05:58:26	2204	6562.07	283.12	42469983	-129220040	-56012751	368256.1	25330.5	23857.9
2033-01-07 06:07:43	-1943.21	6628.24	537.59	42486144	-129215579	-56010818	368221.9	25888.1	24047.5
2033-01-07 06:17:01	-5391.34	4309.79	598.15	42502304	-129211115	-56008884	368186.8	26445.6	24237.1
2033-01-07 06:26:18	-6899.86	440.84	442.93	42518464	-129206651	-56006950	368150.7	27003.1	24426.6
2033-01-07 06:35:35	-5926.04	-3586.68	127.94	42534624	-129202184	-56005015	368113.8	27560.5	24616
2033-01-07 06:44:52	-2820.21	-6323.81	-233.2	42550782	-129197716	-56003079	368075.9	28117.9	24805.4
2033-01-07 06:54:09	1300.25	-6785.84	-510.22	42566940	-129193246	-56001142	368037.1	28675.2	24994.8
2033-01-07 07:03:27	4952.96	-4806.55	-603.19	42583098	-129188775	-55999204	367997.4	29232.4	25184
2033-01-07 07:12:44	6823.77	-1098.05	-478.58	42599255	-129184302	-55997266	367956.8	29789.5	25373.2
2033-01-07 07:22:01	6239.62	3005.47	-181.33	42615412	-129179827	-55995327	367915.2	30346.5	25562.3
2033-01-07 07:31:18	3410.64	6027.7	181.33	42631568	-129175350	-55993388	367872.8	30903.5	25751.4
2033-01-07 07:40:35	-645.39	6881.35	478.58	42647723	-129170872	-55991447	367829.4	31460.4	25940.4
2033-01-07 07:49:52	-4469.26	5259.32	603.19	42663878	-129166392	-55989506	367785.2	32017.2	26129.4
2033-01-07 07:59:10	-6685.25	1745.18	510.22	42680032	-129161911	-55987564	367740	32573.9	26318.2
2033-01-07 08:08:27	-6496.12	-2396.79	233.2	42696186	-129157428	-55985622	367693.9	33130.6	26507
2033-01-07 08:17:44	-3969.89	-5676.46	-127.94	42712339	-129152943	-55983678	367646.9	33687.1	26695.8
2033-01-07 08:27:01	-15.4	-6913.91	-442.93	42728491	-129148456	-55981734	367598.9	34243.6	26884.4
2033-01-07 08:36:18	3944.65	-5663.97	-598.15	42744643	-129143968	-55979790	367550.1	34800	27073
2033-01-07 08:45:36	6485.57	-2376.33	-537.59	42760795	-129139478	-55977844	367500.4	35356.3	27261.6
2033-01-07 08:54:53	6693.2	1766.2	-283.12	42776946	-129134987	-55975898	367449.7	35912.5	27450.1
2033-01-07 09:04:10	4492.83	5273.29	73.49	42793096	-129130493	-55973951	367398.1	36468.6	27638.4
2033-01-07 09:13:27	676.07	6883.21	403.58	42809246	-129125999	-55972004	367345.6	37024.6	27826.8
2033-01-07 09:22:44	-3383.94	6016.78	588.09	42825395	-129121502	-55970055	367292.2	37580.6	28015
2033-01-07 09:32:01	-6226.55	2985.73	560.47	42841543	-129117004	-55968106	367237.9	38136.4	28203.2
2033-01-07 09:41:19	-6829.06	-1119.47	330.67	42857691	-129112504	-55966156	367182.7	38692.2	28391.3
2033-01-07 09:50:36	-4974.69	-4821.89	-18.41	42873839	-129108002	-55964206	367126.6	39247.8	28579.4
2033-01-07 09:59:53	-1330.58	-6789.54	-360.85	42889986	-129103499	-55962255	367069.6	39803.3	28767.4
2033-01-07 10:09:10	2792.26	-6314.54	-573.12	42906132	-129098994	-55960303	367011.6	40358.8	28955.3
2033-01-07 10:18:27	5910.55	-3567.78	-578.65	42922278	-129094488	-55958350	366952.8	40914.1	29143.1
2033-01-07 10:27:44	6902.44	462.52	-375.45	42938423	-129089979	-55956397	366893	41469.4	29330.8
2033-01-07 10:37:02	5411.05	4326.4	-36.81	42954568	-129085469	-55954443	366832.3	42024.5	29518.5
2033-01-07 10:46:19	1972.93	6633.76	315.1	42970712	-129080958	-55952488	366770.7	42579.5	29706.1
2033-01-07 10:55:36	-2175.01	6554.52	553.35	42986855	-129076445	-55950532	366708.3	43134.4	29893.7
2033-01-07 11:04:53	-5540.48	4117.18	592	43002998	-129071930	-55948576	366644.9	43689.2	30081.1
2033-01-07 11:14:10	-6912.68	198.64	417.09	43019141	-129067413	-55946619	366580.5	44243.9	30268.5
2033-01-07 11:23:28	-5797.93	-3791.33	91.73	43035282	-129062895	-55944661	366515.3	44798.5	30455.8
2033-01-07 11:32:45	-2597.25	-6417.3	-266.72	43051424	-129058375	-55942703	366449.2	45353	30643.1
2033-01-07 11:42:02	1537.85	-6734.52	-528.96	43067564	-129053853	-55940743	366382.2	45907.3	30830.2
2033-01-07 11:51:19	5119.71	-4628.9	-600.39	43083704	-129049330	-55938784	366314.3	46461.6	31017.3
2033-01-07 12:00:36	6859.68	-857.97	-455.24	43099844	-129044805	-55936823	366245.4	47015.7	31204.3
2033-01-07 12:09:53	6131.77	3221.6	-145.88	43115983	-129040279	-55934862	366175.7	47569.7	31391.2
2033-01-07 12:19:11	3197.83	6142.13	216.1	43132121	-129035750	-55932899	366105	48123.6	31578.1
2033-01-07 12:28:28	-886.6	6852.91	500.13	43148259	-129031220	-55930937	366033.5	48677.4	31764.8
2033-01-07 12:37:45	-4652.09	5098.25	603.75	43164396	-129026689	-55928973	365961	49231	31951.5
2033-01-07 12:47:02	-6743.92	1509.43	489.58	43180533	-129022156	-55927009	365887.6	49784.5	32138.1
2033-01-07 12:56:19	-6409.52	-2622.41	198.81	43196669	-129017621	-55925044	365813.3	50337.9	32324.6
2033-01-07 13:05:37	-3769.18	-5810.77	-163.68	43212805	-129013084	-55923078	365738.2	50891.2	32511.1
2033-01-07 13:14:54	227.22	-6908.6	-467.13	43228940	-129008546	-55921112	365662.1	51444.4	32697.4
2033-01-07 13:24:11	4141.89	-5520.94	-602.07	43245074	-129004006	-55919145	365585.1	51997.4	32883.7
2033-01-07 13:33:28	6566.47	-2147.06	-519.83	43261208	-128999464	-55917177	365507.2	52550.3	33069.9
2033-01-07 13:42:45	6628.65	1999.25	-250.08	43277341	-128994921	-55915208	365428.4	53103	33256
2033-01-07 13:52:02	4306.06	5426.27	109.89	43293474	-128990376	-55913239	365348.7	53655.6	33442.1
2033-01-07 14:01:20	434.26	6901.08	430.21	43309606	-128985829	-55911269	365268.1	54208.1	33628
2033-01-07 14:10:37	-3593.79	5893.12	595.35	43325737	-128981281	-55909298	365186.6	54760.5	33813.9
2033-01-07 14:19:54	-6328.93	2765.02	545.73	43341868	-128976731	-55907327	365104.2	55312.7	33999.7
2033-01-07 14:29:11	-6787.15	-1357.81	299.25	43357999	-128972179	-55905354	365020.9	55864.8	34185.4
2033-01-07 14:38:28	-4803.56	-4992.13	-55.17	43374129	-128967626	-55903382	364936.7	56416.7	34371
2033-01-07 14:47:45	-1091.79	-6830.42	-389.7	43390258	-128963071	-55901408	364851.6	56968.5	34556.5
2033-01-07 14:57:03	3012.79	-6211.36	-583.64	43406387	-128958515	-55899434	364765.6	57520.1	34742
2033-01-07 15:06:20	6033.49	-3357.67	-567.06	43422515	-128953956	-55897458	364678.7	58071.7	34927.3
2033-01-07 15:15:37	6883.55	703.97	-345.92	43438642	-128949396	-55895483	364590.9	58623	35112.6
2033-01-07 15:24:54	5257.13	4512.33	0	43454769	-128944835	-55893506	364502.2	59174.2	35297.8
2033-01-07 15:34:11	1739.35	6697.28	345.92	43470896	-128940271	-55891529	364412.6	59725.3	35482.9
2033-01-07 15:43:29	-2404.22	6472.77	567.06	43487021	-128935706	-55889551	364322.1	60276.2	35667.9
2033-01-07 15:52:46	-5682.85	3919.58	583.64	43503147	-128931140	-55887572	364230.7	60827	35852.8
2033-01-07 16:02:03	-6916.99	-43.72	389.7	43519271	-128926572	-55885593	364138.4	61377.6	36037.6
2033-01-07 16:11:20	-5662.63	-3991.26	55.17	43535395	-128922002	-55883613	364045.2	61928.1	36222.4
2033-01-07 16:20:37	-2371.02	-6502.87	-299.25	43551519	-128917430	-55881632	363951.1	62478.4	36407
2033-01-07 16:29:54	1773.63	-6674.95	-545.73	43567642	-128912857	-55879650	363856.1	63028.6	36591.6
2033-01-07 16:39:12	5280.21	-4445.62	-595.35	43583764	-128908282	-55877668	363760.3	63578.6	36776
2033-01-07 16:48:29	6887.15	-616.92	-430.21	43599886	-128903705	-55875685	363663.5	64128.4	36960.4
2033-01-07 16:57:46	6016.33	3433.7	-109.89	43616007	-128899127	-55873701	363565.8	64678.1	37144.7
2033-01-07 17:07:03	2981.01	6248.97	250.08	43632128	-128894547	-55871717	363467.2	65227.6	37328.9
2033-01-07 17:16:20	-1126.8	6816.06	519.83	43648248	-128889965	-55869731	363367.8	65777	37513
2033-01-07 17:25:38	-4829.25	4930.97	602.07	43664367	-128885382	-55867745	363267.4	66326.2	37697
2033-01-07 17:34:55	-6794.31	1271.9	467.13	43680486	-128880797	-55865759	363166.1	66875.2	37880.9
2033-01-07 17:44:12	-6315	-2844.73	163.68	43696605	-128876210	-55863771	363064	67424.1	38064.7
2033-01-07 17:53:29	-3563.76	-5937.9	-198.81	43712722	-128871622	-55861783	362960.9	67972.8	38248.4
2033-01-07 18:02:46	469.64	-6894.8	-489.58	43728840	-128867032	-55859795	362857	68521.3	38432.1
2033-01-07 18:12:03	4334.09	-5371.19	-603.75	43744956	-128862440	-55857805	362752.2	69069.7	38615.6
2033-01-07 18:21:21	6639.31	-1915.22	-500.13	43761072	-128857847	-55855815	362646.5	69617.9	38799.1
2033-01-07 18:30:38	6555.92	2229.76	-216.1	43777188	-128853252	-55853824	362539.8	70165.9	38982.4
2033-01-07 18:39:55	4113.91	5572.52	145.88	43793303	-128848656	-55851832	362432.3	70713.7	39165.6
2033-01-07 18:49:12	191.84	6910.46	455.24	43809417	-128844057	-55849840	362323.9	71261.4	39348.8
2033-01-07 18:58:29	-3799.28	5762.26	600.39	43825531	-128839457	-55847847	362214.6	71808.9	39531.8
2033-01-07 19:07:47	-6423.56	2541	528.96	43841644	-128834856	-55845853	362104.5	72356.2	39714.8
2033-01-07 19:17:04	-6736.86	-1594.41	266.72	43857756	-128830252	-55843858	361993.4	72903.4	39897.7
2033-01-07 19:26:21	-4626.45	-5156.17	-91.73	43873868	-128825648	-55841863	361881.4	73450.3	40080.4
2033-01-07 19:35:38	-851.58	-6862.9	-417.09	43889980	-128821041	-55839867	361768.6	73997.1	40263.1
2033-01-07 19:44:55	3229.69	-6100.59	-592	43906091	-128816433	-55837870	361654.8	74543.7	40445.6
2033-01-07 19:54:12	6149.04	-3143.51	-553.35	43922201	-128811823	-55835873	361540.2	75090.1	40628.1
2033-01-07 20:03:30	6856.18	944.48	-315.1	43938311	-128807211	-55833874	361424.7	75636.3	40810.5
2033-01-07 20:12:47	5096.68	4692.66	36.81	43954420	-128802598	-55831875	361308.3	76182.4	40992.7
2033-01-07 20:22:04	1503.55	6752.55	375.45	43970528	-128797983	-55829876	361191	76728.2	41174.9
2033-01-07 20:31:21	-2630.54	6383.1	578.65	43986636	-128793366	-55827875	361072.8	77273.9	41356.9
2033-01-07 20:40:38	-5818.27	3717.24	573.12	44002743	-128788748	-55825874	360953.8	77819.3	41538.9
2033-01-07 20:49:55	-6912.78	-285.94	360.85	44018850	-128784128	-55823873	360833.8	78364.6	41720.8
2033-01-07 20:59:13	-5520.31	-4186.22	18.41	44034956	-128779506	-55821870	360713	78909.7	41902.5
2033-01-07 21:08:30	-2141.78	-6580.42	-330.67	44051062	-128774883	-55819867	360591.3	79454.6	42084.2
2033-01-07 21:17:47	2007.31	-6607.21	-560.47	44067167	-128770258	-55817863	360468.6	79999.3	42265.7
2033-01-07 21:27:04	5434.25	-4256.95	-588.09	44083272	-128765632	-55815858	360345.2	80543.8	42447.1
2033-01-07 21:36:21	6906.15	-375.2	-403.58	44099375	-128761003	-55813853	360220.8	81088.1	42628.5
2033-01-07 21:45:39	5893.44	3641.5	-73.49	44115479	-128756374	-55811847	360095.5	81632.2	42809.7
2033-01-07 21:54:56	2760.44	6348.1	283.12	44131581	-128751742	-55809840	359969.4	82176.1	42990.8
2033-01-07 22:04:13	-1365.69	6770.85	537.59	44147684	-128747109	-55807832	359842.4	82719.8	43171.9
2033-01-07 22:13:30	-5000.52	4757.69	598.15	44163785	-128742474	-55805824	359714.5	83263.3	43352.8
2033-01-07 22:22:47	-6836.34	1032.89	442.93	44179886	-128737837	-55803815	359585.7	83806.6	43533.6
2033-01-07 22:32:04	-6212.67	-3063.49	127.94	44195986	-128733199	-55801805	359456	84349.6	43714.3
2033-01-07 22:41:22	-3353.87	-6057.7	-233.2	44212086	-128728559	-55799795	359325.5	84892.5	43894.9
2033-01-07 22:50:39	711.56	-6872.55	-510.22	44228185	-128723917	-55797784	359194	85435.2	44075.4
2033-01-07 22:59:56	4521.02	-5214.89	-603.19	44244284	-128719274	-55795772	359061.7	85977.6	44255.7
2033-01-07 23:09:13	6703.98	-1681.11	-478.58	44260382	-128714629	-55793759	358928.5	86519.9	44436
2033-01-07 23:18:30	6475.07	2457.46	-181.33	44276480	-128709983	-55791746	358794.5	87061.9	44616.2
2033-01-07 23:27:48	3916.63	5711.89	181.33	44292576	-128705335	-55789732	358659.5	87603.7	44796.2
2033-01-07 23:37:05	-50.91	6911.36	478.58	44308673	-128700685	-55787717	358523.7	88145.3	44976.1
2033-01-07 23:46:22	-4000.16	5624.36	603.19	44324768	-128696033	-55785701	358387	88686.7	45156
2033-01-07 23:55:39	-6510.3	2313.93	510.22	44340864	-128691380	-55783685	358249.4	89227.9	45335.7
2033-01-08 00:04:56	-6678.25	-1828.96	233.2	44356958	-128686725	-55781668	358110.9	89768.8	45515.3
2033-01-08 00:14:13	-4443.58	-5313.83	-127.94	44373052	-128682069	-55779651	357971.6	90309.6	45694.8
2033-01-08 00:23:31	-610.24	-6886.94	-442.93	44389145	-128677410	-55777632	357831.4	90850.1	45874.2
2033-01-08 00:32:48	3442.68	-5982.37	-598.15	44405238	-128672750	-55775613	357690.3	91390.4	46053.5
2033-01-08 00:42:05	6257.05	-2925.56	-537.59	44421330	-128668089	-55773593	357548.3	91930.4	46232.6
2033-01-08 00:51:22	6820.35	1183.75	-283.12	44437422	-128663426	-55771573	357405.5	92470.3	46411.7
2033-01-08 01:00:39	4929.9	4867.16	73.49	44453513	-128658761	-55769552	357261.8	93009.9	46590.6
2033-01-08 01:09:57	1265.81	6799.52	403.58	44469604	-128654094	-55767530	357117.2	93549.3	46769.4
2033-01-08 01:19:14	-2853.69	6285.63	588.09	44485693	-128649426	-55765507	356971.8	94088.4	46948.1
2033-01-08 01:28:31	-5946.56	3510.4	560.47	44501783	-128644756	-55763483	356825.4	94627.3	47126.7
2033-01-08 01:37:48	-6900.05	-527.73	330.67	44517871	-128640085	-55761459	356678.2	95166	47305.2
2033-01-08 01:47:05	-5371.13	-4375.98	-18.41	44533959	-128635412	-55759434	356530.2	95704.5	47483.5
2033-01-08 01:56:22	-1909.83	-6649.88	-360.85	44550047	-128630737	-55757409	356381.2	96242.7	47661.8
2033-01-08 02:05:40	2238.58	-6531.37	-573.12	44566134	-128626060	-55755383	356231.4	96780.7	47839.9
2033-01-08 02:14:57	5581.65	-4063.11	-578.65	44582220	-128621382	-55753355	356080.7	97318.5	48017.9
2033-01-08 02:24:14	6916.64	-133.1	-375.45	44598306	-128616703	-55751328	355929.2	97856	48195.8
2033-01-08 02:33:31	5763.24	3844.77	-36.81	44614391	-128612021	-55749299	355776.8	98393.2	48373.6
2033-01-08 02:42:48	2536.4	6439.41	315.1	44630476	-128607338	-55747270	355623.5	98930.3	48551.2
2033-01-08 02:52:05	-1602.98	6717.35	553.35	44646560	-128602653	-55745240	355469.3	99467.1	48728.8
2033-01-08 03:01:23	-5165.68	4578.63	592	44662643	-128597967	-55743210	355314.3	100003.6	48906.2
2033-01-08 03:10:40	-6869.95	792.69	417.09	44678726	-128593279	-55741178	355158.4	100539.9	49083.5
2033-01-08 03:19:57	-6102.64	-3278.41	91.73	44694808	-128588589	-55739146	355001.6	101076	49260.6
2033-01-08 03:29:14	-3139.78	-6170.02	-266.72	44710890	-128583897	-55737113	354844	101611.8	49437.7
2033-01-08 03:38:31	952.69	-6841.87	-528.96	44726971	-128579204	-55735080	354685.5	102147.4	49614.6
2033-01-08 03:47:49	4702.44	-5052.24	-600.39	44743051	-128574509	-55733046	354526.1	102682.7	49791.5
2033-01-08 03:57:06	6760.42	-1445.01	-455.24	44759131	-128569813	-55731011	354365.9	103217.8	49968.2
2033-01-08 04:06:23	6386.22	2682.06	-145.88	44775210	-128565115	-55728975	354204.8	103752.6	50144.7
2033-01-08 04:15:40	3714.46	5844.2	216.1	44791289	-128560415	-55726939	354042.9	104287.2	50321.2
2033-01-08 04:24:57	-293.67	6903.78	500.13	44807367	-128555714	-55724902	353880.1	104821.5	50497.5
2033-01-08 04:34:14	-4196.17	5479.62	603.75	44823445	-128551011	-55722864	353716.4	105355.5	50673.7
2033-01-08 04:43:32	-6589.04	2084.09	489.58	44839522	-128546306	-55720825	353551.9	105889.3	50849.8
2033-01-08 04:52:49	-6611.39	-2061.2	198.81	44855598	-128541600	-55718786	353386.5	106422.9	51025.7
2033-01-08 05:02:06	-4255.17	-5464.91	-163.68	44871674	-128536892	-55716746	353220.2	106956.1	51201.6
2033-01-08 05:11:23	-368.06	-6902.53	-467.13	44887749	-128532182	-55714705	353053.1	107489.2	51377.3
2033-01-08 05:20:40	3651.49	-5856.85	-602.07	44903823	-128527471	-55712664	352885.1	108021.9	51552.9
2033-01-08 05:29:58	6357.38	-2704.09	-519.83	44919897	-128522757	-55710622	352716.3	108554.4	51728.3
2033-01-08 05:39:15	6776.09	1421.49	-250.08	44935971	-128518043	-55708579	352546.6	109086.7	51903.7
2033-01-08 05:48:32	4756.98	5035.64	109.89	44952044	-128513326	-55706535	352376	109618.6	52078.9
2033-01-08 05:57:49	1026.44	6838.12	430.21	44968116	-128508608	-55704491	352204.6	110150.3	52254
2033-01-08 06:07:06	-3073.4	6180.48	595.35	44984187	-128503889	-55702446	352032.3	110681.8	52428.9
2033-01-08 06:16:23	-6067.55	3299.32	545.73	45000258	-128499167	-55700400	351859.2	111212.9	52603.7
2033-01-08 06:25:41	-6878.81	-768.8	299.25	45016329	-128494444	-55698354	351685.2	111743.8	52778.4
2033-01-08 06:34:58	-5215.28	-4560.3	-55.17	45032399	-128489720	-55696307	351510.4	112274.4	52953
2033-01-08 06:44:15	-1675.45	-6711.15	-389.7	45048468	-128484993	-55694259	351334.7	112804.8	53127.4
2033-01-08 06:53:32	2467.18	-6447.55	-583.64	45064536	-128480266	-55692210	351158.1	113334.9	53301.7
2033-01-08 07:02:49	5722.22	-3864.36	-567.06	45080604	-128475536	-55690161	350980.7	113864.7	53475.9
2033-01-08 07:12:07	6918.6	109.09	-345.92	45096672	-128470805	-55688111	350802.5	114394.2	53650
2033-01-08 07:21:24	5625.89	4043.26	0	45112739	-128466072	-55686060	350623.4	114923.4	53823.9
2033-01-08 07:30:41	2309.15	6522.79	345.92	45128805	-128461337	-55684008	350443.4	115452.4	53997.7
2033-01-08 07:39:58	-1838.37	6655.63	567.06	45144871	-128456601	-55681956	350262.6	115981.1	54171.4
2033-01-08 07:49:15	-5324.53	4394.01	583.64	45160936	-128451863	-55679903	350080.9	116509.5	54344.9
2033-01-08 07:58:32	-6895.1	551.6	389.7	45177000	-128447123	-55677850	349898.4	117037.6	54518.3
2033-01-08 08:07:50	-5985.05	-3489.24	55.17	45193064	-128442382	-55675795	349715.1	117565.5	54691.5
2033-01-08 08:17:07	-2921.75	-6274.74	-299.25	45209127	-128437639	-55673740	349530.9	118093	54864.7
2033-01-08 08:26:24	1192.72	-6802.81	-545.73	45225190	-128432895	-55671684	349345.8	118620.3	55037.7
2033-01-08 08:35:41	4878.11	-4883.46	-595.35	45241252	-128428148	-55669628	349159.9	119147.3	55210.5
2033-01-08 08:44:58	6808.53	-1207.22	-430.21	45257314	-128423400	-55667571	348973.1	119674	55383.3
2033-01-08 08:54:15	6289.46	2903.3	-109.89	45273374	-128418651	-55665513	348785.5	120200.4	55555.9
2033-01-08 09:03:33	3507.63	5969.3	250.08	45289435	-128413900	-55663454	348597.1	120726.5	55728.3
2033-01-08 09:12:50	-536.15	6887.73	519.83	45305494	-128409147	-55661394	348407.8	121252.3	55900.7
2033-01-08 09:22:07	-4387.07	5328.2	602.07	45321554	-128404392	-55659334	348217.6	121777.8	56072.9
2033-01-08 09:31:24	-6659.67	1851.78	467.13	45337612	-128399636	-55657274	348026.6	122303.1	56244.9
2033-01-08 09:40:41	-6536.35	-2290.82	163.68	45353670	-128394878	-55655212	347834.8	122828	56416.8
2033-01-08 09:49:59	-4061.45	-5609.25	-198.81	45369727	-128390119	-55653150	347642.1	123352.6	56588.6
2033-01-08 09:59:16	-125.35	-6909.64	-489.58	45385784	-128385358	-55651087	347448.6	123877	56760.3
2033-01-08 10:08:33	3855.87	-5724.19	-603.75	45401840	-128380595	-55649023	347254.3	124401	56931.8
2033-01-08 10:17:50	6449.89	-2479.38	-500.13	45417896	-128375830	-55646959	347059.1	124924.8	57103.2
2033-01-08 10:27:07	6723.46	1657.4	-216.1	45433951	-128371064	-55644893	346863	125448.2	57274.4
2033-01-08 10:36:24	4578.13	5197.89	145.88	45450005	-128366297	-55642828	346666.1	125971.3	57445.5
2033-01-08 10:45:42	785.72	6868.33	455.24	45466059	-128361527	-55640761	346468.4	126494.2	57616.5
2033-01-08 10:54:59	-3289.39	6067.78	600.39	45482112	-128356756	-55638694	346269.8	127016.7	57787.3
2033-01-08 11:04:16	-6181.1	3084.27	528.96	45498164	-128351983	-55636626	346070.4	127538.9	57958
2033-01-08 11:13:33	-6849.06	-1008.84	266.72	45514216	-128347209	-55634557	345870.2	128060.8	58128.5
2033-01-08 11:22:50	-5052.95	-4738.98	-91.73	45530268	-128342433	-55632487	345669.1	128582.4	58298.9
2033-01-08 11:32:08	-1438.92	-6764.18	-417.09	45546318	-128337655	-55630417	345467.2	129103.7	58469.2
2033-01-08 11:41:25	2692.8	-6355.86	-592	45562368	-128332876	-55628346	345264.5	129624.7	58639.3
2033-01-08 11:50:42	5855.76	-3660.93	-553.35	45578418	-128328095	-55626275	345060.9	130145.4	58809.3
2033-01-08 11:59:59	6912.02	351.06	-315.1	45594467	-128323312	-55624202	344856.5	130665.7	58979.1
2033-01-08 12:09:16	5481.55	4236.72	36.81	45610515	-128318528	-55622129	344651.2	131185.8	59148.8
2033-01-08 12:18:33	2078.98	6598.14	375.45	45626563	-128313742	-55620056	344445.1	131705.5	59318.3
2033-01-08 12:27:51	-2071.57	6585.77	578.65	45642610	-128308954	-55617981	344238.2	132224.9	59487.7
2033-01-08 12:37:08	-5476.85	4204.07	573.12	45658657	-128304165	-55615906	344030.4	132744	59657
2033-01-08 12:46:25	-6911.75	309.91	360.85	45674703	-128299374	-55613830	343821.9	133262.7	59826.1
2033-01-08 12:55:42	-5860.03	-3695.72	18.41	45690748	-128294581	-55611753	343612.4	133781.2	59995.1
2033-01-08 13:04:59	-2700.04	-6371.74	-330.67	45706793	-128289787	-55609676	343402.2	134299.3	60163.9
2033-01-08 13:14:17	1431.36	-6755.42	-560.47	45722837	-128284991	-55607598	343191.1	134817.1	60332.6
2033-01-08 13:23:34	5047.82	-4708.74	-588.09	45738880	-128280193	-55605519	342979.2	135334.6	60501.2
2033-01-08 13:32:51	6848.26	-968.03	-403.58	45754923	-128275394	-55603440	342766.5	135851.7	60669.5
2033-01-08 13:42:08	6184.91	3120.91	-73.49	45770966	-128270593	-55601359	342552.9	136368.6	60837.8
2033-01-08 13:51:25	3296.41	6087.04	283.12	45787007	-128265790	-55599278	342338.5	136885.1	61005.9
2033-01-08 14:00:42	-778.04	6863.25	537.59	45803048	-128260986	-55597197	342123.3	137401.2	61173.9
2033-01-08 14:10:00	-4572.61	5170.3	598.15	45819089	-128256180	-55595114	341907.2	137917.1	61341.7
2033-01-08 14:19:17	-6722.11	1617.27	442.93	45835129	-128251373	-55593031	341690.4	138432.6	61509.3
2033-01-08 14:28:34	-6453.22	-2517.57	127.94	45851168	-128246564	-55590947	341472.7	138947.7	61676.8
2033-01-08 14:37:51	-3862.65	-5746.66	-233.2	45867207	-128241753	-55588863	341254.1	139462.6	61844.2
2033-01-08 14:47:08	117.59	-6908.29	-510.22	45883245	-128236940	-55586778	341034.8	139977.1	62011.4
2033-01-08 14:56:25	4055.56	-5584.55	-603.19	45899282	-128232126	-55584692	340814.6	140491.2	62178.5
2033-01-08 15:05:43	6534.48	-2251.7	-478.58	45915319	-128227310	-55582605	340593.6	141005.1	62345.4
2033-01-08 15:15:00	6662.51	1891.21	-181.33	45931356	-128222493	-55580518	340371.8	141518.6	62512.2
2033-01-08 15:24:17	4393.57	5353.71	181.33	45947391	-128217674	-55578429	340149.2	142031.7	62678.8
2033-01-08 15:33:34	543.95	6890.11	478.58	45963426	-128212853	-55576341	339925.8	142544.5	62845.3
2033-01-08 15:42:51	-3501.39	5947.69	603.19	45979461	-128208030	-55574251	339701.5	143057	63011.6
2033-01-08 15:52:09	-6287.06	2865.51	510.22	45995495	-128203206	-55572161	339476.4	143569.1	63177.8
2033-01-08 16:01:26	-6810.86	-1247.57	233.2	46011528	-128198381	-55570070	339250.5	144080.9	63343.8
2033-01-08 16:10:43	-4884.32	-4911.78	-127.94	46027561	-128193553	-55567978	339023.8	144592.3	63509.6
2033-01-08 16:20:00	-1200.54	-6808.9	-442.93	46043593	-128188724	-55565886	338796.2	145103.4	63675.3
2033-01-08 16:29:17	2915.18	-6256.4	-598.15	46059624	-128183893	-55563792	338567.8	145614.2	63840.9
2033-01-08 16:38:34	5982.13	-3453.08	-537.59	46075655	-128179061	-55561699	338338.7	146124.5	64006.3
2033-01-08 16:47:52	6896.91	592.52	-283.12	46091685	-128174227	-55559604	338108.7	146634.6	64171.6
2033-01-08 16:57:09	5330.4	4424.93	73.49	46107715	-128169391	-55557509	337877.9	147144.3	64336.7
2033-01-08 17:06:26	1846.17	6665.39	403.58	46123744	-128164554	-55555413	337646.3	147653.6	64501.6
2033-01-08 17:15:43	-2302.28	6507.86	588.09	46139772	-128159715	-55553316	337413.8	148162.6	64666.4
2033-01-08 17:25:00	-5622.46	4009.04	560.47	46155800	-128154874	-55551218	337180.6	148671.2	64831
2033-01-08 17:34:18	-6919.87	67.92	330.67	46171827	-128150032	-55549120	336946.5	149179.5	64995.5
2033-01-08 17:43:35	-5727.73	-3897.61	-18.41	46187854	-128145188	-55547021	336711.7	149687.4	65159.8
2033-01-08 17:52:52	-2474.92	-6460.89	-360.85	46203880	-128140342	-55544922	336476	150195	65324
2033-01-08 18:02:09	1668.31	-6699.76	-573.12	46219905	-128135495	-55542821	336239.5	150702.2	65488
2033-01-08 18:11:26	5211.35	-4528.3	-578.65	46235930	-128130646	-55540720	336002.2	151209	65651.9
2033-01-08 18:20:43	6879.54	-727.73	-375.45	46251954	-128125796	-55538619	335764.1	151715.5	65815.6
2033-01-08 18:30:01	6072.68	3334.63	-36.81	46267978	-128120944	-55536516	335525.2	152221.6	65979.1
2033-01-08 18:39:18	3081.05	6197.29	315.1	46284001	-128116090	-55534413	335285.5	152727.3	66142.5
2033-01-08 18:48:35	-1019.06	6830.37	553.35	46300023	-128111234	-55532309	335044.9	153232.7	66305.7
2033-01-08 18:57:52	-4752.57	5006.12	592	46316045	-128106377	-55530204	334803.6	153737.7	66468.8
2033-01-08 19:07:09	-6776.27	1380.86	417.09	46332066	-128101518	-55528099	334561.5	154242.4	66631.7
2033-01-08 19:16:26	-6362.09	-2741.16	91.73	46348086	-128096658	-55525993	334318.5	154746.7	66794.4
2033-01-08 19:25:44	-3659.02	-5876.99	-266.72	46364106	-128091795	-55523886	334074.8	155250.6	66957
2033-01-08 19:35:01	360.47	-6898.47	-528.96	46380126	-128086932	-55521779	333830.2	155754.1	67119.4
2033-01-08 19:44:18	4250.29	-5438.12	-600.39	46396144	-128082066	-55519671	333584.9	156257.3	67281.7
2033-01-08 19:53:35	6611.02	-2021.34	-455.24	46412162	-128077199	-55517562	333338.8	156760.1	67443.8
2033-01-08 20:02:52	6593.31	2122.63	-145.88	46428180	-128072330	-55515452	333091.8	157262.5	67605.8
2033-01-08 20:12:10	4203.53	5502.93	216.1	46444197	-128067460	-55513342	332844.1	157764.5	67767.5
2033-01-08 20:21:27	301.44	6903.45	500.13	46460213	-128062588	-55511231	332595.5	158266.2	67929.2
2033-01-08 20:30:44	-3709.13	5820.35	603.75	46476228	-128057714	-55509119	332346.2	158767.5	68090.6
2033-01-08 20:40:01	-6385.28	2643.3	489.58	46492243	-128052839	-55507006	332096	159268.4	68251.9
2033-01-08 20:49:18	-6764.22	-1484.69	198.81	46508258	-128047962	-55504893	331845.1	159769	68413.1
2033-01-08 20:58:35	-4709.61	-5078.52	-163.68	46524272	-128043083	-55502779	331593.4	160269.1	68574
2033-01-08 21:07:53	-960.6	-6845.26	-467.13	46540285	-128038203	-55500665	331340.8	160768.9	68734.8
2033-01-08 21:17:10	3134.02	-6149.31	-602.07	46556297	-128033321	-55498549	331087.5	161268.3	68895.5
2033-01-08 21:26:27	6101.14	-3241.06	-519.83	46572309	-128028437	-55496433	330833.4	161767.3	69056
2033-01-08 21:35:44	6873.27	833.19	-250.08	46588321	-128023552	-55494316	330578.5	162265.9	69216.3
2033-01-08 21:45:01	5172.61	4607.66	109.89	46604331	-128018665	-55492199	330322.8	162764.1	69376.4
2033-01-08 21:54:19	1611	6724.45	430.21	46620342	-128013776	-55490081	330066.3	163262	69536.4
2033-01-08 22:03:36	-2530.22	6422	595.35	46636351	-128008886	-55487962	329809	163759.4	69696.2
2033-01-08 22:12:53	-5761.17	3809.15	545.73	46652360	-128003994	-55485842	329550.9	164256.5	69855.9
2033-01-08 22:22:10	-6919.44	-174.08	299.25	46668368	-127999101	-55483722	329292	164753.2	70015.4
2033-01-08 22:31:27	-5588.32	-4094.66	-55.17	46684376	-127994206	-55481600	329032.4	165249.4	70174.7
2033-01-08 22:40:44	-2246.68	-6542.11	-389.7	46700383	-127989309	-55479479	328771.9	165745.3	70333.9
2033-01-08 22:50:02	1903.27	-6635.93	-583.64	46716389	-127984410	-55477356	328510.7	166240.8	70492.9
2033-01-08 22:59:19	5368.5	-4342.38	-567.06	46732395	-127979510	-55475233	328248.7	166735.9	70651.7
2033-01-08 23:08:36	6902.33	-486.61	-345.92	46748400	-127974608	-55473109	327985.9	167230.6	70810.3
2033-01-08 23:17:53	5952.92	3544.2	0	46764405	-127969705	-55470984	327722.3	167724.9	70968.8
2033-01-08 23:27:10	2861.82	6299.91	345.92	46780409	-127964800	-55468859	327457.9	168218.8	71127.1
2033-01-08 23:36:28	-1258.88	6789.13	567.06	46796412	-127959893	-55466733	327192.8	168712.3	71285.3
2033-01-08 23:45:45	-4926.71	4835.85	583.64	46812415	-127954984	-55464606	326926.8	169205.4	71443.3
2033-01-08 23:55:02	-6822.07	1142.83	389.7	46828417	-127950074	-55462478	326660.1	169698.2	71601.1
2033-01-09 00:04:19	-6263.07	-2961.33	55.17	46844419	-127945163	-55460350	326392.6	170190.5	71758.7
2033-01-09 00:13:36	-3450.81	-6000.08	-299.25	46860420	-127940249	-55458221	326124.3	170682.3	71916.2
2033-01-09 00:22:53	602.97	-6880.2	-545.73	46876420	-127935334	-55456091	325855.3	171173.8	72073.5
2033-01-09 00:32:11	4439.84	-5285.07	-595.35	46892420	-127930418	-55453961	325585.4	171664.9	72230.6
2033-01-09 00:41:28	6679.41	-1788.57	-430.21	46908419	-127925499	-55451830	325314.8	172155.6	72387.5
2033-01-09 00:50:45	6515.94	2351.38	-109.89	46924417	-127920579	-55449698	325043.4	172645.9	72544.3
2033-01-09 01:00:02	4008.24	5645.36	250.08	46940415	-127915658	-55447565	324771.2	173135.7	72700.9
2033-01-09 01:09:19	58.48	6908.32	519.83	46956412	-127910735	-55445432	324498.3	173625.2	72857.4
2033-01-09 01:18:36	-3912.34	5685.92	602.07	46972409	-127905810	-55443298	324224.5	174114.2	73013.6
2033-01-09 01:27:54	-6475.65	2417.93	467.13	46988405	-127900883	-55441164	323950	174602.8	73169.7
2033-01-09 01:37:11	-6709.22	-1719.93	163.68	47004400	-127895955	-55439028	323674.8	175091.1	73325.7
2033-01-09 01:46:28	-4529.02	-5238.99	-198.81	47020395	-127891025	-55436892	323398.7	175578.8	73481.4
2033-01-09 01:55:45	-719.41	-6873.23	-489.58	47036389	-127886093	-55434755	323121.9	176066.2	73637
2033-01-09 02:05:02	3349.05	-6034.73	-603.75	47052382	-127881160	-55432618	322844.3	176553.2	73792.4
2033-01-09 02:14:20	6212.64	-3025.15	-500.13	47068375	-127876225	-55430479	322566	177039.7	73947.6
2033-01-09 02:23:37	6841.13	1072.76	-216.1	47084368	-127871289	-55428340	322286.8	177525.9	74102.6
2033-01-09 02:32:54	5008.39	4784.7	145.88	47100359	-127866351	-55426201	322006.9	178011.6	74257.5
2033-01-09 02:42:11	1373.77	6775.25	455.24	47116350	-127861411	-55424060	321726.3	178496.8	74412.2
2033-01-09 02:51:28	-2755.11	6328.31	600.39	47132341	-127856470	-55421919	321444.8	178981.7	74566.7
2033-01-09 03:00:45	-5892.8	3604.67	528.96	47148331	-127851527	-55419777	321162.6	179466.1	74721.1
2033-01-09 03:10:03	-6910.47	-415.79	266.72	47164320	-127846582	-55417635	320879.7	179950.2	74875.2
2033-01-09 03:19:20	-5441.96	-4286.63	-91.73	47180308	-127841636	-55415491	320595.9	180433.7	75029.2
2033-01-09 03:28:37	-2015.59	-6615.29	-417.09	47196296	-127836688	-55413347	320311.4	180916.9	75183
2033-01-09 03:37:54	2135.94	-6563.98	-592	47212283	-127831738	-55411203	320026.2	181399.6	75336.7
2033-01-09 03:47:11	5519.05	-4151.19	-553.35	47228270	-127826787	-55409057	319740.1	181881.9	75490.1
2033-01-09 03:56:29	6916.59	-244.97	-315.1	47244256	-127821834	-55406911	319453.4	182363.8	75643.4
2033-01-09 04:05:46	5825.76	3749.36	36.81	47260242	-127816879	-55404764	319165.8	182845.2	75796.5
2033-01-09 04:15:03	2638.99	6394.79	375.45	47276227	-127811923	-55402617	318877.5	183326.3	75949.4
2033-01-09 04:24:20	-1497.23	6739.59	578.65	47292211	-127806965	-55400468	318588.4	183806.8	76102.2
2033-01-09 04:33:37	-5094.81	4659.72	573.12	47308194	-127802005	-55398319	318298.6	184287	76254.7
2033-01-09 04:42:54	-6859.45	903.47	360.85	47324177	-127797044	-55396170	318008	184766.7	76407.1
2033-01-09 04:52:12	-6156.28	-3177.8	18.41	47340160	-127792081	-55394019	317716.7	185245.9	76559.3
2033-01-09 05:01:29	-3238.26	-6115.79	-330.67	47356141	-127787117	-55391868	317424.6	185724.8	76711.3
2033-01-09 05:10:46	844.8	-6853.52	-560.47	47372122	-127782151	-55389716	317131.8	186203.2	76863.2
2033-01-09 05:20:03	4623.95	-5125.6	-588.09	47388103	-127777183	-55387564	316838.2	186681.1	77014.8
2033-01-09 05:29:20	6739.57	-1553.68	-403.58	47404083	-127772213	-55385410	316543.8	187158.6	77166.3
2033-01-09 05:38:38	6430.5	2577.18	-73.49	47420062	-127767242	-55383256	316248.7	187635.7	77317.6
2033-01-09 05:47:55	3807.93	5780.84	283.12	47436041	-127762269	-55381102	315952.8	188112.4	77468.7
2033-01-09 05:57:12	-184.63	6904.74	537.59	47452019	-127757295	-55378946	315656.2	188588.5	77619.6
2033-01-09 06:06:29	-4110.79	5544.57	598.15	47467996	-127752319	-55376790	315358.8	189064.3	77770.4
2033-01-09 06:15:46	-6558.03	2189.66	442.93	47483973	-127747341	-55374633	315060.7	189539.6	77920.9
2033-01-09 06:25:03	-6645.9	-1952.99	127.94	47499949	-127742362	-55372476	314761.9	190014.4	78071.3
2033-01-09 06:34:21	-4342.78	-5393	-233.2	47515924	-127737381	-55370317	314462.3	190488.8	78221.5
2033-01-09 06:43:38	-477.25	-6892.78	-510.22	47531899	-127732398	-55368158	314161.9	190962.8	78371.5
2033-01-09 06:52:55	3560.01	-5912.79	-603.19	47547873	-127727414	-55365999	313860.8	191436.3	78521.3
2033-01-09 07:02:12	6316.5	-2805.59	-478.58	47563847	-127722428	-55363838	313558.9	191909.3	78671
2033-01-09 07:11:29	6800.52	1310.94	-181.33	47579820	-127717441	-55361677	313256.3	192381.9	78820.4
2033-01-09 07:20:46	4837.93	4955.82	181.33	47595792	-127712451	-55359515	312953	192854.1	78969.7
2033-01-09 07:30:04	1134.78	6817.76	478.58	47611764	-127707461	-55357353	312648.9	193325.8	79118.8
2033-01-09 07:39:21	-2976.65	6226.9	603.19	47627735	-127702468	-55355189	312344.1	193797	79267.7
2033-01-09 07:48:38	-6017.19	3395.83	510.22	47643706	-127697474	-55353025	312038.5	194267.8	79416.4
2033-01-09 07:57:55	-6892.94	-656.92	233.2	47659676	-127692478	-55350861	311732.2	194738.1	79564.9
2033-01-09 08:07:12	-5288.83	-4473.31	-127.94	47675645	-127687481	-55348695	311425.2	195208	79713.3
2033-01-09 08:16:30	-1781.94	-6680.35	-442.93	47691614	-127682481	-55346529	311117.4	195677.4	79861.4
2033-01-09 08:25:47	2366.05	-6484.03	-598.15	47707582	-127677481	-55344362	310808.9	196146.4	80009.4
2033-01-09 08:35:04	5662.83	-3954.99	-537.59	47723549	-127672478	-55342195	310499.6	196614.8	80157.2
2033-01-09 08:44:21	6922.31	-3.1	-283.12	47739516	-127667474	-55340026	310189.6	197082.9	80304.7
2033-01-09 08:53:38	5691.36	3949.88	73.49	47755482	-127662469	-55337857	309878.9	197550.4	80452.1
2033-01-09 09:02:55	2412.83	6481.82	403.58	47771447	-127657461	-55335688	309567.4	198017.5	80599.4
2033-01-09 09:12:13	-1733.79	6681.82	588.09	47787412	-127652452	-55333517	309255.2	198484.2	80746.4
2033-01-09 09:21:30	-5256.66	4477.94	560.47	47803376	-127647442	-55331346	308942.3	198950.3	80893.2
2033-01-09 09:30:47	-6888.36	663.07	330.67	47819340	-127642429	-55329174	308628.6	199416	81039.8
2033-01-09 09:40:04	-6041.85	-3390.32	-18.41	47835303	-127637415	-55327002	308314.2	199881.3	81186.3
2033-01-09 09:49:21	-3021.65	-6223.98	-360.85	47851265	-127632400	-55324828	307999.1	200346	81332.6
2033-01-09 09:58:39	1085.66	-6818.46	-573.12	47867227	-127627383	-55322654	307683.2	200810.3	81478.6
2033-01-09 10:07:56	4802.4	-4959.91	-578.65	47883188	-127622364	-55320480	307366.7	201274.1	81624.5
2033-01-09 10:17:13	6791.41	-1316.96	-375.45	47899149	-127617343	-55318304	307049.3	201737.5	81770.2
2033-01-09 10:26:30	6337.08	2799.76	-36.81	47915108	-127612321	-55316128	306731.3	202200.4	81915.7
2033-01-09 10:35:47	3602.86	5909.2	315.1	47931068	-127607297	-55313951	306412.5	202662.8	82061
2033-01-09 10:45:04	-427.58	6892.72	553.35	47947026	-127602272	-55311774	306093	203124.7	82206.1
2033-01-09 10:54:22	-4304.2	5396.47	592	47962984	-127597245	-55309595	305772.8	203586.1	82351
2033-01-09 11:03:39	-6632.33	1958.78	417.09	47978941	-127592216	-55307416	305451.9	204047.1	82495.7
2033-01-09 11:12:56	-6574.35	-2183.59	91.73	47994898	-127587186	-55305237	305130.2	204507.6	82640.3
2033-01-09 11:22:13	-4151.12	-5540.36	-266.72	48010854	-127582154	-55303056	304807.8	204967.6	82784.6
2033-01-09 11:31:30	-234.43	-6903.9	-528.96	48026810	-127577120	-55300875	304484.7	205427.2	82928.8
2033-01-09 11:40:48	3766.62	-5783.65	-600.39	48042764	-127572085	-55298693	304160.9	205886.2	83072.7
2033-01-09 11:50:05	6412.58	-2582.67	-455.24	48058719	-127567048	-55296511	303836.4	206344.8	83216.5
2033-01-09 11:59:22	6751.49	1547.45	-145.88	48074672	-127562009	-55294327	303511.1	206802.9	83360
2033-01-09 12:08:39	4661.43	5120.84	216.1	48090625	-127556969	-55292143	303185.1	207260.5	83503.4
2033-01-09 12:17:56	894.31	6851.91	500.13	48106577	-127551927	-55289959	302858.4	207717.6	83646.6
2033-01-09 12:27:13	-3194.57	6117.9	603.75	48122529	-127546883	-55287773	302531	208174.2	83789.5
2033-01-09 12:36:31	-6134.17	3182.9	489.58	48138480	-127541838	-55285587	302202.9	208630.4	83932.3
2033-01-09 12:45:48	-6866.89	-897.18	198.81	48154430	-127536791	-55283400	301874.1	209086	84074.9
2033-01-09 12:55:05	-5129.11	-4654.46	-163.68	48170380	-127531743	-55281213	301544.5	209541.2	84217.3
2033-01-09 13:04:22	-1546.02	-6737.22	-467.13	48186329	-127526693	-55279024	301214.2	209995.9	84359.5
2033-01-09 13:13:39	2593.29	-6396.16	-602.07	48202278	-127521641	-55276835	300883.3	210450.1	84501.5
2033-01-09 13:22:56	5799.64	-3754	-519.83	48218225	-127516588	-55274646	300551.6	210903.8	84643.3
2033-01-09 13:32:14	6919.47	238.7	-250.08	48234173	-127511533	-55272455	300219.2	211357	84784.9
2033-01-09 13:41:31	5549.89	4145.51	109.89	48250119	-127506476	-55270264	299886.1	211809.7	84926.3
2033-01-09 13:50:48	2183.61	6560.89	430.21	48266065	-127501417	-55268072	299552.3	212261.9	85067.5
2033-01-09 14:00:05	-1968.27	6615.89	595.35	48282011	-127496358	-55265880	299217.8	212713.6	85208.5
2033-01-09 14:09:22	-5412.06	4290.73	545.73	48297955	-127491296	-55263687	298882.5	213164.8	85349.3
2033-01-09 14:18:40	-6908.76	421.94	299.25	48313899	-127486233	-55261493	298546.6	213615.6	85489.9
2033-01-09 14:27:57	-5919.91	-3598.64	-55.17	48329843	-127481168	-55259298	298210	214065.8	85630.3
2033-01-09 14:37:14	-2801.25	-6324.53	-389.7	48345786	-127476101	-55257103	297872.6	214515.5	85770.5
2033-01-09 14:46:31	1325.24	-6775.08	-583.64	48361728	-127471033	-55254906	297534.6	214964.7	85910.5
2033-01-09 14:55:48	4974.96	-4788.19	-567.06	48377669	-127465963	-55252710	297195.9	215413.5	86050.3
2033-01-09 15:05:05	6834.86	-1078.7	-345.92	48393610	-127460892	-55250512	296856.4	215861.7	86189.9
2033-01-09 15:14:23	6235.79	3018.85	0	48409550	-127455818	-55248314	296516.3	216309.4	86329.3
2033-01-09 15:23:40	3393.27	6030.31	345.92	48425490	-127450744	-55246115	296175.4	216756.6	86468.5
2033-01-09 15:32:57	-670.06	6872.27	567.06	48441429	-127445667	-55243915	295833.9	217203.3	86607.5
2033-01-09 15:42:14	-4492.35	5241.83	583.64	48457367	-127440589	-55241715	295491.7	217649.5	86746.3
2033-01-09 15:51:31	-6698.44	1725.58	389.7	48473305	-127435509	-55239514	295148.8	218095.2	86884.9
2033-01-09 16:00:49	-6494.64	-2411.46	55.17	48489242	-127430428	-55237312	294805.1	218540.4	87023.3
2033-01-09 16:10:06	-3954.27	-5680.91	-299.25	48505178	-127425345	-55235109	294460.8	218985.1	87161.5
2033-01-09 16:19:23	8.75	-6906.57	-545.73	48521114	-127420260	-55232906	294115.8	219429.3	87299.5
2033-01-09 16:28:40	3968.63	-5647.48	-595.35	48537049	-127415174	-55230702	293770.1	219872.9	87437.3
2033-01-09 16:37:57	6500.75	-2356.65	-430.21	48552984	-127410086	-55228498	293423.7	220316.1	87574.9
2033-01-09 16:47:14	6694.1	1782.01	-109.89	48568918	-127404997	-55226292	293076.6	220758.7	87712.2
2033-01-09 16:56:32	4479.11	5279.54	250.08	48584851	-127399905	-55224086	292728.9	221200.8	87849.4
2033-01-09 17:05:49	652.67	6877.67	519.83	48600784	-127394813	-55221879	292380.4	221642.4	87986.4
2033-01-09 17:15:06	-3408.61	6001.46	602.07	48616716	-127389718	-55219672	292031.2	222083.5	88123.2
2033-01-09 17:24:23	-6243.59	2966.14	467.13	48632647	-127384622	-55217464	291681.4	222524.1	88259.7
2033-01-09 17:33:40	-6832.33	-1136.27	163.68	48648578	-127379524	-55215255	291330.9	222964.1	88396.1
2033-01-09 17:42:57	-4963	-4829.87	-198.81	48664508	-127374425	-55213045	290979.7	223403.7	88532.2
2033-01-09 17:52:15	-1308.13	-6785.84	-489.58	48680437	-127369324	-55210835	290627.8	223842.7	88668.2
2033-01-09 18:01:32	2817.39	-6300.51	-603.75	48696366	-127364221	-55208624	290275.2	224281.2	88803.9
2033-01-09 18:10:49	5929.31	-3548.48	-500.13	48712294	-127359117	-55206412	289922	224719.1	88939.5
2033-01-09 18:20:06	6908.06	480.15	-216.1	48728222	-127354011	-55204199	289568	225156.6	89074.8
2033-01-09 18:29:23	5401.5	4336.02	145.88	48744149	-127348903	-55201986	289213.4	225593.5	89209.9
2033-01-09 18:38:41	1951.64	6631.93	455.24	48760075	-127343794	-55199772	288858.1	226029.9	89344.8
2033-01-09 18:47:58	-2200.39	6541.9	600.39	48776000	-127338683	-55197558	288502.1	226465.8	89479.5
2033-01-09 18:57:15	-5560.8	4098.33	528.96	48791925	-127333570	-55195342	288145.5	226901.2	89614
2033-01-09 19:06:32	-6920.61	180.35	266.72	48807850	-127328456	-55193126	287788.2	227336	89748.3
2033-01-09 19:15:49	-5790.61	-3802.5	-91.73	48823773	-127323340	-55190909	287430.2	227770.3	89882.4
2033-01-09 19:25:06	-2577.31	-6417.33	-417.09	48839696	-127318223	-55188692	287071.5	228204.1	90016.3
2033-01-09 19:34:24	1563.24	-6723.42	-592	48855619	-127313104	-55186474	286712.1	228637.3	90149.9
2033-01-09 19:43:41	5141.41	-4610.67	-553.35	48871541	-127307983	-55184255	286352.1	229070	90283.4
2033-01-09 19:52:58	6869.87	-839.18	-315.1	48887462	-127302861	-55182035	285991.4	229502.2	90416.6
2033-01-09 20:02:15	6126.76	3234.2	36.81	48903382	-127297736	-55179815	285630.1	229933.8	90549.7
2033-01-09 20:11:32	3179.42	6144.01	375.45	48919302	-127292611	-55177594	285268	230365	90682.5
2033-01-09 20:20:50	-911.79	6843.42	578.65	48935221	-127287483	-55175372	284905.3	230795.5	90815.1
2033-01-09 20:30:07	-4674.98	5080.81	573.12	48951140	-127282355	-55173150	284541.9	231225.6	90947.5
2033-01-09 20:39:24	-6756.28	1490.32	360.85	48967058	-127277224	-55170927	284177.9	231655.1	91079.7
2033-01-09 20:48:41	-6406.88	-2636.32	18.41	48982975	-127272092	-55168703	283813.2	232084.1	91211.7
2033-01-09 20:57:58	-3752.47	-5814.48	-330.67	48998892	-127266958	-55166478	283447.8	232512.5	91343.5
2033-01-09 21:07:15	251.97	-6900.79	-560.47	49014808	-127261822	-55164253	283081.8	232940.4	91475
2033-01-09 21:16:33	4165.79	-5504.45	-588.09	49030723	-127256685	-55162027	282715.1	233367.7	91606.4
2033-01-09 21:25:50	6580.89	-2127.81	-403.58	49046638	-127251546	-55159800	282347.7	233794.6	91737.5
2033-01-09 21:35:07	6628.4	2014.32	-73.49	49062552	-127246406	-55157573	281979.7	234220.8	91868.5
2033-01-09 21:44:24	4291.21	5431.75	283.12	49078465	-127241264	-55155345	281611	234646.6	91999.2
2033-01-09 21:53:41	410.16	6895.02	537.59	49094378	-127236120	-55153116	281241.7	235071.8	92129.7
2033-01-09 22:02:59	-3618.48	5877.71	598.15	49110290	-127230975	-55150886	280871.7	235496.4	92260
2033-01-09 22:12:16	-6345.31	2745.81	442.93	49126201	-127225828	-55148656	280501.1	235920.5	92390.1
2033-01-09 22:21:33	-6789.3	-1373.91	127.94	49142112	-127220679	-55146425	280129.7	236344.1	92519.9
2033-01-09 22:30:50	-4790.7	-4999.33	-233.2	49158023	-127215529	-55144193	279757.8	236767.1	92649.6
2033-01-09 22:40:07	-1068.55	-6826.16	-510.22	49173932	-127210377	-55141961	279385.2	237189.5	92779
2033-01-09 22:49:24	3038.05	-6197.17	-603.19	49189841	-127205223	-55139728	279011.9	237611.4	92908.2
2033-01-09 22:58:42	6051.68	-3338.67	-478.58	49205749	-127200068	-55137494	278638	238032.8	93037.2
2033-01-09 23:07:59	6888.1	720.95	-181.33	49221657	-127194911	-55135259	278263.4	238453.6	93166
2033-01-09 23:17:16	5246.39	4521.18	181.33	49237564	-127189753	-55133024	277888.2	238873.9	93294.6
2033-01-09 23:26:33	1717.19	6694.83	478.58	49253470	-127184593	-55130788	277512.3	239293.6	93423
2033-01-09 23:35:50	-2429.83	6459.93	603.19	49269376	-127179431	-55128551	277135.7	239712.8	93551.1
2033-01-09 23:45:07	-5702.69	3900.97	510.22	49285281	-127174267	-55126314	276758.6	240131.4	93679
2033-01-09 23:54:25	-6923.9	-61.4	233.2	49301185	-127169102	-55124076	276380.8	240549.4	93806.7
2033-01-10 00:03:42	-5654.11	-4001.66	-127.94	49317089	-127163936	-55121837	276002.3	240966.9	93934.2
2033-01-10 00:12:59	-2350.13	-6502.25	-442.93	49332992	-127158767	-55119598	275623.2	241383.9	94061.5
2033-01-10 00:22:16	1799.37	-6663.56	-598.15	49348895	-127153597	-55117357	275243.4	241800.2	94188.6
2033-01-10 00:31:33	5301.53	-4427.56	-537.59	49364796	-127148426	-55115116	274863	242216.1	94315.4
2033-01-10 00:40:51	6896.37	-598.7	-283.12	49380698	-127143252	-55112875	274482	242631.3	94442.1
2033-01-10 00:50:08	6010.11	3445.53	73.49	49396598	-127138078	-55110632	274100.3	243046	94568.5
2033-01-10 00:59:25	2961.59	6250.17	403.58	49412498	-127132901	-55108389	273718	243460.2	94694.7
2033-01-10 01:08:42	-1152.44	6806.22	588.09	49428397	-127127723	-55106145	273335	243873.8	94820.7
2033-01-10 01:17:59	-4851.88	4913.63	560.47	49444296	-127122543	-55103901	272951.4	244286.8	94946.4
2033-01-10 01:27:16	-6805.77	1253.31	330.67	49460194	-127117362	-55101656	272567.2	244699.2	95072
2033-01-10 01:36:34	-6311.15	-2857.9	-18.41	49476091	-127112179	-55099410	272182.3	245111.1	95197.3
2033-01-10 01:45:51	-3545.97	-5940.91	-360.85	49491988	-127106994	-55097163	271796.8	245522.5	95322.4
2033-01-10 01:55:08	494.95	-6886.59	-573.12	49507884	-127101808	-55094916	271410.7	245933.2	95447.3
2033-01-10 02:04:25	4357.83	-5354.72	-578.65	49523779	-127096620	-55092668	271023.9	246343.4	95571.9
2033-01-10 02:13:42	6652.91	-1896.43	-375.45	49539674	-127091430	-55090419	270636.5	246753.1	95696.4
2033-01-10 02:23:00	6554.48	2244.12	-36.81	49555568	-127086239	-55088170	270248.5	247162.1	95820.6
2033-01-10 02:32:17	4097.94	5577.29	315.1	49571461	-127081046	-55085919	269859.8	247570.6	95944.6
2033-01-10 02:41:34	167.07	6903.94	553.35	49587354	-127075851	-55083669	269470.5	247978.6	96068.4
2033-01-10 02:50:51	-3823.92	5746.81	592	49603246	-127070655	-55081417	269080.6	248385.9	96191.9
2033-01-10 03:00:08	-6439.19	2522.18	417.09	49619137	-127065457	-55079165	268690.1	248792.7	96315.3
2033-01-10 03:09:25	-6737.85	-1609.82	91.73	49635028	-127060258	-55076912	268298.9	249198.9	96438.4
2033-01-10 03:18:43	-4612.43	-5162.64	-266.72	49650918	-127055057	-55074658	267907.1	249604.6	96561.3
2033-01-10 03:28:00	-827.59	-6858.12	-528.96	49666808	-127049854	-55072403	267514.7	250009.6	96684
2033-01-10 03:37:17	3255.01	-6086.3	-600.39	49682697	-127044650	-55070148	267121.6	250414.1	96806.4
2033-01-10 03:46:34	6166.58	-3124.84	-455.24	49698585	-127039444	-55067892	266728	250818	96928.7
2033-01-10 03:55:51	6859.6	960.8	-145.88	49714472	-127034236	-55065636	266333.7	251221.4	97050.7
2033-01-10 04:05:09	5084.75	4700.76	216.1	49730359	-127029027	-55063379	265938.8	251624.1	97172.5
2033-01-10 04:14:26	1480.55	6749.55	500.13	49746245	-127023816	-55061121	265543.3	252026.3	97294
2033-01-10 04:23:43	-2656.33	6370.08	603.75	49762131	-127018603	-55058862	265147.1	252427.9	97415.4
2033-01-10 04:33:00	-5837.55	3698.9	489.58	49778016	-127013389	-55056603	264750.4	252828.9	97536.5
2033-01-10 04:42:17	-6918.61	-303	198.81	49793900	-127008173	-55054342	264353	253229.4	97657.4
2033-01-10 04:51:34	-5510.57	-4195.88	-163.68	49809784	-127002956	-55052082	263955	253629.2	97778
2033-01-10 05:00:52	-2119.98	-6579.21	-467.13	49825667	-126997737	-55049820	263556.4	254028.5	97898.5
2033-01-10 05:10:09	2033.33	-6595.58	-602.07	49841549	-126992516	-55047558	263157.2	254427.2	98018.7
2033-01-10 05:19:26	5455.13	-4239.09	-519.83	49857431	-126987294	-55045295	262757.4	254825.3	98138.7
2033-01-10 05:28:43	6914.35	-357.55	-250.08	49873312	-126982070	-55043031	262356.9	255222.9	98258.5
2033-01-10 05:38:00	5885.99	3652.61	109.89	49889192	-126976844	-55040767	261955.9	255619.8	98378
2033-01-10 05:47:17	2740.03	6348.68	430.21	49905072	-126971617	-55038502	261554.2	256016.2	98497.3
2033-01-10 05:56:35	-1391.73	6760.71	595.35	49920951	-126966388	-55036236	261152	256411.9	98616.4
2033-01-10 06:05:52	-5022.8	4740.49	545.73	49936829	-126961157	-55033969	260749.1	256807.1	98735.3
2033-01-10 06:15:09	-6846.84	1014.82	299.25	49952707	-126955925	-55031702	260345.6	257201.7	98854
2033-01-10 06:24:26	-6207.59	-3075.93	-55.17	49968584	-126950691	-55029434	259941.5	257595.7	98972.4
2033-01-10 06:33:43	-3335.04	-6060.05	-389.7	49984461	-126945456	-55027166	259536.9	257989.1	99090.6
2033-01-10 06:43:01	737.38	-6863.98	-583.64	50000337	-126940219	-55024896	259131.6	258382	99208.5
2033-01-10 06:52:18	4544.52	-5198.49	-567.06	50016212	-126934980	-55022626	258725.7	258774.2	99326.3
2033-01-10 07:01:35	6716.7	-1662.79	-345.92	50032086	-126929740	-55020356	258319.2	259165.8	99443.8
2033-01-10 07:10:52	6472.42	2471.11	0	50047960	-126924498	-55018084	257912.1	259556.9	99561.1
2033-01-10 07:20:09	3899.55	5715.98	345.92	50063833	-126919254	-55015812	257504.4	259947.4	99678.1
2033-01-10 07:29:26	-76.27	6904.43	567.06	50079706	-126914009	-55013539	257096.2	260337.2	99794.9
2033-01-10 07:38:44	-4024.67	5608.92	583.64	50095578	-126908762	-55011265	256687.3	260726.5	99911.5
2033-01-10 07:48:01	-6525.13	2295.53	389.7	50111449	-126903514	-55008991	256277.8	261115.1	100027.9
2033-01-10 07:57:18	-6678.05	-1843.7	55.17	50127319	-126898263	-55006716	255867.8	261503.2	100144.1
2033-01-10 08:06:35	-4428.4	-5319.61	-299.25	50143189	-126893012	-55004440	255457.1	261890.7	100260
2033-01-10 08:15:52	-585.54	-6881.71	-545.73	50159059	-126887758	-55002164	255045.8	262277.6	100375.7
2033-01-10 08:25:10	3467.99	-5968.01	-595.35	50174927	-126882503	-54999887	254634	262663.8	100491.1
2033-01-10 08:34:27	6273.87	-2907.25	-430.21	50190795	-126877246	-54997609	254221.6	263049.5	100606.3
2033-01-10 08:43:44	6822.6	1199.42	-109.89	50206662	-126871988	-54995330	253808.6	263434.6	100721.3
2033-01-10 08:53:01	4916.77	4874.57	250.08	50222529	-126866728	-54993051	253394.9	263819	100836.1
2033-01-10 09:02:18	1242.02	6796.01	519.83	50238395	-126861466	-54990771	252980.7	264202.9	100950.7
2033-01-10 09:11:35	-2879.59	6272.49	602.07	50254260	-126856203	-54988490	252566	264586.2	101065
2033-01-10 09:20:53	-5965.22	3492.35	467.13	50270125	-126850938	-54986209	252150.6	264968.8	101179
2033-01-10 09:30:10	-6904.75	-544.19	163.68	50285989	-126845672	-54983927	251734.7	265350.9	101292.9
2033-01-10 09:39:27	-5360.17	-4384.93	-198.81	50301852	-126840404	-54981644	251318.1	265732.3	101406.5
2033-01-10 09:48:44	-1887.15	-6648.12	-489.58	50317715	-126835134	-54979361	250901	266113.2	101519.9
2033-01-10 09:58:01	2264.83	-6519.56	-603.75	50333577	-126829862	-54977076	250483.3	266493.4	101633
2033-01-10 10:07:19	5602	-4045.49	-500.13	50349438	-126824589	-54974791	250065	266873.1	101746
2033-01-10 10:16:36	6923.76	-116.02	-216.1	50365299	-126819315	-54972506	249646.2	267252.1	101858.6
2033-01-10 10:25:53	5754.55	3855.18	145.88	50381159	-126814038	-54970219	249226.8	267630.5	101971.1
2033-01-10 10:35:10	2515.03	6439.41	455.24	50397018	-126808760	-54967932	248806.8	268008.3	102083.3
2033-01-10 10:44:27	-1629.34	6706.96	600.39	50412877	-126803481	-54965645	248386.2	268385.5	102195.3
2033-01-10 10:53:44	-5187.54	4561.6	528.96	50428735	-126798200	-54963356	247965	268762.1	102307.1
2033-01-10 11:03:02	-6879.43	775.15	266.72	50444593	-126792917	-54961067	247543.3	269138	102418.6
2033-01-10 11:12:19	-6096.31	-3290.16	-91.73	50460449	-126787632	-54958777	247121	269513.4	102529.9
2033-01-10 11:21:36	-3119.92	-6171.77	-417.09	50476305	-126782346	-54956486	246698.1	269888.1	102641
2033-01-10 11:30:53	978.95	-6832.99	-592	50492161	-126777058	-54954195	246274.7	270262.2	102751.8
2033-01-10 11:40:10	4725.63	-5035.95	-553.35	50508016	-126771769	-54951903	245850.7	270635.7	102862.4
2033-01-10 11:49:27	6772.18	-1427.17	-315.1	50523870	-126766478	-54949610	245426.1	271008.6	102972.8
2033-01-10 11:58:45	6382.32	2695.04	36.81	50539723	-126761185	-54947317	245000.9	271380.9	103082.9
2033-01-10 12:08:02	3696.28	5847.66	375.45	50555576	-126755891	-54945023	244575.2	271752.6	103192.8
2033-01-10 12:17:19	-319.58	6896.49	578.65	50571428	-126750595	-54942728	244149	272123.6	103302.4
2033-01-10 12:26:36	-4220.48	5464.22	573.12	50587279	-126745298	-54940432	243722.1	272494	103411.9
2033-01-10 12:35:53	-6602.99	2066.12	360.85	50603130	-126739998	-54938136	243294.7	272863.8	103521
2033-01-10 12:45:11	-6609.95	-2075.28	18.41	50618980	-126734698	-54935839	242866.8	273233	103630
2033-01-10 12:54:28	-4238.85	-5470.05	-330.67	50634830	-126729395	-54933541	242438.2	273601.6	103738.7
2033-01-10 13:03:45	-342.72	-6896.88	-560.47	50650679	-126724091	-54931243	242009.2	273969.5	103847.2
2033-01-10 13:13:02	3676.72	-5842.47	-588.09	50666527	-126718785	-54928944	241579.5	274336.8	103955.4
2033-01-10 13:22:19	6373.4	-2686.15	-403.58	50682374	-126713478	-54926644	241149.3	274703.5	104063.5
2033-01-10 13:31:36	6777.13	1436.53	-73.49	50698221	-126708169	-54924344	240718.6	275069.6	104171.2
2033-01-10 13:40:54	4742.65	5042.38	283.12	50714067	-126702859	-54922042	240287.3	275435	104278.8
2033-01-10 13:50:11	1001.9	6834.16	537.59	50729913	-126697546	-54919740	239855.4	275799.8	104386.1
2033-01-10 13:59:28	-3099.32	6167.25	598.15	50745758	-126692232	-54917438	239423	276164	104493.1
2033-01-10 14:08:45	-6085.52	3281.59	442.93	50761602	-126686917	-54915134	238990	276527.6	104600
2033-01-10 14:18:02	-6882.33	-784.65	127.94	50777445	-126681600	-54912830	238556.5	276890.5	104706.6
2033-01-10 14:27:20	-5203.09	-4568.59	-233.2	50793288	-126676281	-54910526	238122.4	277252.8	104812.9
2033-01-10 14:36:37	-1651.93	-6708.9	-510.22	50809130	-126670961	-54908220	237687.8	277614.5	104919
2033-01-10 14:45:54	2493.57	-6435.59	-603.19	50824972	-126665639	-54905914	237252.7	277975.5	105024.9
2033-01-10 14:55:11	5741.97	-3846.99	-478.58	50840813	-126660315	-54903607	236816.9	278335.9	105130.6
2033-01-10 15:04:28	6924.59	125.6	-181.33	50856653	-126654990	-54901300	236380.7	278695.7	105236
2033-01-10 15:13:45	5615.95	4053	181.33	50872492	-126649663	-54898991	235943.9	279054.9	105341.1
2033-01-10 15:23:03	2286.86	6522.26	478.58	50888331	-126644334	-54896682	235506.5	279413.4	105446
2033-01-10 15:32:20	-1864.99	6645.04	603.19	50904170	-126639004	-54894372	235068.7	279771.3	105550.7
2033-01-10 15:41:37	-5345.89	4377.18	510.22	50920007	-126633672	-54892062	234630.2	280128.5	105655.2
2033-01-10 15:50:54	-6903.51	534.58	233.2	50935844	-126628339	-54889751	234191.3	280485.1	105759.4
2033-01-10 16:00:11	-5977.45	-3500.33	-127.94	50951680	-126623004	-54887439	233751.8	280841.1	105863.4
2033-01-10 16:09:29	-2900.88	-6275.93	-442.93	50967516	-126617667	-54885127	233311.7	281196.5	105967.1
2033-01-10 16:18:46	1219.35	-6793.67	-598.15	50983351	-126612329	-54882813	232871.2	281551.2	106070.6
2033-01-10 16:28:03	4900.91	-4867.3	-537.59	50999185	-126606989	-54880499	232430	281905.3	106173.8
2033-01-10 16:37:20	6819.28	-1189.86	-283.12	51015018	-126601647	-54878185	231988.4	282258.7	106276.8
2033-01-10 16:46:37	6284.29	2915.63	73.49	51030851	-126596304	-54875869	231546.2	282611.5	106379.6
2033-01-10 16:55:54	3488.39	5972.17	403.58	51046683	-126590959	-54873553	231103.5	282963.6	106482.2
2033-01-10 17:05:12	-562.54	6880.14	588.09	51062515	-126585612	-54871236	230660.3	283315.1	106584.4
2033-01-10 17:14:29	-4411.1	5312.87	560.47	51078346	-126580264	-54868919	230216.5	283666	106686.5
2033-01-10 17:23:46	-6672.69	1834.24	330.67	51094176	-126574915	-54866601	229772.2	284016.2	106788.3
2033-01-10 17:33:03	-6533.65	-2304.27	-18.41	51110005	-126569563	-54864282	229327.3	284365.8	106889.9
2033-01-10 17:42:20	-4043.99	-5613.77	-360.85	51125834	-126564210	-54861962	228882	284714.8	106991.2
2033-01-10 17:51:37	-99.42	-6903.64	-573.12	51141663	-126558856	-54859642	228436.1	285063.1	107092.3
2033-01-10 18:00:55	3880.94	-5709.82	-578.65	51157490	-126553499	-54857321	227989.7	285410.7	107193.1
2033-01-10 18:10:12	6465.06	-2461.83	-375.45	51173317	-126548141	-54854999	227542.8	285757.8	107293.7
2033-01-10 18:19:29	6723.26	1671.83	-36.81	51189143	-126542782	-54852677	227095.3	286104.1	107394.1
2033-01-10 18:28:46	4562.63	5204.01	315.1	51204969	-126537421	-54850353	226647.3	286449.8	107494.2
2033-01-10 18:38:03	760.49	6863.97	553.35	51220793	-126532058	-54848030	226198.8	286794.9	107594.1
2033-01-10 18:47:21	-3315.27	6054.51	592	51236618	-126526693	-54845705	225749.8	287139.3	107693.7
2033-01-10 18:56:38	-6198.3	3066.87	417.09	51252441	-126521327	-54843380	225300.3	287483.1	107793.1
2033-01-10 19:05:55	-6851.38	-1024.11	91.73	51268264	-126515960	-54841054	224850.2	287826.2	107892.2
2033-01-10 19:15:12	-5039.53	-4746.63	-266.72	51284086	-126510590	-54838727	224399.7	288168.7	107991.1
2033-01-10 19:24:29	-1414.61	-6761.48	-528.96	51299908	-126505220	-54836400	223948.6	288510.5	108089.8
2033-01-10 19:33:46	2719.26	-6343.79	-600.39	51315729	-126499847	-54834072	223497	288851.7	108188.2
2033-01-10 19:43:04	5874.84	-3643.84	-455.24	51331549	-126494473	-54831743	223044.9	289192.2	108286.4
2033-01-10 19:52:21	6916.83	367.02	-145.88	51347368	-126489097	-54829413	222592.3	289532.1	108384.3
2033-01-10 20:01:38	5470.36	4245.83	216.1	51363187	-126483719	-54827083	222139.2	289871.3	108482
2033-01-10 20:10:55	2055.8	6597.13	500.13	51379005	-126478340	-54824752	221685.5	290209.9	108579.4
2033-01-10 20:20:12	-2098.38	6575.02	603.75	51394823	-126472960	-54822420	221231.4	290547.8	108676.6
2033-01-10 20:29:30	-5497.64	4187.46	489.58	51410639	-126467577	-54820088	220776.7	290885.1	108773.6
2033-01-10 20:38:47	-6919.03	293.41	198.81	51426456	-126462193	-54817755	220321.6	291221.7	108870.3
2033-01-10 20:48:04	-5851.16	-3706.18	-163.68	51442271	-126456808	-54815421	219865.9	291557.6	108966.8
2033-01-10 20:57:21	-2678.21	-6372.41	-467.13	51458086	-126451421	-54813087	219409.7	291892.9	109063
2033-01-10 21:06:38	1458.29	-6746.07	-602.07	51473900	-126446032	-54810752	218953.1	292227.5	109159
2033-01-10 21:15:55	5070.16	-4692.74	-519.83	51489713	-126440641	-54808416	218495.9	292561.5	109254.7
2033-01-10 21:25:13	6857.94	-951.15	-250.08	51505526	-126435249	-54806079	218038.2	292894.8	109350.2
2033-01-10 21:34:30	6178.45	3132.62	109.89	51521338	-126429855	-54803742	217580.1	293227.5	109445.4
2033-01-10 21:43:47	3276.13	6089.38	430.21	51537150	-126424460	-54801404	217121.4	293559.5	109540.4
2033-01-10 21:53:04	-804.86	6855.39	595.35	51552961	-126419063	-54799065	216662.2	293890.8	109635.1
2033-01-10 22:02:21	-4596.29	5155.08	545.73	51568771	-126413664	-54796726	216202.6	294221.5	109729.6
2033-01-10 22:11:38	-6734.13	1600.17	299.25	51584580	-126408264	-54794386	215742.4	294551.5	109823.9
2033-01-10 22:20:56	-6449.23	-2530.41	-55.17	51600389	-126402862	-54792045	215281.8	294880.8	109917.9
2033-01-10 22:30:13	-3844.09	-5750.63	-389.7	51616197	-126397459	-54789703	214820.6	295209.5	110011.6
2033-01-10 22:39:30	144.05	-6901.97	-583.64	51632004	-126392054	-54787361	214359	295537.5	110105.1
2033-01-10 22:48:47	4080.38	-5570.24	-567.06	51647811	-126386647	-54785018	213896.9	295864.9	110198.4
2033-01-10 22:58:04	6548.72	-2234.54	-345.92	51663617	-126381239	-54782675	213434.3	296191.6	110291.4
2033-01-10 23:07:22	6661.03	1905.05	0	51679422	-126375828	-54780330	212971.2	296517.6	110384.2
2033-01-10 23:16:39	4376.9	5359.26	345.92	51695227	-126370417	-54777985	212507.6	296843	110476.7
2033-01-10 23:25:56	518.08	6885.39	567.06	51711031	-126365004	-54775640	212043.5	297167.7	110569
2033-01-10 23:35:13	-3527.14	5934.41	583.64	51726835	-126359589	-54773293	211579	297491.7	110661
2033-01-10 23:44:30	-6303.41	2848.45	389.7	51742637	-126354172	-54770946	211114	297815.1	110752.8
2033-01-10 23:53:47	-6811.92	-1262.27	55.17	51758439	-126348754	-54768598	210648.4	298137.7	110844.3
2033-01-11 00:03:05	-4869.69	-4918.85	-299.25	51774241	-126343334	-54766249	210182.4	298459.8	110935.6
2033-01-11 00:12:22	-1175.49	-6805.8	-545.73	51790041	-126337913	-54763900	209716	298781.1	111026.6
2033-01-11 00:21:39	2941.63	-6244.27	-595.35	51805841	-126332490	-54761550	209249	299101.8	111117.4
2033-01-11 00:30:56	6000.45	-3436.28	-430.21	51821640	-126327065	-54759199	208781.6	299421.8	111207.9
2033-01-11 00:40:13	6900.5	607.94	-109.89	51837439	-126321639	-54756848	208313.7	299741.1	111298.2
2033-01-11 00:49:31	5317.95	4433.44	250.08	51853237	-126316211	-54754496	207845.3	300059.8	111388.3
2033-01-11 00:58:48	1822.16	6663.94	519.83	51869034	-126310781	-54752143	207376.4	300377.8	111478.1
2033-01-11 01:08:05	-2329.21	6496.99	602.07	51884831	-126305350	-54749790	206907.1	300695.1	111567.6
2033-01-11 01:17:22	-5642.61	3992.66	467.13	51900627	-126299918	-54747435	206437.3	301011.8	111656.9
2033-01-11 01:26:39	-6925.97	51.93	163.68	51916422	-126294483	-54745080	205967	301327.7	111745.9
2033-01-11 01:35:56	-5717.58	-3907.47	-198.81	51932217	-126289047	-54742725	205496.2	301643	111834.7
2033-01-11 01:45:14	-2452.17	-6461.09	-489.58	51948010	-126283609	-54740368	205025	301957.6	111923.2
2033-01-11 01:54:31	1695.47	-6690.25	-603.75	51963804	-126278170	-54738011	204553.3	302271.6	112011.5
2033-01-11 02:03:48	5233.14	-4512.5	-500.13	51979596	-126272729	-54735654	204081.2	302584.8	112099.6
2033-01-11 02:13:05	6888.1	-711.32	-216.1	51995388	-126267287	-54733295	203608.6	302897.4	112187.4
2033-01-11 02:22:22	6064.92	3345.75	145.88	52011179	-126261842	-54730936	203135.5	303209.3	112274.9
2033-01-11 02:31:40	3059.76	6199.13	455.24	52026970	-126256397	-54728576	202661.9	303520.6	112362.2
2033-01-11 02:40:57	-1046.22	6822.28	600.39	52042759	-126250949	-54726216	202187.9	303831.1	112449.2
2033-01-11 02:50:14	-4775.81	4991.03	528.96	52058549	-126245500	-54723854	201713.5	304141	112536
2033-01-11 02:59:31	-6787.22	1364.19	266.72	52074337	-126240050	-54721492	201238.6	304450.2	112622.5
2033-01-11 03:08:48	-6356.8	-2753.42	-91.73	52090125	-126234597	-54719130	200763.2	304758.7	112708.8
2033-01-11 03:18:05	-3639.38	-5880.44	-417.09	52105912	-126229143	-54716766	200287.3	305066.5	112794.8
2033-01-11 03:27:23	387.39	-6891.88	-592	52121698	-126223688	-54714402	199811	305373.7	112880.6
2033-01-11 03:36:40	4274.8	-5423.88	-553.35	52137484	-126218231	-54712037	199334.3	305680.1	112966.1
2033-01-11 03:45:57	6624.27	-2004.57	-315.1	52153269	-126212772	-54709672	198857.1	305985.9	113051.4
2033-01-11 03:55:14	6590.54	2135.9	36.81	52169054	-126207311	-54707306	198379.4	306291	113136.4
2033-01-11 04:04:31	4185.72	5507.94	375.45	52184837	-126201849	-54704939	197901.3	306595.4	113221.2
2033-01-11 04:13:48	275	6898.41	578.65	52200620	-126196386	-54702571	197422.8	306899.1	113305.7
2033-01-11 04:23:06	-3734.67	5807.09	573.12	52216403	-126190920	-54700203	196943.8	307202.2	113390
2033-01-11 04:32:23	-6400.73	2626.6	360.85	52232184	-126185453	-54697834	196464.3	307504.5	113474
2033-01-11 04:41:40	-6764	-1498.84	18.41	52247965	-126179985	-54695464	195984.4	307806.2	113557.8
2033-01-11 04:50:57	-4693.78	-5085.04	-330.67	52263745	-126174515	-54693094	195504.1	308107.2	113641.3
2033-01-11 05:00:14	-934.87	-6841.82	-560.47	52279525	-126169043	-54690722	195023.3	308407.5	113724.5
2033-01-11 05:09:32	3160.39	-6137.16	-588.09	52295304	-126163570	-54688351	194542	308707.1	113807.5
2033-01-11 05:18:49	6118.64	-3224.57	-403.58	52311082	-126158095	-54685978	194060.3	309006	113890.3
2033-01-11 05:28:06	6875.6	848.08	-73.49	52326860	-126152618	-54683605	193578.2	309304.2	113972.8
2033-01-11 05:37:23	5158.92	4615.62	283.12	52342637	-126147140	-54681231	193095.7	309601.8	114055
2033-01-11 05:46:40	1586.21	6722.61	537.59	52358413	-126141660	-54678856	192612.7	309898.6	114137
2033-01-11 05:55:57	-2557.19	6411.05	598.15	52374188	-126136178	-54676481	192129.2	310194.8	114218.7
2033-01-11 06:05:15	-5780.59	3793.04	442.93	52389963	-126130695	-54674105	191645.4	310490.2	114300.2
2033-01-11 06:14:32	-6924.32	-189.57	127.94	52405737	-126125210	-54671728	191161.1	310785	114381.4
2033-01-11 06:23:49	-5576.89	-4103.96	-233.2	52421511	-126119724	-54669350	190676.3	311079.1	114462.4
2033-01-11 06:33:06	-2223.05	-6541.89	-510.22	52437284	-126114236	-54666972	190191.1	311372.5	114543.1
2033-01-11 06:42:23	1930.59	-6626.28	-603.19	52453056	-126108746	-54664593	189705.5	311665.2	114623.5
2033-01-11 06:51:41	5389.67	-4326.78	-478.58	52468827	-126103255	-54662214	189219.5	311957.2	114703.8
2033-01-11 07:00:58	6909.71	-470.67	-181.33	52484598	-126097762	-54659834	188733	312248.5	114783.7
2033-01-11 07:10:15	5943.85	3554.76	181.33	52500368	-126092267	-54657453	188246.1	312539.1	114863.4
2033-01-11 07:19:32	2839.57	6301.3	478.58	52516137	-126086771	-54655071	187758.8	312829	114942.8
2033-01-11 07:28:49	-1286.32	6780.86	603.19	52531906	-126081273	-54652688	187271.1	313118.2	115022
2033-01-11 07:38:06	-4949.44	4820.92	510.22	52547674	-126075774	-54650305	186782.9	313406.7	115100.9
2033-01-11 07:47:24	-6831.91	1126.59	233.2	52563441	-126070273	-54647921	186294.3	313694.6	115179.6
2033-01-11 07:56:41	-6256.46	-2973.03	-127.94	52579208	-126064770	-54645537	185805.3	313981.7	115258
2033-01-11 08:05:58	-3430.12	-6003.05	-442.93	52594974	-126059266	-54643152	185315.8	314268.1	115336.2
2033-01-11 08:15:15	630.29	-6873.39	-598.15	52610739	-126053760	-54640766	184826	314553.8	115414.1
2033-01-11 08:24:32	4463.94	-5270.94	-537.59	52626504	-126048253	-54638379	184335.7	314838.9	115491.8
2033-01-11 08:33:50	6691.62	-1772.2	-283.12	52642267	-126042744	-54635992	183845	315123.2	115569.1
2033-01-11 08:43:07	6511.85	2364.1	73.49	52658031	-126037233	-54633604	183353.9	315406.8	115646.3
2033-01-11 08:52:24	3989.31	5649.88	403.58	52673793	-126031721	-54631215	182862.4	315689.7	115723.2
2033-01-11 09:01:41	31.53	6903.02	588.09	52689555	-126026207	-54628826	182370.4	315972	115799.8
2033-01-11 09:10:58	-3937.61	5672.71	560.47	52705316	-126020691	-54626435	181878.1	316253.5	115876.2
2033-01-11 09:20:15	-6490.12	2401.57	330.67	52721077	-126015174	-54624045	181385.3	316534.3	115952.3
2033-01-11 09:29:33	-6707.68	-1733.55	-18.41	52736836	-126009655	-54621653	180892.1	316814.4	116028.1
2033-01-11 09:38:50	-4512.02	-5245	-360.85	52752595	-126004134	-54619261	180398.5	317093.8	116103.7
2033-01-11 09:48:07	-693.06	-6869.48	-573.12	52768354	-125998612	-54616868	179904.5	317372.6	116179.1
2033-01-11 09:57:24	3375.26	-6022.57	-578.65	52784111	-125993089	-54614474	179410.1	317650.6	116254.1
2033-01-11 10:06:41	6229.26	-3008.97	-375.45	52799868	-125987563	-54612080	178915.3	317927.9	116329
2033-01-11 10:15:58	6842.17	1087.15	-36.81	52815625	-125982036	-54609685	178420.1	318204.5	116403.5
2033-01-11 10:25:16	4993.47	4792.13	315.1	52831380	-125976508	-54607289	177924.5	318480.3	116477.8
2033-01-11 10:34:33	1348.26	6773.08	553.35	52847135	-125970977	-54604892	177428.4	318755.5	116551.9
2033-01-11 10:43:50	-2782.03	6317.31	592	52862890	-125965446	-54602495	176932	319030	116625.7
2033-01-11 10:53:07	-5911.43	3588.81	417.09	52878643	-125959912	-54600097	176435.2	319303.8	116699.2
2033-01-11 11:02:24	-6914.08	-430.8	91.73	52894396	-125954377	-54597699	175938	319576.8	116772.5
2033-01-11 11:11:42	-5429.26	-4295.42	-266.72	52910148	-125948840	-54595299	175440.3	319849.2	116845.5
2033-01-11 11:20:59	-1991.14	-6614.69	-528.96	52925900	-125943302	-54592899	174942.3	320120.8	116918.3
2033-01-11 11:30:16	2163.34	-6554.24	-600.39	52941651	-125937762	-54590499	174443.9	320391.8	116990.8
2033-01-11 11:39:33	5539.53	-4135.81	-455.24	52957401	-125932221	-54588097	173945.1	320662	117063
2033-01-11 11:48:50	6922.76	-229.48	-145.88	52973150	-125926677	-54585695	173445.9	320931.5	117135
2033-01-11 11:58:07	5815.39	3759.4	216.1	52988899	-125921133	-54583292	172946.3	321200.3	117206.7
2033-01-11 12:07:25	2615.81	6395.78	500.13	53004647	-125915586	-54580889	172446.3	321468.4	117278.2
2033-01-11 12:16:42	-1524.87	6731.18	603.75	53020394	-125910038	-54578485	171945.9	321735.8	117349.4
2033-01-11 12:25:59	-5116.96	4644.96	489.58	53036141	-125904488	-54576080	171445.2	322002.5	117420.4
2033-01-11 12:35:16	-6868.12	887.65	198.81	53051887	-125898937	-54573674	170944	322268.4	117491
2033-01-11 12:44:33	-6148.35	-3188.99	-163.68	53067632	-125893384	-54571268	170442.5	322533.7	117561.5
2033-01-11 12:53:51	-3216.57	-6118.34	-467.13	53083377	-125887830	-54568861	169940.6	322798.2	117631.6
2033-01-11 13:03:08	872.44	-6846.53	-602.07	53099121	-125882274	-54566453	169438.3	323062	117701.6
2033-01-11 13:12:25	4647.58	-5111.59	-519.83	53114864	-125876716	-54564044	168935.6	323325.1	117771.2
2033-01-11 13:21:42	6750.67	-1537.7	-250.08	53130606	-125871156	-54561635	168432.5	323587.5	117840.6
2033-01-11 13:30:59	6425.07	2589.39	109.89	53146348	-125865595	-54559225	167929.1	323849.2	117909.7
2033-01-11 13:40:16	3787.92	5784.91	430.21	53162089	-125860033	-54556815	167425.2	324110.1	117978.6
2033-01-11 13:49:34	-212.02	6899.22	595.35	53177830	-125854469	-54554404	166921	324370.4	118047.2
2033-01-11 13:58:51	-4135.69	5531.44	545.73	53193570	-125848903	-54551992	166416.4	324629.9	118115.6
2033-01-11 14:08:08	-6571.47	2173.66	299.25	53209309	-125843335	-54549579	165911.5	324888.7	118183.7
2033-01-11 14:17:25	-6643.03	-1966.12	-55.17	53225047	-125837766	-54547166	165406.1	325146.8	118251.5
2033-01-11 14:26:42	-4324.63	-5398.54	-389.7	53240785	-125832195	-54544752	164900.4	325404.2	118319.1
2033-01-11 14:36:00	-450.34	-6888.77	-583.64	53256522	-125826623	-54542337	164394.4	325660.8	118386.4
2033-01-11 14:45:17	3585.97	-5900.66	-567.06	53272258	-125821049	-54539921	163887.9	325916.8	118453.4
2033-01-11 14:54:34	6332.17	-2789.72	-345.92	53287993	-125815473	-54537505	163381.1	326172	118520.2
2033-01-11 15:03:51	6800.25	1324.85	0	53303728	-125809896	-54535088	162873.9	326426.5	118586.7
2033-01-11 15:13:08	4821.79	4962.78	345.92	53319463	-125804317	-54532671	162366.3	326680.3	118653
2033-01-11 15:22:25	1108.6	6815.28	567.06	53335196	-125798737	-54530252	161858.4	326933.3	118719
2033-01-11 15:31:43	-3003.45	6215.89	583.64	53350929	-125793155	-54527833	161350.1	327185.6	118784.8
2033-01-11 15:41:00	-6034.95	3380.25	389.7	53366661	-125787571	-54525414	160841.5	327437.3	118850.2
2033-01-11 15:50:17	-6895.26	-671.47	55.17	53382392	-125781986	-54522993	160332.5	327688.1	118915.5
2033-01-11 15:59:34	-5274.86	-4481.61	-299.25	53398123	-125776399	-54520572	159823.1	327938.3	118980.4
2033-01-11 16:08:51	-1756.72	-6679.42	-545.73	53413853	-125770811	-54518151	159313.4	328187.8	119045.1
2033-01-11 16:18:08	2393.45	-6474.22	-595.35	53429583	-125765220	-54515728	158803.3	328436.5	119109.6
2033-01-11 16:27:26	5682.53	-3939.83	-430.21	53445311	-125759629	-54513305	158292.8	328684.5	119173.7
2033-01-11 16:36:43	6927.22	11.95	-109.89	53461039	-125754035	-54510881	157782	328931.8	119237.6
2033-01-11 16:46:00	5679.7	3959.43	250.08	53476766	-125748440	-54508456	157270.8	329178.3	119301.3
2033-01-11 16:55:17	2388.78	6482.44	519.83	53492493	-125742844	-54506031	156759.3	329424.1	119364.7
2033-01-11 17:04:34	-1761.55	6673.31	602.07	53508219	-125737245	-54503605	156247.4	329669.2	119427.8
2033-01-11 17:13:52	-5278.14	4463.36	467.13	53523944	-125731646	-54501178	155735.2	329913.6	119490.7
2033-01-11 17:23:09	-6895.82	647.67	163.68	53539668	-125726044	-54498751	155222.7	330157.3	119553.3
2033-01-11 17:32:26	-6032.59	-3401.02	-198.81	53555392	-125720441	-54496323	154709.7	330400.2	119615.6
2033-01-11 17:41:43	-2999	-6226.14	-489.58	53571115	-125714836	-54493894	154196.5	330642.4	119677.7
2033-01-11 17:51:00	1113.54	-6811.32	-603.75	53586838	-125709230	-54491465	153682.8	330883.8	119739.5
2033-01-11 18:00:17	4825.47	-4946.04	-500.13	53602559	-125703622	-54489034	153168.9	331124.6	119801.1
2033-01-11 18:09:35	6801.35	-1301.35	-216.1	53618280	-125698012	-54486603	152654.6	331364.6	119862.4
2033-01-11 18:18:52	6330.31	2811.5	145.88	53634001	-125692401	-54484172	152139.9	331603.9	119923.4
2033-01-11 18:28:09	3581.8	5912.87	455.24	53649720	-125686788	-54481739	151624.9	331842.4	119984.1
2033-01-11 18:37:26	-455.33	6887	600.39	53665439	-125681174	-54479306	151109.6	332080.3	120044.6
2033-01-11 18:46:43	-4328.66	5383.44	528.96	53681157	-125675558	-54476873	150593.9	332317.4	120104.9
2033-01-11 18:56:01	-6644.67	1943.12	266.72	53696875	-125669940	-54474438	150077.9	332553.7	120164.9
2033-01-11 19:05:18	-6570.13	-2196.25	-91.73	53712591	-125664321	-54472003	149561.6	332789.4	120224.6
2033-01-11 19:14:35	-4131.85	-5545.49	-417.09	53728308	-125658700	-54469567	149044.9	333024.3	120284
2033-01-11 19:23:52	-207.04	-6899.66	-592	53744023	-125653078	-54467131	148527.8	333258.4	120343.2
2033-01-11 19:33:09	3792.26	-5771.58	-553.35	53759738	-125647453	-54464694	148010.5	333491.9	120402.1
2033-01-11 19:42:26	6427.23	-2567.11	-315.1	53775452	-125641828	-54462256	147492.8	333724.6	120460.8
2033-01-11 19:51:44	6749.87	1560.91	36.81	53791165	-125636200	-54459817	146974.8	333956.6	120519.2
2033-01-11 20:01:01	4644.11	5127.36	375.45	53806878	-125630571	-54457378	146456.4	334187.8	120577.3
2033-01-11 20:10:18	867.53	6849.17	578.65	53822589	-125624941	-54454938	145937.8	334418.3	120635.2
2033-01-11 20:19:35	-3221.17	6106.9	573.12	53838301	-125619309	-54452497	145418.7	334648.1	120692.8
2033-01-11 20:28:52	-6150.99	3167.59	360.85	53854011	-125613675	-54450055	144899.4	334877.1	120750.1
2033-01-11 20:38:09	-6867.88	-911.29	18.41	53869721	-125608039	-54447613	144379.7	335105.5	120807.2
2033-01-11 20:47:27	-5113.9	-4662.32	-330.67	53885430	-125602402	-54445170	143859.8	335333	120864
2033-01-11 20:56:44	-1520.09	-6736.01	-560.47	53901138	-125596764	-54442727	143339.5	335559.9	120920.5
2033-01-11 21:06:01	2620.61	-6386.32	-588.09	53916846	-125591123	-54440283	142818.8	335786	120976.8
2033-01-11 21:15:18	5818.5	-3739.08	-403.58	53932553	-125585481	-54437838	142297.9	336011.3	121032.8
2033-01-11 21:24:35	6923.08	253.34	-73.49	53948259	-125579838	-54435392	141776.6	336236	121088.6
2033-01-11 21:33:53	5536.93	4154.61	283.12	53963965	-125574193	-54432946	141255	336459.9	121144.1
2033-01-11 21:43:10	2158.76	6561.2	537.59	53979670	-125568546	-54430499	140733.1	336683	121199.3
2033-01-11 21:52:27	-1996.08	6607.3	598.15	53995374	-125562898	-54428051	140210.9	336905.5	121254.3
2033-01-11 22:01:44	-5432.79	4276.34	442.93	54011077	-125557248	-54425603	139688.4	337127.1	121309
2033-01-11 22:11:01	-6914.96	406.92	127.94	54026780	-125551596	-54423153	139165.5	337348.1	121363.4
2033-01-11 22:20:18	-5909.32	-3608.89	-233.2	54042482	-125545943	-54420704	138642.4	337568.3	121417.5
2033-01-11 22:29:36	-2777.69	-6326.35	-510.22	54058184	-125540288	-54418253	138118.9	337787.8	121471.4
2033-01-11 22:38:53	1353.29	-6767.82	-603.19	54073884	-125534632	-54415802	137595.1	338006.5	121525.1
2033-01-11 22:48:10	4997.39	-4774.47	-478.58	54089584	-125528974	-54413350	137071	338224.5	121578.5
2033-01-11 22:57:27	6843.59	-1063.45	-181.33	54105283	-125523314	-54410897	136546.6	338441.8	121631.6
2033-01-11 23:06:44	6227.67	3030.15	181.33	54120982	-125517653	-54408444	136021.9	338658.3	121684.4
2033-01-11 23:16:02	3371.21	6033.61	478.58	54136680	-125511990	-54405990	135496.9	338874	121737
2033-01-11 23:25:19	-698.11	6866.39	603.19	54152377	-125506325	-54403535	134971.6	339089.1	121789.3
2033-01-11 23:34:36	-4516.28	5228.9	510.22	54168073	-125500659	-54401079	134446	339303.4	121841.3
2033-01-11 23:43:53	-6709.64	1710.25	233.2	54183769	-125494991	-54398623	133920.1	339516.9	121893.1
2033-01-11 23:53:10	-6489.06	-2423.68	-127.94	54199464	-125489322	-54396166	133393.8	339729.7	121944.6
2033-01-12 00:02:27	-3933.92	-5685.66	-442.93	54215159	-125483651	-54393709	132867.3	339941.8	121995.9
2033-01-12 00:11:45	36.54	-6902.13	-598.15	54230852	-125477978	-54391251	132340.5	340153.1	122046.8
2033-01-12 00:21:02	3993.86	-5635.48	-537.59	54246545	-125472304	-54388792	131813.4	340363.7	122097.5
2033-01-12 00:30:19	6514.32	-2341.39	-283.12	54262237	-125466628	-54386332	131286	340573.5	122148
2033-01-12 00:39:36	6691.11	1795.04	73.49	54277929	-125460951	-54383872	130758.3	340782.6	122198.2
2033-01-12 00:48:53	4460.64	5285.67	403.58	54293620	-125455272	-54381411	130230.3	340991	122248.1
2033-01-12 00:58:11	625.36	6874.71	588.09	54309310	-125449591	-54378949	129702	341198.6	122297.7
2033-01-12 01:07:28	-3434.91	5990.48	560.47	54324999	-125443909	-54376486	129173.4	341405.4	122347.1
2033-01-12 01:16:45	-6259.42	2951.09	330.67	54340688	-125438225	-54374023	128644.6	341611.6	122396.2
2033-01-12 01:26:02	-6831.97	-1149.98	-18.41	54356376	-125432540	-54371559	128115.4	341816.9	122445.1
2033-01-12 01:35:19	-4946.58	-4837.32	-360.85	54372063	-125426852	-54369095	127586	342021.6	122493.7
2033-01-12 01:44:36	-1281.55	-6784.37	-573.12	54387750	-125421164	-54366629	127056.3	342225.4	122542
2033-01-12 01:53:54	2844.54	-6290.65	-578.65	54403435	-125415473	-54364164	126526.3	342428.6	122590.1
2033-01-12 02:03:11	5947.26	-3533.79	-375.45	54419121	-125409781	-54361697	125996	342631	122637.8
2033-01-12 02:12:28	6910.34	494.4	-36.81	54434805	-125404088	-54359229	125465.4	342832.6	122685.4
2033-01-12 02:21:45	5387.28	4344.71	315.1	54450489	-125398393	-54356761	124934.5	343033.5	122732.6
2033-01-12 02:31:02	1926.03	6631.95	553.35	54466172	-125392696	-54354293	124403.4	343233.7	122779.6
2033-01-12 02:40:19	-2228.15	6533.26	592	54481854	-125386997	-54351823	123872	343433.1	122826.3
2033-01-12 02:49:37	-5580.72	4084.14	417.09	54497536	-125381297	-54349353	123340.3	343631.7	122872.8
2033-01-12 02:58:54	-6925.51	165.7	91.73	54513217	-125375596	-54346882	122808.3	343829.6	122919
2033-01-12 03:08:11	-5778.71	-3812.34	-266.72	54528897	-125369892	-54344411	122276.1	344026.8	122964.9
2033-01-12 03:17:28	-2552.9	-6418.84	-528.96	54544576	-125364188	-54341938	121743.6	344223.2	123010.5
2033-01-12 03:26:45	1591.38	-6716.07	-600.39	54560255	-125358481	-54339465	121210.8	344418.9	123055.9
2033-01-12 03:36:03	5163.13	-4597.11	-455.24	54575933	-125352773	-54336992	120677.7	344613.8	123101.1
2033-01-12 03:45:20	6877.34	-824.28	-145.88	54591610	-125347063	-54334517	120144.4	344807.9	123145.9
2033-01-12 03:54:37	6117.29	3245.09	216.1	54607287	-125341352	-54332042	119610.8	345001.3	123190.5
2033-01-12 04:03:54	3156.42	6146.99	500.13	54622963	-125335639	-54329567	119076.9	345194	123234.8
2033-01-12 04:13:11	-940.05	6837.42	603.75	54638638	-125329925	-54327090	118542.8	345385.9	123278.9
2033-01-12 04:22:28	-4698.32	5068.01	489.58	54654313	-125324208	-54324613	118008.4	345577.1	123322.6
2033-01-12 04:31:46	-6766.28	1475.31	198.81	54669987	-125318491	-54322135	117473.7	345767.5	123366.2
2033-01-12 04:41:03	-6399.93	-2648.14	-163.68	54685660	-125312771	-54319656	116938.8	345957.1	123409.4
2033-01-12 04:50:20	-3731.08	-5818.88	-467.13	54701332	-125307050	-54317177	116403.6	346146.1	123452.4
2033-01-12 04:59:37	280.11	-6896.2	-602.07	54717004	-125301328	-54314697	115868.2	346334.2	123495.1
2033-01-12 05:08:54	4190.53	-5492.52	-519.83	54732675	-125295603	-54312217	115332.5	346521.6	123537.6
2033-01-12 05:18:12	6593.33	-2112.84	-250.08	54748345	-125289878	-54309735	114796.5	346708.3	123579.7
2033-01-12 05:27:29	6624.04	2026.96	109.89	54764014	-125284150	-54307253	114260.3	346894.2	123621.7
2033-01-12 05:36:46	4271.62	5437.53	430.21	54779683	-125278421	-54304770	113723.8	347079.3	123663.3
2033-01-12 05:46:03	382.39	6891.87	595.35	54795351	-125272690	-54302287	113187.1	347263.7	123704.7
2033-01-12 05:55:20	-3644.41	5866.77	545.73	54811019	-125266958	-54299803	112650.1	347447.3	123745.8
2033-01-12 06:04:37	-6360.07	2731.02	299.25	54826685	-125261224	-54297318	112112.9	347630.2	123786.6
2033-01-12 06:13:55	-6787.57	-1387.24	-55.17	54842351	-125255489	-54294832	111575.4	347812.4	123827.2
2033-01-12 06:23:12	-4773.1	-5006.42	-389.7	54858017	-125249752	-54292346	111037.7	347993.7	123867.5
2033-01-12 06:32:29	-1041.4	-6824.47	-583.64	54873681	-125244013	-54289859	110499.7	348174.4	123907.6
2033-01-12 06:41:46	3064.96	-6187.33	-567.06	54889345	-125238273	-54287372	109961.5	348354.2	123947.3
2033-01-12 06:51:03	6068.65	-3324.21	-345.92	54905008	-125232531	-54284883	109423	348533.3	123986.8
2033-01-12 07:00:21	6889.02	734.83	0	54920671	-125226787	-54282394	108884.3	348711.7	124026.1
2033-01-12 07:09:38	5230.92	4529.5	345.92	54936332	-125221042	-54279904	108345.3	348889.3	124065
2033-01-12 07:18:55	1690.89	6694.62	567.06	54951993	-125215295	-54277414	107806.1	349066.2	124103.7
2033-01-12 07:28:12	-2457.48	6451.26	583.64	54967654	-125209547	-54274923	107266.7	349242.2	124142.2
2033-01-12 07:37:29	-5721.73	3886.97	389.7	54983313	-125203797	-54272431	106727	349417.6	124180.3
2033-01-12 07:46:46	-6927.47	-75.7	55.17	54998972	-125198045	-54269938	106187.1	349592.2	124218.2
2033-01-12 07:56:04	-5640.91	-4011.13	-299.25	55014630	-125192292	-54267445	105646.9	349766	124255.9
2033-01-12 08:05:21	-2324.92	-6503.5	-545.73	55030288	-125186537	-54264951	105106.5	349939	124293.2
2033-01-12 08:14:38	1827.52	-6656.15	-595.35	55045944	-125180781	-54262457	104565.9	350111.3	124330.3
2033-01-12 08:23:55	5322.47	-4414.16	-430.21	55061600	-125175023	-54259961	104025	350282.9	124367.1
2033-01-12 08:33:12	6902.56	-584.13	-109.89	55077256	-125169263	-54257465	103483.9	350453.7	124403.7
2033-01-12 08:42:29	5999.31	3456.05	250.08	55092910	-125163502	-54254968	102942.6	350623.7	124440
2033-01-12 08:51:47	2937.69	6252.87	519.83	55108564	-125157739	-54252471	102401	350793	124476
2033-01-12 09:01:04	-1180.83	6800.13	602.07	55124217	-125151974	-54249973	101859.2	350961.5	124511.7
2033-01-12 09:10:21	-4874.53	4900.95	467.13	55139869	-125146208	-54247474	101317.2	351129.3	124547.2
2033-01-12 09:19:38	-6814.52	1238.6	163.68	55155521	-125140441	-54244974	100775	351296.3	124582.4
2033-01-12 09:28:55	-6302.85	-2869.35	-198.81	55171172	-125134671	-54242474	100232.5	351462.5	124617.4
2033-01-12 09:38:13	-3523.59	-5945.01	-489.58	55186822	-125128900	-54239973	99689.8	351628	124652.1
2033-01-12 09:47:30	523.35	-6881.87	-603.75	55202472	-125123128	-54237472	99146.9	351792.7	124686.5
2033-01-12 09:56:47	4382.01	-5342.89	-500.13	55218121	-125117354	-54234969	98603.8	351956.7	124720.6
2033-01-12 10:06:04	6664.15	-1881.73	-216.1	55233769	-125111578	-54232466	98060.5	352119.9	124754.5
2033-01-12 10:15:21	6548.74	2256.4	145.88	55249416	-125105801	-54229963	97516.9	352282.3	124788.1
2033-01-12 10:24:38	4077.28	5582.75	455.24	55265063	-125100022	-54227458	96973.1	352444	124821.4
2033-01-12 10:33:56	138.93	6900.64	600.39	55280709	-125094241	-54224953	96429.1	352604.9	124854.5
2033-01-12 10:43:13	-3849.41	5735.93	528.96	55296354	-125088459	-54222447	95884.9	352765.1	124887.3
2033-01-12 10:52:30	-6452.84	2507.64	266.72	55311999	-125082675	-54219941	95340.4	352924.5	124919.8
2033-01-12 11:01:47	-6734.74	-1622.8	-91.73	55327642	-125076890	-54217434	94795.8	353083.1	124952.1
2033-01-12 11:11:04	-4593.67	-5169.41	-417.09	55343286	-125071103	-54214926	94250.9	353241	124984.1
2033-01-12 11:20:22	-799.94	-6856.25	-592	55358928	-125065314	-54212417	93705.9	353398.1	125015.8
2033-01-12 11:29:39	3281.6	-6076.47	-553.35	55374570	-125059524	-54209908	93160.6	353554.5	125047.2
2033-01-12 11:38:56	6182.51	-3110.6	-315.1	55390210	-125053732	-54207398	92615.1	353710.1	125078.4
2033-01-12 11:48:13	6859.14	974.35	36.81	55405851	-125047938	-54204887	92069.4	353864.9	125109.3
2033-01-12 11:57:30	5068.06	4708.76	375.45	55421490	-125042143	-54202376	91523.5	354019	125140
2033-01-12 12:06:47	1453.63	6749.12	578.65	55437129	-125036347	-54199863	90977.4	354172.3	125170.4
2033-01-12 12:16:05	-2683.77	6361.41	573.12	55452767	-125030548	-54197351	90431.1	354324.8	125200.5
2033-01-12 12:25:22	-5855.64	3685.09	360.85	55468404	-125024748	-54194837	89884.6	354476.6	125230.3
2033-01-12 12:34:39	-6920.82	-316.99	18.41	55484041	-125018947	-54192323	89337.9	354627.6	125259.9
2033-01-12 12:43:56	-5496.1	-4205.02	-330.67	55499677	-125013144	-54189808	88791	354777.8	125289.2
2033-01-12 12:53:13	-2094.04	-6580.23	-560.47	55515312	-125007339	-54187292	88243.9	354927.3	125318.2
2033-01-12 13:02:31	2061.4	-6588.12	-588.09	55530946	-125001533	-54184776	87696.6	355076.1	125347
2033-01-12 13:11:48	5475.21	-4225.85	-403.58	55546580	-124995725	-54182259	87149.1	355224	125375.5
2033-01-12 13:21:05	6919.2	-343.27	-73.49	55562213	-124989915	-54179742	86601.4	355371.2	125403.7
2033-01-12 13:30:22	5873.87	3662.79	283.12	55577845	-124984104	-54177223	86053.5	355517.6	125431.7
2033-01-12 13:39:39	2715.29	6351.12	537.59	55593477	-124978291	-54174704	85505.4	355663.3	125459.4
2033-01-12 13:48:56	-1420.17	6754.55	598.15	55609108	-124972477	-54172184	84957.2	355808.2	125486.8
2033-01-12 13:58:14	-5044.7	4727.94	442.93	55624738	-124966661	-54169664	84408.7	355952.3	125513.9
2033-01-12 14:07:31	-6854.3	1000.39	127.94	55640367	-124960844	-54167143	83860.1	356095.7	125540.8
2033-01-12 14:16:48	-6197.92	-3087.06	-233.2	55655996	-124955024	-54164621	83311.2	356238.3	125567.4
2033-01-12 14:26:05	-3311.72	-6063.89	-510.22	55671624	-124949204	-54162098	82762.2	356380.2	125593.8
2033-01-12 14:35:22	765.95	-6859.16	-603.19	55687251	-124943381	-54159575	82213	356521.2	125619.9
2033-01-12 14:44:39	4568.05	-5186.75	-478.58	55702878	-124937557	-54157051	81663.6	356661.5	125645.7
2033-01-12 14:53:57	6726.71	-1648.35	-181.33	55718504	-124931732	-54154526	81114	356801.1	125671.2
2033-01-12 15:03:14	6465.3	2483.07	181.33	55734129	-124925904	-54152001	80564.3	356939.9	125696.5
2033-01-12 15:12:31	3877.86	5721.17	478.58	55749753	-124920075	-54149475	80014.4	357077.9	125721.5
2033-01-12 15:21:48	-104.72	6901	603.19	55765377	-124914245	-54146948	79464.3	357215.1	125746.2
2033-01-12 15:31:05	-4049.63	5598.1	510.22	55781000	-124908413	-54144421	78914	357351.6	125770.7
2033-01-12 15:40:23	-6537.6	2281.22	233.2	55796622	-124902579	-54141893	78363.5	357487.3	125794.9
2033-01-12 15:49:40	-6673.54	-1856.36	-127.94	55812243	-124896744	-54139364	77812.9	357622.2	125818.8
2033-01-12 15:58:57	-4408.53	-5326.09	-442.93	55827864	-124890907	-54136834	77262.1	357756.4	125842.4
2033-01-12 16:08:14	-557.47	-6879.68	-598.15	55843484	-124885069	-54134304	76711.1	357889.8	125865.8
2033-01-12 16:17:31	3494.16	-5958.22	-537.59	55859103	-124879229	-54131773	76159.9	358022.5	125888.9
2033-01-12 16:26:48	6288.7	-2893.21	-283.12	55874722	-124873387	-54129241	75608.6	358154.3	125911.8
2033-01-12 16:36:06	6820.75	1212.67	73.49	55890339	-124867544	-54126709	75057.1	358285.4	125934.4
2033-01-12 16:45:23	4898.89	4882.27	403.58	55905957	-124861699	-54124176	74505.4	358415.8	125956.7
2033-01-12 16:54:40	1214.56	6795.41	588.09	55921573	-124855852	-54121642	73953.6	358545.4	125978.7
2033-01-12 17:03:57	-2906.74	6263.81	560.47	55937189	-124850004	-54119108	73401.6	358674.2	126000.5
2033-01-12 17:13:14	-5982.28	3478.72	330.67	55952804	-124844155	-54116573	72849.4	358802.2	126022
2033-01-12 17:22:32	-6905.58	-557.88	-18.41	55968418	-124838303	-54114037	72297.1	358929.5	126043.2
2033-01-12 17:31:49	-5344.45	-4393.77	-360.85	55984031	-124832450	-54111500	71744.6	359056	126064.2
2033-01-12 17:41:06	-1860.54	-6648.95	-573.12	55999644	-124826596	-54108963	71192	359181.7	126084.9
2033-01-12 17:50:23	2292.73	-6512.07	-578.65	56015256	-124820740	-54106425	70639.2	359306.6	126105.3
2033-01-12 17:59:40	5621.15	-4032.4	-375.45	56030867	-124814882	-54103887	70086.2	359430.8	126125.5
2033-01-12 18:08:57	6927.25	-102.02	-36.81	56046478	-124809023	-54101347	69533.1	359554.3	126145.4
2033-01-12 18:18:15	5741.13	3865.06	315.1	56062088	-124803162	-54098807	68979.9	359676.9	126165
2033-01-12 18:27:32	2489.52	6441.64	553.35	56077697	-124797299	-54096267	68426.4	359798.8	126184.3
2033-01-12 18:36:49	-1657.75	6700.74	592	56093305	-124791435	-54093725	67872.8	359919.9	126203.4
2033-01-12 18:46:06	-5208.61	4549.17	417.09	56108913	-124785569	-54091183	67319.1	360040.2	126222.2
2033-01-12 18:55:23	-6885.57	760.98	91.73	56124520	-124779702	-54088640	66765.2	360159.8	126240.8
2033-01-12 19:04:41	-6085.3	-3300.99	-266.72	56140126	-124773833	-54086097	66211.2	360278.6	126259
2033-01-12 19:13:58	-3095.72	-6175.38	-528.96	56155731	-124767962	-54083553	65657	360396.7	126277.1
2033-01-12 19:23:15	1007.61	-6828.09	-600.39	56171336	-124762090	-54081008	65102.7	360513.9	126294.8
2033-01-12 19:32:32	4748.44	-5024.31	-455.24	56186940	-124756216	-54078462	64548.2	360630.4	126312.3
2033-01-12 19:41:49	6780.92	-1412.97	-145.88	56202543	-124750341	-54075916	63993.6	360746.1	126329.5
2033-01-12 19:51:06	6373.82	2706.71	216.1	56218146	-124744464	-54073369	63438.9	360861.1	126346.4
2033-01-12 20:00:24	3673.62	5852.6	500.13	56233748	-124738585	-54070822	62884	360975.3	126363
2033-01-12 20:09:41	-348.25	6892.95	603.75	56249349	-124732705	-54068273	62328.9	361088.7	126379.4
2033-01-12 20:18:58	-4244.83	5453.47	489.58	56264949	-124726823	-54065724	61773.7	361201.3	126395.6
2033-01-12 20:28:15	-6614.24	2052.03	198.81	56280549	-124720940	-54063174	61218.4	361313.2	126411.4
2033-01-12 20:37:32	-6604.05	-2087.65	-163.68	56296148	-124715055	-54060624	60662.9	361424.3	126427
2033-01-12 20:46:49	-4217.91	-5476.27	-467.13	56311746	-124709168	-54058073	60107.4	361534.6	126442.3
2033-01-12 20:56:07	-314.29	-6894.73	-602.07	56327344	-124703280	-54055521	59551.6	361644.2	126457.4
2033-01-12 21:05:24	3702.4	-5832.72	-519.83	56342940	-124697390	-54052968	58995.8	361753	126472.2
2033-01-12 21:14:41	6387.08	-2672.31	-250.08	56358536	-124691499	-54050415	58439.8	361861	126486.7
2033-01-12 21:23:58	6773.88	1449.5	109.89	56374132	-124685606	-54047861	57883.6	361968.2	126500.9
2033-01-12 21:33:15	4723.64	5049.83	430.21	56389726	-124679711	-54045307	57327.4	362074.7	126514.9
2033-01-12 21:42:33	973.97	6833.41	595.35	56405320	-124673815	-54042751	56771	362180.4	126528.6
2033-01-12 21:51:50	-3126.11	6158.59	545.73	56420913	-124667917	-54040195	56214.5	362285.3	126542
2033-01-12 22:01:07	-6101.5	3268.13	299.25	56436505	-124662017	-54037639	55657.9	362389.5	126555.2
2033-01-12 22:10:24	-6881.76	-798.08	-55.17	56452097	-124656116	-54035081	55101.1	362492.9	126568.1
2033-01-12 22:19:41	-5186.16	-4577.17	-389.7	56467688	-124650214	-54032523	54544.2	362595.5	126580.7
2033-01-12 22:28:58	-1624.73	-6709.56	-583.64	56483278	-124644310	-54029964	53987.2	362697.3	126593.1
2033-01-12 22:38:16	2521.23	-6428.1	-567.06	56498867	-124638404	-54027405	53430.1	362798.4	126605.2
2033-01-12 22:47:33	5760.12	-3834.04	-345.92	56514456	-124632496	-54024845	52872.8	362898.7	126617
2033-01-12 22:56:50	6926.7	139.36	0	56530044	-124626587	-54022284	52315.4	362998.2	126628.6
2033-01-12 23:06:07	5601.25	4062.62	345.92	56545631	-124620676	-54019722	51758	363096.9	126639.8
2033-01-12 23:15:24	2260.64	6524.3	567.06	56561218	-124614764	-54017160	51200.4	363194.9	126650.9
2033-01-12 23:24:42	-1893.28	6638.78	583.64	56576803	-124608850	-54014597	50642.6	363292.1	126661.6
2033-01-12 23:33:59	-5366.06	4364.87	389.7	56592388	-124602935	-54012033	50084.8	363388.6	126672.1
2033-01-12 23:43:16	-6908.29	520.64	55.17	56607973	-124597018	-54009469	49526.9	363484.2	126682.3
2033-01-12 23:52:33	-5965.12	-3510.9	-299.25	56623556	-124591099	-54006904	48968.8	363579.1	126692.3
2033-01-13 00:01:50	-2875.87	-6279.34	-545.73	56639139	-124585179	-54004338	48410.6	363673.2	126701.9
2033-01-13 00:11:07	1248.03	-6788.71	-595.35	56654721	-124579257	-54001772	47852.4	363766.6	126711.3
2033-01-13 00:20:25	4922.92	-4855.75	-430.21	56670302	-124573333	-53999205	47294	363859.1	126720.5
2033-01-13 00:29:42	6826.7	-1175.87	-109.89	56685883	-124567408	-53996637	46735.5	363950.9	126729.3
2033-01-13 00:38:59	6274.43	2927.04	250.08	56701463	-124561482	-53994068	46176.9	364041.9	126738
2033-01-13 00:48:16	3464.8	5976.91	519.83	56717042	-124555553	-53991499	45618.2	364132.2	126746.3
2033-01-13 00:57:33	-591.35	6876.51	602.07	56732620	-124549623	-53988929	45059.4	364221.7	126754.4
2033-01-13 01:06:50	-4434.76	5302.19	467.13	56748198	-124543692	-53986359	44500.5	364310.4	126762.2
2033-01-13 01:16:08	-6682.67	1820.34	163.68	56763775	-124537759	-53983787	43941.5	364398.3	126769.7
2033-01-13 01:25:25	-6526.36	-2316.4	-198.81	56779351	-124531824	-53981215	43382.3	364485.5	126776.9
2033-01-13 01:34:42	-4022.05	-5619.79	-489.58	56794927	-124525888	-53978643	42823.1	364571.8	126783.9
2033-01-13 01:43:59	-70.73	-6901.38	-603.75	56810501	-124519950	-53976069	42263.8	364657.5	126790.7
2033-01-13 01:53:16	3906.04	-5700.11	-500.13	56826075	-124514010	-53973495	41704.4	364742.3	126797.1
2033-01-13 02:02:34	6477.53	-2448.15	-216.1	56841649	-124508069	-53970920	41144.9	364826.4	126803.3
2033-01-13 02:11:51	6718.6	1684.56	145.88	56857221	-124502127	-53968345	40585.4	364909.6	126809.2
2033-01-13 02:21:08	4542.51	5211.23	455.24	56872793	-124496182	-53965769	40025.7	364992.2	126814.9
2033-01-13 02:30:25	732.16	6863.09	600.39	56888364	-124490236	-53963192	39465.9	365073.9	126820.3
2033-01-13 02:39:42	-3341.6	6045.87	528.96	56903934	-124484289	-53960614	38906.1	365154.9	126825.4
2033-01-13 02:48:59	-6213.15	3053.56	266.72	56919504	-124478340	-53958036	38346.1	365235.1	126830.3
2033-01-13 02:58:17	-6849.39	-1037.31	-91.73	56935073	-124472389	-53955457	37786.1	365314.5	126834.8
2033-01-13 03:07:34	-5021.43	-4754.99	-417.09	56950641	-124466437	-53952877	37225.9	365393.1	126839.2
2033-01-13 03:16:51	-1386.9	-6762	-592	56966208	-124460483	-53950297	36665.7	365471	126843.2
2033-01-13 03:26:08	2746.59	-6336.29	-553.35	56981775	-124454527	-53947716	36105.5	365548.1	126847
2033-01-13 03:35:25	5891.94	-3631.02	-315.1	56997341	-124448570	-53945134	35545.1	365624.4	126850.5
2033-01-13 03:44:43	6917.54	380.56	36.81	57012906	-124442611	-53942552	34984.6	365700	126853.7
2033-01-13 03:54:00	5454.42	4255.23	375.45	57028470	-124436651	-53939969	34424.1	365774.7	126856.7
2033-01-13 04:03:17	2028.95	6599.02	578.65	57044034	-124430689	-53937385	33863.5	365848.7	126859.4
2033-01-13 04:12:34	-2126.47	6568.73	573.12	57059597	-124424726	-53934800	33302.8	365922	126861.9
2033-01-13 04:21:51	-5516.85	4175.25	360.85	57075159	-124418760	-53932215	32742	365994.4	126864
2033-01-13 04:31:08	-6922.43	279.67	18.41	57090720	-124412794	-53929629	32181.2	366066.1	126866
2033-01-13 04:40:26	-5837.52	-3716.52	-330.67	57106281	-124406825	-53927043	31620.3	366137	126867.6
2033-01-13 04:49:43	-2652.45	-6375.65	-560.47	57121841	-124400855	-53924455	31059.3	366207.1	126869
2033-01-13 04:59:00	1486.9	-6741.06	-588.09	57137400	-124394884	-53921867	30498.2	366276.5	126870.1
2033-01-13 05:08:17	5091.3	-4681.28	-403.58	57152959	-124388911	-53919279	29937.1	366345.1	126870.9
2033-01-13 05:17:34	6864	-937.35	-73.49	57168517	-124382936	-53916689	29375.9	366412.9	126871.5
2033-01-13 05:26:52	6167.24	3143.81	283.12	57184074	-124376960	-53914099	28814.6	366479.9	126871.8
2033-01-13 05:36:09	3251.69	6093.94	537.59	57199630	-124370982	-53911509	28253.3	366546.2	126871.8
2033-01-13 05:45:26	-833.72	6851.69	598.15	57215185	-124365002	-53908917	27691.9	366611.7	126871.6
2033-01-13 05:54:43	-4619.19	5144.46	442.93	57230740	-124359021	-53906325	27130.4	366676.4	126871.1
2033-01-13 06:04:00	-6742.8	1586.44	127.94	57246294	-124353039	-53903732	26568.9	366740.3	126870.4
2033-01-13 06:13:17	-6440.56	-2542.32	-233.2	57261848	-124347054	-53901139	26007.3	366803.5	126869.3
2033-01-13 06:22:35	-3821.19	-5756.45	-510.22	57277400	-124341068	-53898544	25445.6	366865.9	126868
2033-01-13 06:31:52	172.93	-6899.62	-603.19	57292952	-124335081	-53895949	24883.9	366927.5	126866.5
2033-01-13 06:41:09	4104.83	-5560.56	-478.58	57308503	-124329092	-53893354	24322.2	366988.3	126864.6
2033-01-13 06:50:26	6559.94	-2221.02	-181.33	57324053	-124323101	-53890758	23760.3	367048.4	126862.5
2033-01-13 06:59:43	6654.97	1917.57	181.33	57339603	-124317109	-53888161	23198.4	367107.7	126860.2
2033-01-13 07:09:00	4355.74	5366.29	478.58	57355152	-124311115	-53885563	22636.5	367166.2	126857.5
2033-01-13 07:18:18	489.45	6884.42	603.19	57370700	-124305119	-53882964	22074.5	367224	126854.7
2033-01-13 07:27:35	-3552.94	5925.78	510.22	57386247	-124299122	-53880365	21512.5	367280.9	126851.5
2033-01-13 07:36:52	-6317.07	2835.27	233.2	57401794	-124293123	-53877766	20950.4	367337.1	126848.1
2033-01-13 07:46:09	-6808.52	-1275.27	-127.94	57417340	-124287123	-53875165	20388.2	367392.6	126844.4
2033-01-13 07:55:26	-4850.45	-4927.01	-442.93	57432885	-124281121	-53872564	19826	367447.2	126840.4
2033-01-13 08:04:44	-1147.34	-6806.2	-598.15	57448429	-124275118	-53869962	19263.8	367501.1	126836.2
2033-01-13 08:14:01	2968.55	-6236.77	-537.59	57463973	-124269113	-53867360	18701.5	367554.2	126831.7
2033-01-13 08:23:18	6016.44	-3423.58	-283.12	57479516	-124263106	-53864756	18139.2	367606.5	126826.9
2033-01-13 08:32:35	6899.79	621.3	73.49	57495058	-124257098	-53862152	17576.8	367658.1	126821.9
2033-01-13 08:41:52	5300.81	4442.65	403.58	57510600	-124251088	-53859548	17014.4	367708.9	126816.6
2033-01-13 08:51:09	1794.75	6665.7	588.09	57526140	-124245076	-53856942	16451.9	367758.9	126811.1
2033-01-13 09:00:27	-2357.01	6490.68	560.47	57541680	-124239063	-53854336	15889.4	367808.1	126805.2
2033-01-13 09:09:44	-5660.78	3980.55	330.67	57557219	-124233048	-53851730	15326.9	367856.5	126799.1
2033-01-13 09:19:01	-6927.97	38.37	-18.41	57572758	-124227032	-53849122	14764.3	367904.2	126792.8
2033-01-13 09:28:18	-5702.68	-3917.63	-360.85	57588295	-124221014	-53846514	14201.7	367951.1	126786.2
2033-01-13 09:37:35	-2425.74	-6464.2	-573.12	57603832	-124214995	-53843905	13639	367997.3	126779.3
2033-01-13 09:46:53	1723.91	-6685.2	-578.65	57619369	-124208974	-53841296	13076.4	368042.6	126772.1
2033-01-13 09:56:10	5253.35	-4501.1	-375.45	57634904	-124202951	-53838686	12513.6	368087.2	126764.7
2033-01-13 10:05:27	6892.78	-697.68	-36.81	57650439	-124196927	-53836075	11950.9	368131	126757
2033-01-13 10:14:44	6052.4	3356.75	315.1	57665973	-124190901	-53833463	11388.1	368174.1	126749.1
2033-01-13 10:24:01	3034.54	6203.54	553.35	57681506	-124184873	-53830851	10825.3	368216.4	126740.9
2033-01-13 10:33:18	-1075.06	6818.53	592	57697038	-124178844	-53828238	10262.5	368257.8	126732.4
2033-01-13 10:42:36	-4797.88	4980.46	417.09	57712570	-124172814	-53825624	9699.6	368298.6	126723.7
2033-01-13 10:51:53	-6794.56	1350.6	91.73	57728101	-124166781	-53823010	9136.7	368338.5	126714.6
2033-01-13 11:01:10	-6346.76	-2765.15	-266.72	57743631	-124160748	-53820395	8573.8	368377.7	126705.4
2033-01-13 11:10:27	-3615.59	-5886.11	-528.96	57759161	-124154712	-53817779	8010.9	368416.1	126695.8
2033-01-13 11:19:44	416.37	-6889.47	-600.39	57774690	-124148675	-53815163	7447.9	368453.7	126686
2033-01-13 11:29:02	4298.52	-5414.24	-455.24	57790218	-124142636	-53812546	6884.9	368490.6	126676
2033-01-13 11:38:19	6634.19	-1991.17	-145.88	57805745	-124136596	-53809928	6321.9	368526.7	126665.6
2033-01-13 11:47:36	6583.08	2148.25	216.1	57821271	-124130554	-53807309	5758.9	368562	126655
2033-01-13 11:56:53	4163.56	5514.81	500.13	57836797	-124124511	-53804690	5195.9	368596.5	126644.2
2033-01-13 12:06:10	246.13	6897.35	603.75	57852322	-124118466	-53802070	4632.8	368630.3	126633
2033-01-13 12:15:27	-3759.86	5798.48	489.58	57867846	-124112419	-53799450	4069.7	368663.2	126621.7
2033-01-13 12:24:45	-6413.15	2613.52	198.81	57883370	-124106371	-53796829	3506.7	368695.5	126610
2033-01-13 12:34:02	-6759.19	-1511.68	-163.68	57898893	-124100321	-53794207	2943.6	368726.9	126598.1
2033-01-13 12:43:19	-4673.46	-5093.05	-467.13	57914415	-124094270	-53791584	2380.5	368757.6	126585.9
2033-01-13 12:52:36	-906.37	-6842.12	-602.07	57929936	-124088217	-53788961	1817.3	368787.5	126573.4
2033-01-13 13:01:53	3186.81	-6129.65	-519.83	57945456	-124082162	-53786337	1254.2	368816.6	126560.7
2033-01-13 13:11:10	6133.46	-3211.96	-250.08	57960976	-124076106	-53783712	691.1	368845	126547.8
2033-01-13 13:20:28	6873.48	861.28	109.89	57976495	-124070048	-53781086	127.9	368872.5	126534.5
2033-01-13 13:29:45	5140.62	4624.67	430.21	57992013	-124063989	-53778460	-435.2	368899.3	126521
2033-01-13 13:39:02	1558.32	6724.27	595.35	58007531	-124057928	-53775833	-998.4	368925.4	126507.2
2033-01-13 13:48:19	-2584.62	6404.73	545.73	58023048	-124051865	-53773206	-1561.5	368950.6	126493.2
2033-01-13 13:57:36	-5797.68	3781	299.25	58038564	-124045801	-53770578	-2124.7	368975.1	126478.9
2033-01-13 14:06:54	-6924.91	-203	-55.17	58054079	-124039735	-53767949	-2687.8	368998.9	126464.4
2033-01-13 14:16:11	-5560.76	-4113.96	-389.7	58069593	-124033668	-53765319	-3251	369021.8	126449.5
2033-01-13 14:25:28	-2196.01	-6544.88	-583.64	58085107	-124027599	-53762689	-3814.1	369044	126434.5
2033-01-13 14:34:45	1958.79	-6621.19	-567.06	58100620	-124021528	-53760058	-4377.3	369065.4	126419.1
2033-01-13 14:44:02	5408.87	-4315.44	-345.92	58116132	-124015456	-53757426	-4940.4	369086	126403.5
2033-01-13 14:53:19	6913	-457.15	0	58131644	-124009382	-53754794	-5503.6	369105.9	126387.6
2033-01-13 15:02:37	5930.04	3565.61	345.92	58147155	-124003307	-53752161	-6066.7	369125	126371.5
2033-01-13 15:11:54	2813.62	6305.6	567.06	58162665	-123997230	-53749527	-6629.9	369143.3	126355.1
2033-01-13 15:21:11	-1315.05	6777.06	583.64	58178174	-123991152	-53746893	-7193	369160.8	126338.4
2033-01-13 15:30:28	-4970.6	4810.39	389.7	58193682	-123985071	-53744258	-7756.1	369177.6	126321.5
2033-01-13 15:39:45	-6837.87	1113.12	55.17	58209190	-123978990	-53741622	-8319.2	369193.6	126304.3
2033-01-13 15:49:03	-6245.08	-2984.62	-299.25	58224697	-123972906	-53738985	-8882.3	369208.8	126286.8
2033-01-13 15:58:20	-3405.5	-6008.61	-545.73	58240203	-123966821	-53736348	-9445.4	369223.3	126269.1
2033-01-13 16:07:37	659.28	-6870.92	-595.35	58255709	-123960735	-53733710	-10008.4	369237	126251.2
2033-01-13 16:16:54	4486.87	-5261.32	-430.21	58271214	-123954647	-53731072	-10571.5	369249.9	126232.9
2033-01-13 16:26:11	6700.21	-1758.9	-109.89	58286718	-123948557	-53728433	-11134.5	369262.1	126214.4
2033-01-13 16:35:28	6503.01	2376.32	250.08	58302221	-123942466	-53725793	-11697.5	369273.4	126195.6
2033-01-13 16:44:46	3966.22	5656.63	519.83	58317723	-123936373	-53723152	-12260.5	369284.1	126176.6
2033-01-13 16:54:03	2.51	6901.89	602.07	58333225	-123930279	-53720511	-12823.4	369293.9	126157.3
2033-01-13 17:03:20	-3962.1	5664.11	467.13	58348726	-123924182	-53717869	-13386.4	369303	126137.8
2033-01-13 17:12:37	-6501.26	2388.58	163.68	58364226	-123918085	-53715226	-13949.3	369311.3	126118
2033-01-13 17:21:54	-6701.46	-1746.27	-198.81	58379726	-123911986	-53712582	-14512.2	369318.8	126097.9
2033-01-13 17:31:12	-4490.67	-5252.88	-489.58	58395224	-123905885	-53709938	-15075.1	369325.5	126077.5
2033-01-13 17:40:29	-664.28	-6869.7	-603.75	58410722	-123899782	-53707294	-15637.9	369331.5	126057
2033-01-13 17:49:46	3401.1	-6015.06	-500.13	58426219	-123893678	-53704648	-16200.8	369336.8	126036.1
2033-01-13 17:59:03	6242.86	-2996.42	-216.1	58441716	-123887573	-53702002	-16763.6	369341.2	126015
2033-01-13 18:08:20	6838.62	1100.23	145.88	58457211	-123881465	-53699355	-17326.3	369344.9	125993.6
2033-01-13 18:17:37	4974.05	4801.06	455.24	58472706	-123875357	-53696707	-17889	369347.8	125971.9
2033-01-13 18:26:55	1319.96	6774.64	600.39	58488201	-123869246	-53694059	-18451.7	369349.9	125950
2033-01-13 18:36:12	-2809	6310.96	528.96	58503694	-123863134	-53691410	-19014.4	369351.3	125927.9
2033-01-13 18:45:29	-5927.37	3576.83	266.72	58519187	-123857021	-53688761	-19577	369351.9	125905.4
2033-01-13 18:54:46	-6913.24	-444.12	-91.73	58534678	-123850905	-53686110	-20139.6	369351.8	125882.8
2033-01-13 19:04:03	-5411.93	-4305.3	-417.09	58550170	-123844789	-53683459	-20702.2	369350.8	125859.8
2033-01-13 19:13:20	-1963.57	-6617.59	-592	58565660	-123838670	-53680807	-21264.7	369349.1	125836.6
2033-01-13 19:22:38	2191.22	-6549.12	-553.35	58581150	-123832550	-53678155	-21827.2	369346.6	125813.1
2033-01-13 19:31:55	5557.67	-4124.51	-315.1	58596638	-123826429	-53675502	-22389.6	369343.4	125789.4
2033-01-13 19:41:12	6924.63	-216.06	36.81	58612127	-123820306	-53672848	-22952	369339.4	125765.4
2033-01-13 19:50:29	5800.32	3770.13	375.45	58627614	-123814181	-53670194	-23514.4	369334.6	125741.1
2033-01-13 19:59:46	2589.22	6399.97	578.65	58643100	-123808054	-53667539	-24076.7	369329.1	125716.6
2033-01-13 20:09:04	-1553.39	6727.34	573.12	58658586	-123801927	-53664883	-24639	369322.8	125691.9
2033-01-13 20:18:21	-5137.14	4634.45	360.85	58674071	-123795797	-53662226	-25201.2	369315.7	125666.8
2033-01-13 20:27:38	-6872.69	874.26	18.41	58689556	-123789666	-53659569	-25763.3	369307.9	125641.5
2033-01-13 20:36:55	-6135.65	-3200.47	-330.67	58705039	-123783533	-53656911	-26325.5	369299.3	125616
2033-01-13 20:46:12	-3191.19	-6123.79	-560.47	58720522	-123777399	-53654252	-26887.5	369289.9	125590.2
2033-01-13 20:55:29	901.36	-6843.99	-588.09	58736004	-123771263	-53651593	-27449.6	369279.7	125564.1
2033-01-13 21:04:47	4669.63	-5101.98	-403.58	58751485	-123765126	-53648933	-28011.5	369268.8	125537.8
2033-01-13 21:14:04	6757.9	-1524.47	-73.49	58766966	-123758987	-53646272	-28573.4	369257.1	125511.2
2033-01-13 21:23:21	6414.87	2601.51	283.12	58782446	-123752846	-53643611	-29135.3	369244.7	125484.3
2033-01-13 21:32:38	3763.97	5791.56	537.59	58797925	-123746704	-53640949	-29697.1	369231.5	125457.2
2033-01-13 21:41:55	-241.1	6898.02	598.15	58813403	-123740560	-53638286	-30258.8	369217.5	125429.8
2033-01-13 21:51:13	-4159.42	5522.83	442.93	58828880	-123734414	-53635623	-30820.5	369202.8	125402.2
2033-01-13 22:00:30	-6581.3	2160.72	127.94	58844357	-123728267	-53632958	-31382.2	369187.3	125374.3
2033-01-13 22:09:47	-6635.42	-1978.73	-233.2	58859833	-123722119	-53630294	-31943.7	369171	125346.2
2033-01-13 22:19:04	-4302.32	-5406.32	-510.22	58875308	-123715968	-53627628	-32505.2	369153.9	125317.8
2033-01-13 22:28:21	-421.37	-6888.92	-603.19	58890783	-123709817	-53624962	-33066.7	369136.1	125289.1
2033-01-13 22:37:38	3611.17	-5893.13	-478.58	58906256	-123703663	-53622295	-33628.1	369117.6	125260.2
2033-01-13 22:46:56	6344.51	-2777.21	-181.33	58921729	-123697508	-53619627	-34189.4	369098.2	125231
2033-01-13 22:56:13	6795.28	1337.85	181.33	58937201	-123691352	-53616959	-34750.6	369078.1	125201.6
2033-01-13 23:05:30	4801.31	4971.61	478.58	58952673	-123685194	-53614290	-35311.8	369057.3	125171.9
2033-01-13 23:14:47	1079.98	6816.77	603.19	58968143	-123679034	-53611620	-35872.9	369035.6	125141.9
2033-01-13 23:24:04	-3029.89	6209.51	510.22	58983613	-123672872	-53608950	-36434	369013.2	125111.7
2033-01-13 23:33:21	-6049.69	3368.29	233.2	58999082	-123666710	-53606279	-36994.9	368990.1	125081.2
2033-01-13 23:42:39	-6892.99	-684.72	-127.94	59014551	-123660545	-53603607	-37555.8	368966.2	125050.5
2033-01-13 23:51:56	-5256.4	-4491.4	-442.93	59030018	-123654379	-53600935	-38116.7	368941.5	125019.5
2033-01-14 00:01:13	-1728.71	-6682.24	-598.15	59045485	-123648211	-53598262	-38677.4	368916	124988.3
2033-01-14 00:10:30	2420.91	-6469.06	-537.59	59060951	-123642042	-53595588	-39238.1	368889.8	124956.8
2033-01-14 00:19:47	5699.55	-3928.55	-283.12	59076417	-123635871	-53592913	-39798.7	368862.9	124925
2033-01-14 00:29:05	6927.66	25.32	73.49	59091881	-123629699	-53590238	-40359.2	368835.1	124893
2033-01-14 00:38:22	5663.41	3970.08	403.58	59107345	-123623525	-53587562	-40919.6	368806.6	124860.7
2033-01-14 00:47:39	2361.62	6486.56	588.09	59122808	-123617349	-53584886	-41480	368777.4	124828.2
2033-01-14 00:56:56	-1789.79	6669.41	560.47	59138270	-123611172	-53582208	-42040.3	368747.3	124795.4
2033-01-14 01:06:13	-5297.29	4452.86	330.67	59153732	-123604993	-53579531	-42600.5	368716.5	124762.4
2033-01-14 01:15:30	-6898.98	634.32	-18.41	59169192	-123598812	-53576852	-43160.6	368685	124729.1
2033-01-14 01:24:48	-6018.61	-3412.43	-360.85	59184652	-123592630	-53574173	-43720.6	368652.7	124695.5
2033-01-14 01:34:05	-2972.94	-6231.51	-573.12	59200111	-123586447	-53571492	-44280.6	368619.6	124661.7
2033-01-14 01:43:22	1142.31	-6808.73	-578.65	59215570	-123580262	-53568812	-44840.4	368585.8	124627.6
2033-01-14 01:52:39	4846.58	-4936.42	-375.45	59231028	-123574075	-53566130	-45400.2	368551.2	124593.3
2033-01-14 02:01:56	6807.19	-1288.16	-36.81	59246484	-123567886	-53563448	-45959.9	368515.8	124558.7
2033-01-14 02:11:14	6318.77	2823.54	315.1	59261941	-123561696	-53560766	-46519.4	368479.7	124523.9
2033-01-14 02:20:31	3557.05	5919.44	553.35	59277396	-123555505	-53558082	-47078.9	368442.8	124488.8
2033-01-14 02:29:48	-484.39	6885.74	592	59292851	-123549312	-53555398	-47638.3	368405.2	124453.4
2033-01-14 02:39:05	-4351.55	5374.81	417.09	59308304	-123543117	-53552713	-48197.6	368366.8	124417.8
2033-01-14 02:48:22	-6653.15	1930.22	91.73	59323757	-123536921	-53550027	-48756.9	368327.6	124382
2033-01-14 02:57:39	-6561.14	-2208.81	-266.72	59339210	-123530723	-53547341	-49316	368287.7	124345.9
2033-01-14 03:06:57	-4108.63	-5553.19	-528.96	59354661	-123524523	-53544654	-49875	368247	124309.5
2033-01-14 03:16:14	-177.96	-6899.74	-600.39	59370112	-123518322	-53541967	-50433.9	368205.6	124272.9
2033-01-14 03:25:31	3816.73	-5764.02	-455.24	59385562	-123512120	-53539278	-50992.7	368163.4	124236
2033-01-14 03:34:48	6438.26	-2554.61	-145.88	59401011	-123505915	-53536589	-51551.4	368120.4	124198.8
2033-01-14 03:44:05	6743.5	1573.86	216.1	59416460	-123499710	-53533900	-52110.1	368076.7	124161.4
2033-01-14 03:53:23	4622.63	5136.12	500.13	59431907	-123493502	-53531209	-52668.6	368032.3	124123.8
2033-01-14 04:02:40	838.68	6850.6	603.75	59447354	-123487293	-53528518	-53227	367987	124085.9
2033-01-14 04:11:57	-3247	6100.48	489.58	59462800	-123481082	-53525827	-53785.3	367941	124047.7
2033-01-14 04:21:14	-6164.5	3155.63	198.81	59478246	-123474870	-53523134	-54343.5	367894.3	124009.3
2033-01-14 04:30:31	-6864.19	-924.5	-163.68	59493691	-123468656	-53520441	-54901.6	367846.8	123970.7
2033-01-14 04:39:48	-5094.35	-4672.04	-467.13	59509134	-123462441	-53517747	-55459.5	367798.5	123931.8
2033-01-14 04:49:06	-1491.72	-6738.76	-602.07	59524577	-123456224	-53515053	-56017.4	367749.5	123892.6
2033-01-14 04:58:23	2647.58	-6381.12	-519.83	59540020	-123450006	-53512358	-56575.2	367699.7	123853.2
2033-01-14 05:07:40	5834.35	-3727.78	-250.08	59555461	-123443785	-53509662	-57132.8	367649.2	123813.5
2033-01-14 05:16:57	6922.09	266.68	109.89	59570902	-123437564	-53506965	-57690.3	367597.9	123773.5
2033-01-14 05:26:14	5519.47	4165.2	430.21	59586342	-123431340	-53504268	-58247.8	367545.9	123733.4
2033-01-14 05:35:31	2131.11	6565.25	595.35	59601781	-123425116	-53501570	-58805.1	367493.1	123692.9
2033-01-14 05:44:49	-2023.95	6603.36	545.73	59617220	-123418889	-53498871	-59362.2	367439.5	123652.2
2033-01-14 05:54:06	-5450.85	4265.82	299.25	59632658	-123412661	-53496172	-59919.3	367385.2	123611.3
2033-01-14 06:03:23	-6916.69	393.59	-55.17	59648094	-123406431	-53493472	-60476.2	367330.1	123570.1
2033-01-14 06:12:40	-5894.11	-3620.25	-389.7	59663531	-123400200	-53490771	-61033.1	367274.3	123528.6
2033-01-14 06:21:57	-2751.01	-6331.66	-583.64	59678966	-123393967	-53488070	-61589.8	367217.7	123486.9
2033-01-14 06:31:15	1381.82	-6765.17	-567.06	59694401	-123387733	-53485368	-62146.3	367160.4	123445
2033-01-14 06:40:32	5017.5	-4764.83	-345.92	59709835	-123381497	-53482665	-62702.8	367102.3	123402.8
2033-01-14 06:49:49	6848.03	-1050.27	0	59725268	-123375259	-53479961	-63259.1	367043.5	123360.3
2033-01-14 06:59:06	6214.84	3042.15	345.92	59740700	-123369020	-53477257	-63815.3	366983.9	123317.6
2033-01-14 07:08:23	3345.74	6040.12	567.06	59756131	-123362779	-53474552	-64371.4	366923.5	123274.6
2033-01-14 07:17:40	-727.06	6865.08	583.64	59771562	-123356537	-53471847	-64927.4	366862.4	123231.4
2033-01-14 07:26:58	-4538.27	5220.23	389.7	59786992	-123350293	-53469141	-65483.2	366800.6	123187.9
2033-01-14 07:36:15	-6716.74	1697.33	55.17	59802421	-123344048	-53466434	-66038.9	366738	123144.2
2033-01-14 07:45:32	-6478.73	-2436.21	-299.25	59817850	-123337800	-53463726	-66594.4	366674.6	123100.2
2033-01-14 07:54:49	-3909.86	-5693.31	-545.73	59833278	-123331552	-53461018	-67149.8	366610.5	123056
2033-01-14 08:04:06	65.65	-6902.16	-595.35	59848705	-123325301	-53458309	-67705.1	366545.7	123011.5
2033-01-14 08:13:24	4017.53	-5627.87	-430.21	59864131	-123319050	-53455599	-68260.3	366480	122966.8
2033-01-14 08:22:41	6524.02	-2328.88	-109.89	59879556	-123312796	-53452889	-68815.3	366413.7	122921.8
2033-01-14 08:31:58	6683.36	1807.97	250.08	59894981	-123306541	-53450178	-69370.2	366346.6	122876.6
2033-01-14 08:41:15	4438.22	5294.39	519.83	59910404	-123300284	-53447466	-69924.9	366278.7	122831.1
2033-01-14 08:50:32	596.36	6876.08	602.07	59925828	-123294026	-53444754	-70479.5	366210.1	122785.4
2033-01-14 08:59:49	-3460.06	5984.01	467.13	59941250	-123287766	-53442041	-71034	366140.7	122739.4
2033-01-14 09:09:07	-6271.64	2939.11	163.68	59956671	-123281505	-53439327	-71588.3	366070.6	122693.2
2033-01-14 09:18:24	-6826.86	-1163.18	-198.81	59972092	-123275242	-53436613	-72142.5	365999.7	122646.7
2033-01-14 09:27:41	-4925.99	-4847.01	-489.58	59987512	-123268978	-53433897	-72696.5	365928.1	122600
2033-01-14 09:36:58	-1252.9	-6787.07	-603.75	60002931	-123262711	-53431181	-73250.4	365855.7	122553
2033-01-14 09:46:15	2870.94	-6285.39	-500.13	60018350	-123256444	-53428465	-73804.1	365782.6	122505.8
2033-01-14 09:55:33	5961.89	-3522.45	-216.1	60033767	-123250174	-53425748	-74357.7	365708.8	122458.3
2033-01-14 10:04:50	6907.93	507.74	145.88	60049184	-123243903	-53423030	-74911.2	365634.1	122410.6
2033-01-14 10:14:07	5368.7	4355.27	455.24	60064600	-123237631	-53420311	-75464.5	365558.8	122362.6
2033-01-14 10:23:24	1897.97	6635.95	600.39	60080015	-123231357	-53417592	-76017.6	365482.7	122314.4
2033-01-14 10:32:41	-2255.58	6529.25	528.96	60095430	-123225081	-53414872	-76570.6	365405.8	122265.9
2033-01-14 10:41:58	-5597.63	4073.57	266.72	60110844	-123218804	-53412151	-77123.4	365328.2	122217.2
2033-01-14 10:51:16	-6925.82	152.36	-91.73	60126257	-123212525	-53409430	-77676.1	365249.9	122168.2
2033-01-14 11:00:33	-5762.3	-3823.68	-417.09	60141669	-123206245	-53406708	-78228.6	365170.8	122119
2033-01-14 11:09:50	-2525.69	-6424.1	-592	60157080	-123199963	-53403985	-78781	365090.9	122069.5
2033-01-14 11:19:07	1619.59	-6713.37	-553.35	60172491	-123193679	-53401262	-79333.2	365010.3	122019.8
2033-01-14 11:28:24	5182.17	-4587.41	-315.1	60187901	-123187394	-53398538	-79885.3	364929	121969.8
2033-01-14 11:37:41	6880.36	-811.07	36.81	60203310	-123181107	-53395813	-80437.1	364846.9	121919.6
2033-01-14 11:46:59	6103.2	3257.08	375.45	60218718	-123174819	-53393087	-80988.9	364764.1	121869.1
2033-01-14 11:56:16	3130.29	6153.46	578.65	60234126	-123168529	-53390361	-81540.4	364680.5	121818.4
2033-01-14 12:05:33	-968.8	6836.05	573.12	60249533	-123162238	-53387634	-82091.8	364596.2	121767.5
2033-01-14 12:14:50	-4719.33	5059.28	360.85	60264939	-123155945	-53384907	-82643.1	364511.1	121716.3
2033-01-14 12:24:07	-6771.98	1462.36	18.41	60280344	-123149650	-53382179	-83194.2	364425.3	121664.8
2033-01-14 12:33:25	-6388.28	-2660.67	-330.67	60295748	-123143354	-53379450	-83745.1	364338.8	121613.1
2033-01-14 12:42:42	-3706.26	-5826.5	-560.47	60311152	-123137056	-53376720	-84295.8	364251.5	121561.2
2033-01-14 12:51:59	309.15	-6896.17	-588.09	60326555	-123130756	-53373990	-84846.4	364163.4	121509
2033-01-14 13:01:16	4213.33	-5484.85	-403.58	60341957	-123124455	-53371259	-85396.8	364074.6	121456.5
2033-01-14 13:10:33	6601.67	-2100.28	-73.49	60357358	-123118153	-53368527	-85947	363985.1	121403.9
2033-01-14 13:19:50	6614.92	2039.91	283.12	60372759	-123111849	-53365795	-86497.1	363894.9	121350.9
2033-01-14 13:29:08	4248.33	5446.22	537.59	60388158	-123105543	-53363062	-87047	363803.9	121297.8
2033-01-14 13:38:25	353.32	6893.18	598.15	60403557	-123099236	-53360328	-87596.7	363712.1	121244.3
2033-01-14 13:47:42	-3668.79	5860.23	442.93	60418956	-123092927	-53357594	-88146.2	363619.6	121190.7
2033-01-14 13:56:59	-6370.98	2718.98	127.94	60434353	-123086616	-53354859	-88695.6	363526.4	121136.7
2033-01-14 14:06:16	-6781.07	-1400.47	-233.2	60449750	-123080304	-53352123	-89244.7	363432.4	121082.6
2033-01-14 14:15:34	-4751.53	-5016.09	-510.22	60465146	-123073991	-53349386	-89793.7	363337.7	121028.2
2033-01-14 14:24:51	-1012.55	-6827.11	-603.19	60480541	-123067675	-53346649	-90342.6	363242.2	120973.5
2033-01-14 14:34:08	3090.71	-6181.99	-478.58	60495935	-123061359	-53343911	-90891.2	363146.1	120918.6
2033-01-14 14:43:25	6082.02	-3312.81	-181.33	60511329	-123055040	-53341173	-91439.7	363049.1	120863.5
2033-01-14 14:52:42	6885.19	748.21	181.33	60526721	-123048720	-53338434	-91987.9	362951.5	120808.1
2033-01-14 15:01:59	5211.28	4540.06	478.58	60542113	-123042399	-53335694	-92536	362853	120752.5
2033-01-14 15:11:17	1662.51	6698.57	603.19	60557504	-123036075	-53332953	-93083.9	362753.9	120696.6
2033-01-14 15:20:34	-2484.37	6447.18	510.22	60572895	-123029751	-53330212	-93631.6	362654	120640.5
2033-01-14 15:29:51	-5737.44	3876.33	233.2	60588285	-123023424	-53327470	-94179.2	362553.4	120584.1
2033-01-14 15:39:08	-6926.35	-89.09	-127.94	60603673	-123017096	-53324727	-94726.5	362452	120527.5
2033-01-14 15:48:25	-5623.36	-4022.47	-442.93	60619061	-123010767	-53321984	-95273.7	362349.9	120470.6
2033-01-14 15:57:43	-2297.26	-6508.72	-598.15	60634449	-123004436	-53319240	-95820.6	362247.1	120413.5
2033-01-14 16:07:00	1855.32	-6653.37	-537.59	60649835	-122998103	-53316495	-96367.4	362143.5	120356.2
2033-01-14 16:16:17	5340.4	-4404.38	-283.12	60665221	-122991769	-53313750	-96914	362039.2	120298.6
2033-01-14 16:25:34	6904.15	-570.85	73.49	60680606	-122985433	-53311004	-97460.3	361934.2	120240.8
2033-01-14 16:34:51	5984	3468.06	403.58	60695990	-122979096	-53308257	-98006.5	361828.4	120182.7
2033-01-14 16:44:08	2910.99	6259.3	588.09	60711373	-122972757	-53305509	-98552.5	361721.9	120124.4
2033-01-14 16:53:26	-1209.3	6798.68	560.47	60726756	-122966416	-53302761	-99098.3	361614.6	120065.9
2033-01-14 17:02:43	-4894.51	4892.14	330.67	60742138	-122960074	-53300012	-99643.9	361506.6	120007.1
2033-01-14 17:12:00	-6818.81	1225.57	-18.41	60757519	-122953730	-53297263	-100189.3	361397.9	119948
2033-01-14 17:21:17	-6289.91	-2881.91	-360.85	60772899	-122947385	-53294513	-100734.5	361288.5	119888.7
2033-01-14 17:30:34	-3498.08	-5952.61	-573.12	60788279	-122941038	-53291762	-101279.5	361178.3	119829.2
2033-01-14 17:39:51	552.24	-6881.77	-578.65	60803657	-122934690	-53289010	-101824.3	361067.4	119769.4
2033-01-14 17:49:09	4403.87	-5335.13	-375.45	60819035	-122928340	-53286258	-102368.8	360955.7	119709.4
2033-01-14 17:58:26	6671.11	-1869.09	-36.81	60834412	-122921988	-53283505	-102913.2	360843.3	119649.2
2033-01-14 18:07:43	6538.28	2269.39	315.1	60849788	-122915635	-53280751	-103457.4	360730.2	119588.7
2033-01-14 18:17:00	4053.18	5591.43	553.35	60865164	-122909280	-53277997	-104001.4	360616.4	119528
2033-01-14 18:26:17	109.87	6901.89	592	60880539	-122902924	-53275242	-104545.1	360501.8	119467
2033-01-14 18:35:35	-3872.95	5729.3	417.09	60895913	-122896566	-53272486	-105088.7	360386.5	119405.8
2033-01-14 18:44:52	-6462.4	2495.51	91.73	60911286	-122890206	-53269730	-105632	360270.4	119344.3
2033-01-14 18:54:09	-6726.86	-1636.08	-266.72	60926658	-122883845	-53266973	-106175.1	360153.7	119282.6
2033-01-14 19:03:26	-4571.2	-5179.08	-528.96	60942030	-122877483	-53264215	-106718	360036.2	119220.7
2033-01-14 19:12:43	-770.97	-6858.84	-600.39	60957401	-122871118	-53261457	-107260.7	359917.9	119158.5
2033-01-14 19:22:00	3306.62	-6071.04	-455.24	60972771	-122864752	-53258697	-107803.2	359799	119096.1
2033-01-14 19:31:18	6194.58	-3099.1	-145.88	60988140	-122858385	-53255938	-108345.5	359679.3	119033.4
2033-01-14 19:40:35	6853.91	987.8	216.1	61003509	-122852016	-53253177	-108887.5	359558.9	118970.5
2033-01-14 19:49:52	5047.41	4719.33	500.13	61018876	-122845645	-53250416	-109429.3	359437.7	118907.4
2033-01-14 19:59:09	1425.01	6753.03	603.75	61034243	-122839273	-53247654	-109970.9	359315.9	118844
2033-01-14 20:08:26	-2710.06	6357.24	489.58	61049609	-122832900	-53244892	-110512.3	359193.3	118780.4
2033-01-14 20:17:44	-5870.12	3674.34	198.81	61064975	-122826524	-53242128	-111053.5	359069.9	118716.5
2033-01-14 20:27:01	-6918.28	-330.46	-163.68	61080339	-122820147	-53239364	-111594.5	358945.9	118652.5
2033-01-14 20:36:18	-5477.45	-4216.39	-467.13	61095703	-122813769	-53236600	-112135.2	358821.1	118588.1
2033-01-14 20:45:35	-2066.01	-6585.42	-602.07	61111066	-122807389	-53233834	-112675.7	358695.6	118523.6
2033-01-14 20:54:52	2088.72	-6585.26	-519.83	61126428	-122801007	-53231068	-113215.9	358569.4	118458.7
2033-01-14 21:04:09	5491.97	-4215.96	-250.08	61141789	-122794624	-53228302	-113756	358442.4	118393.7
2033-01-14 21:13:27	6919.37	-329.9	109.89	61157150	-122788239	-53225534	-114295.8	358314.7	118328.4
2033-01-14 21:22:44	5857.39	3674.85	430.21	61172510	-122781853	-53222766	-114835.4	358186.3	118262.9
2033-01-14 21:32:01	2688.1	6357.54	595.35	61187869	-122775465	-53219998	-115374.8	358057.2	118197.1
2033-01-14 21:41:18	-1448.28	6753.02	545.73	61203227	-122769075	-53217228	-115913.9	357927.3	118131.1
2033-01-14 21:50:35	-5063.6	4719.01	299.25	61218584	-122762684	-53214458	-116452.8	357796.8	118064.9
2033-01-14 21:59:53	-6857.17	987.26	-55.17	61233941	-122756291	-53211687	-116991.4	357665.5	117998.4
2033-01-14 22:09:10	-6183.75	-3099.68	-389.7	61249297	-122749897	-53208916	-117529.9	357533.4	117931.7
2033-01-14 22:18:27	-3285.6	-6071.47	-583.64	61264652	-122743501	-53206144	-118068.1	357400.7	117864.8
2033-01-14 22:27:44	794.6	-6858.98	-567.06	61280006	-122737104	-53203371	-118606	357267.2	117797.6
2033-01-14 22:37:01	4588.92	-5178.88	-345.92	61295360	-122730705	-53200597	-119143.7	357133	117730.2
2033-01-14 22:46:18	6732.27	-1635.59	0	61310713	-122724304	-53197823	-119681.2	356998.1	117662.5
2033-01-14 22:55:36	6453.55	2496.13	345.92	61326064	-122717902	-53195048	-120218.5	356862.5	117594.6
2033-01-14 23:04:53	3853.04	5729.85	567.06	61341416	-122711498	-53192273	-120755.5	356726.2	117526.5
2033-01-14 23:14:10	-133.67	6902.18	583.64	61356766	-122705093	-53189496	-121292.2	356589.1	117458.1
2033-01-14 23:23:27	-4072.28	5591.36	389.7	61372115	-122698686	-53186719	-121828.7	356451.3	117389.5
2033-01-14 23:32:44	-6545.79	2268.96	55.17	61387464	-122692278	-53183942	-122365	356312.8	117320.7
2033-01-14 23:42:01	-6664.32	-1869.73	-299.25	61402812	-122685868	-53181164	-122901	356173.6	117251.6
2033-01-14 23:51:19	-4385.23	-5335.78	-545.73	61418159	-122679456	-53178385	-123436.8	356033.6	117182.3
2033-01-15 00:00:36	-528.48	-6882.21	-595.35	61433506	-122673043	-53175605	-123972.3	355893	117112.8
2033-01-15 00:09:53	3518.4	-5952.68	-430.21	61448851	-122666628	-53172824	-124507.6	355751.6	117043
2033-01-15 00:19:10	6299.44	-2881.58	-109.89	61464196	-122660212	-53170043	-125042.7	355609.5	116973
2033-01-15 00:28:27	6814.13	1226.21	250.08	61479540	-122653794	-53167262	-125577.4	355466.7	116902.7
2033-01-15 00:37:45	4877.31	4892.88	519.83	61494883	-122647374	-53164479	-126112	355323.2	116832.2
2033-01-15 00:47:02	1185.78	6799.27	602.07	61510226	-122640953	-53161696	-126646.3	355178.9	116761.5
2033-01-15 00:56:19	-2932.35	6259.53	467.13	61525567	-122634530	-53158912	-127180.3	355034	116690.6
2033-01-15 01:05:36	-5995.49	3467.84	163.68	61540908	-122628106	-53156128	-127714.1	354888.3	116619.4
2033-01-15 01:14:53	-6901.63	-571.47	-198.81	61556248	-122621680	-53153343	-128247.6	354741.9	116548
2033-01-15 01:24:10	-5324.77	-4405.19	-489.58	61571587	-122615253	-53150557	-128780.8	354594.8	116476.3
2033-01-15 01:33:28	-1832.23	-6654.1	-603.75	61586926	-122608824	-53147770	-129313.8	354447	116404.5
2033-01-15 01:42:45	2319.48	-6509.1	-500.13	61602264	-122602393	-53144983	-129846.6	354298.4	116332.4
2033-01-15 01:52:02	5636.7	-4022.37	-216.1	61617600	-122595961	-53142195	-130379.1	354149.2	116260
2033-01-15 02:01:19	6926	-88.52	145.88	61632937	-122589527	-53139407	-130911.3	353999.3	116187.4
2033-01-15 02:10:36	5723.53	3877.19	455.24	61648272	-122583092	-53136617	-131443.3	353848.6	116114.6
2033-01-15 02:19:54	2461.91	6448.03	600.39	61663606	-122576655	-53133827	-131975	353697.2	116041.6
2033-01-15 02:29:11	-1685.42	6699.11	528.96	61678940	-122570217	-53131037	-132506.4	353545.1	115968.3
2033-01-15 02:38:28	-5226.37	4540.1	266.72	61694273	-122563777	-53128245	-133037.6	353392.3	115894.8
2033-01-15 02:47:45	-6887.02	747.71	-91.73	61709605	-122557335	-53125453	-133568.5	353238.8	115821.1
2033-01-15 02:57:02	-6069.93	-3313.69	-417.09	61724936	-122550892	-53122661	-134099.1	353084.6	115747.1
2033-01-15 03:06:19	-3069.06	-6182.96	-592	61740267	-122544447	-53119867	-134629.5	352929.7	115672.9
2033-01-15 03:15:37	1035.95	-6827.82	-553.35	61755597	-122538001	-53117073	-135159.6	352774	115598.5
2033-01-15 03:24:54	4768.24	-5016.29	-315.1	61770926	-122531553	-53114279	-135689.4	352617.7	115523.8
2033-01-15 03:34:11	6785.06	-1400.06	36.81	61786254	-122525104	-53111483	-136219	352460.6	115448.9
2033-01-15 03:43:28	6360.81	2719.87	375.45	61801581	-122518652	-53108687	-136748.3	352302.9	115373.8
2033-01-15 03:52:45	3648.14	5861.3	578.65	61816908	-122512200	-53105890	-137277.3	352144.4	115298.4
2033-01-15 04:02:02	-377.01	6894.05	573.12	61832233	-122505746	-53103093	-137806	351985.2	115222.8
2033-01-15 04:11:20	-4266.51	5446.58	360.85	61847558	-122499290	-53100295	-138334.5	351825.3	115147
2033-01-15 04:20:37	-6621.04	2039.61	18.41	61862882	-122492832	-53097496	-138862.7	351664.8	115071
2033-01-15 04:29:54	-6593.51	-2101.14	-330.67	61878206	-122486374	-53094696	-139390.6	351503.5	114994.7
2033-01-15 04:39:11	-4193.84	-5485.99	-560.47	61893528	-122479913	-53091896	-139918.2	351341.5	114918.2
2033-01-15 04:48:28	-285.36	-6897.19	-588.09	61908850	-122473451	-53089095	-140445.6	351178.8	114841.5
2033-01-15 04:57:46	3725.77	-5827.03	-403.58	61924171	-122466987	-53086293	-140972.7	351015.4	114764.5
2033-01-15 05:07:03	6396.47	-2660.51	-73.49	61939491	-122460522	-53083491	-141499.5	350851.2	114687.3
2033-01-15 05:16:20	6765.91	1463.18	283.12	61954811	-122454055	-53080688	-142026	350686.4	114609.9
2033-01-15 05:25:37	4701.18	5060.48	537.59	61970129	-122447587	-53077885	-142552.2	350520.9	114532.3
2033-01-15 05:34:54	945.11	6837.22	598.15	61985447	-122441117	-53075080	-143078.1	350354.7	114454.4
2033-01-15 05:44:11	-3150.96	6154.17	442.93	62000764	-122434645	-53072275	-143603.8	350187.8	114376.3
2033-01-15 05:53:29	-6113.4	3257.07	127.94	62016080	-122428172	-53069470	-144129.2	350020.1	114297.9
2033-01-15 06:02:46	-6876.42	-811.82	-233.2	62031395	-122421698	-53066663	-144654.2	349851.8	114219.4
2033-01-15 06:12:03	-5165.51	-4588.66	-510.22	62046710	-122415221	-53063856	-145179	349682.8	114140.6
2033-01-15 06:21:20	-1596.21	-6714.67	-603.19	62062024	-122408743	-53061048	-145703.5	349513.1	114061.6
2033-01-15 06:30:37	2547.34	-6425	-478.58	62077337	-122402264	-53058240	-146227.8	349342.6	113982.4
2033-01-15 06:39:55	5774.42	-3823.84	-181.33	62092649	-122395783	-53055431	-146751.7	349171.5	113902.9
2033-01-15 06:49:12	6924.04	153.01	181.33	62107960	-122389301	-53052621	-147275.3	348999.7	113823.2
2033-01-15 06:58:29	5582.59	4074.83	478.58	62123271	-122382816	-53049811	-147798.6	348827.2	113743.3
2033-01-15 07:07:46	2232.7	6530.68	603.19	62138581	-122376331	-53046999	-148321.7	348654	113663.1
2033-01-15 07:17:03	-1920.43	6637.03	510.22	62153890	-122369843	-53044188	-148844.4	348480	113582.8
2033-01-15 07:26:20	-5382.64	4355.62	233.2	62169198	-122363355	-53041375	-149366.9	348305.4	113502.2
2033-01-15 07:35:38	-6908.32	507.2	-127.94	62184505	-122356864	-53038562	-149889	348130.1	113421.3
2033-01-15 07:44:55	-5948.6	-3523.7	-442.93	62199812	-122350372	-53035748	-150410.9	347954.1	113340.3
2033-01-15 07:54:12	-2848.76	-6286.92	-598.15	62215118	-122343879	-53032933	-150932.4	347777.4	113259
2033-01-15 08:03:29	1275.97	-6788.33	-537.59	62230423	-122337383	-53030118	-151453.7	347600	113177.5
2033-01-15 08:12:46	4941.63	-4847.55	-283.12	62245727	-122330887	-53027302	-151974.6	347421.9	113095.8
2033-01-15 08:22:04	6829.43	-1162.78	73.49	62261030	-122324388	-53024486	-152495.3	347243.1	113013.8
2033-01-15 08:31:21	6260.21	2940.32	403.58	62276333	-122317888	-53021668	-153015.6	347063.7	112931.7
2033-01-15 08:40:38	3438.76	5985.62	588.09	62291634	-122311387	-53018850	-153535.6	346883.5	112849.3
2033-01-15 08:49:55	-619.84	6877.52	560.47	62306935	-122304884	-53016032	-154055.4	346702.6	112766.7
2033-01-15 08:59:12	-4455.43	5295.13	330.67	62322236	-122298379	-53013212	-154574.8	346521.1	112683.8
2033-01-15 09:08:29	-6688.07	1807.74	-18.41	62337535	-122291873	-53010392	-155093.9	346338.8	112600.7
2033-01-15 09:17:47	-6514.55	-2330.03	-360.85	62352834	-122285366	-53007572	-155612.7	346155.9	112517.5
2033-01-15 09:27:04	-3997.29	-5629.55	-573.12	62368131	-122278856	-53004750	-156131.2	345972.3	112433.9
2033-01-15 09:36:21	-41.94	-6903.77	-578.65	62383428	-122272345	-53001928	-156649.4	345787.9	112350.2
2033-01-15 09:45:38	3928.49	-5694.26	-375.45	62398724	-122265833	-52999105	-157167.3	345602.9	112266.2
2033-01-15 09:54:55	6485.55	-2436.16	-36.81	62414020	-122259319	-52996282	-157684.8	345417.2	112182.1
2033-01-15 10:04:12	6709.3	1698.4	315.1	62429314	-122252803	-52993458	-158202.1	345230.8	112097.7
2033-01-15 10:13:30	4519.25	5221.95	553.35	62444608	-122246286	-52990633	-158719	345043.8	112013
2033-01-15 10:22:47	703.32	6866.84	592	62459901	-122239767	-52987807	-159235.6	344856	111928.2
2033-01-15 10:32:04	-3365.63	6041.29	417.09	62475193	-122233247	-52984981	-159751.9	344667.5	111843.1
2033-01-15 10:41:21	-6223.71	3042.3	91.73	62490485	-122226725	-52982154	-160267.9	344478.4	111757.8
2033-01-15 10:50:38	-6842.69	-1051.22	-266.72	62505775	-122220202	-52979327	-160783.6	344288.6	111672.3
2033-01-15 10:59:56	-4999.87	-4766.56	-528.96	62521065	-122213677	-52976499	-161298.9	344098.1	111586.6
2033-01-15 11:09:13	-1358.26	-6767.07	-600.39	62536354	-122207150	-52973670	-161813.9	343906.9	111500.6
2033-01-15 11:18:30	2771.99	-6333.04	-455.24	62551642	-122200622	-52970840	-162328.6	343715	111414.4
2033-01-15 11:27:47	5904.96	-3620.6	-145.88	62566929	-122194092	-52968010	-162843	343522.4	111328
2033-01-15 11:37:04	6913.49	394.4	216.1	62582216	-122187561	-52965179	-163357.1	343329.2	111241.4
2033-01-15 11:46:21	5434.76	4267.54	500.13	62597501	-122181028	-52962347	-163870.8	343135.2	111154.6
2033-01-15 11:55:39	2000.77	6605.37	603.75	62612786	-122174493	-52959515	-164384.2	342940.6	111067.5
2033-01-15 12:04:56	-2153.02	6566.84	489.58	62628070	-122167957	-52956682	-164897.3	342745.3	110980.3
2033-01-15 12:14:13	-5532.2	4165.79	198.81	62643354	-122161420	-52953848	-165410	342549.3	110892.8
2033-01-15 12:23:30	-6921.06	266.03	-163.68	62658636	-122154881	-52951014	-165922.4	342352.7	110805.1
2033-01-15 12:32:47	-5819.92	-3729.46	-467.13	62673918	-122148340	-52948179	-166434.5	342155.3	110717.1
2033-01-15 12:42:05	-2624.97	-6383.23	-602.07	62689199	-122141798	-52945343	-166946.3	341957.3	110629
2033-01-15 12:51:22	1514.36	-6740.55	-519.83	62704479	-122135254	-52942507	-167457.7	341758.6	110540.6
2033-01-15 13:00:39	5108.85	-4672.87	-250.08	62719758	-122128708	-52939670	-167968.8	341559.2	110452
2033-01-15 13:09:56	6865.32	-924.04	109.89	62735036	-122122161	-52936832	-168479.6	341359.1	110363.2
2033-01-15 13:19:13	6151.86	3157.24	430.21	62750314	-122115613	-52933993	-168990	341158.4	110274.2
2033-01-15 13:28:30	3225.15	6102.67	595.35	62765591	-122109062	-52931154	-169500.1	340957	110184.9
2033-01-15 13:37:48	-861.86	6852.59	545.73	62780867	-122102511	-52928315	-170009.8	340754.9	110095.5
2033-01-15 13:47:05	-4638.78	5137.19	299.25	62796142	-122095957	-52925474	-170519.2	340552.1	110005.8
2033-01-15 13:56:22	-6746.8	1573.61	-55.17	62811417	-122089402	-52922633	-171028.3	340348.7	109915.9
2033-01-15 14:05:39	-6427.52	-2556.12	-389.7	62826690	-122082846	-52919791	-171537.1	340144.5	109825.8
2033-01-15 14:14:56	-3795.81	-5766.26	-583.64	62841963	-122076288	-52916948	-172045.5	339939.7	109735.4
2033-01-15 14:24:14	201.49	-6901.91	-567.06	62857235	-122069728	-52914105	-172553.5	339734.3	109644.9
2033-01-15 14:33:31	4126.3	-5554.51	-345.92	62872506	-122063167	-52911261	-173061.2	339528.1	109554.1
2033-01-15 14:42:48	6566.57	-2208.79	0	62887776	-122056604	-52908417	-173568.6	339321.3	109463.2
2033-01-15 14:52:05	6644.38	1931.59	345.92	62903046	-122050040	-52905571	-174075.6	339113.8	109372
2033-01-15 15:01:22	4331.76	5377.07	567.06	62918315	-122043474	-52902725	-174582.3	338905.6	109280.6
2033-01-15 15:10:39	460.7	6888.08	583.64	62933583	-122036907	-52899879	-175088.6	338696.8	109188.9
2033-01-15 15:19:57	-3576.08	5921.01	389.7	62948850	-122030338	-52897032	-175594.6	338487.3	109097.1
2033-01-15 15:29:14	-6326.28	2823.76	55.17	62964116	-122023767	-52894184	-176100.2	338277.1	109005
2033-01-15 15:38:31	-6800.48	-1289.38	-299.25	62979382	-122017195	-52891335	-176605.5	338066.2	108912.8
2033-01-15 15:47:48	-4828.07	-4938.67	-545.73	62994646	-122010621	-52888485	-177110.5	337854.7	108820.3
2033-01-15 15:57:05	-1118.68	-6811.22	-595.35	63009910	-122004046	-52885635	-177615	337642.5	108727.6
2033-01-15 16:06:22	2993.17	-6233.33	-430.21	63025173	-121997469	-52882785	-178119.3	337429.6	108634.7
2033-01-15 16:15:40	6028.14	-3412.91	-109.89	63040436	-121990891	-52879933	-178623.2	337216.1	108541.6
2033-01-15 16:24:57	6894.37	635.36	250.08	63055697	-121984311	-52877081	-179126.7	337001.9	108448.2
2033-01-15 16:34:14	5280.21	4455.07	519.83	63070958	-121977729	-52874228	-179629.9	336787	108354.7
2033-01-15 16:43:31	1766.41	6672.02	602.07	63086218	-121971146	-52871375	-180132.7	336571.5	108260.9
2033-01-15 16:52:48	-2382.89	6488.62	467.13	63101477	-121964561	-52868521	-180635.1	336355.3	108166.9
2033-01-15 17:02:06	-5674.87	3970.84	163.68	63116735	-121957975	-52865666	-181137.2	336138.4	108072.7
2033-01-15 17:11:23	-6925.2	24.48	-198.81	63131992	-121951387	-52862811	-181639	335920.9	107978.3
2033-01-15 17:20:40	-5684.06	-3930.7	-489.58	63147249	-121944798	-52859954	-182140.3	335702.7	107883.7
2033-01-15 17:29:57	-2397.97	-6471.77	-603.75	63162505	-121938207	-52857098	-182641.4	335483.8	107788.9
2033-01-15 17:39:14	1750.82	-6684.54	-500.13	63177760	-121931614	-52854240	-183142	335264.3	107693.8
2033-01-15 17:48:31	5269.71	-4492.45	-216.1	63193014	-121925020	-52851382	-183642.3	335044.1	107598.6
2033-01-15 17:57:49	6892.7	-684.12	145.88	63208267	-121918424	-52848523	-184142.2	334823.2	107503.1
2033-01-15 18:07:06	6035.9	3370.34	455.24	63223520	-121911827	-52845663	-184641.8	334601.7	107407.4
2033-01-15 18:16:23	3007.58	6212.29	600.39	63238771	-121905228	-52842803	-185141	334379.5	107311.6
2033-01-15 18:25:40	-1102.76	6819.29	528.96	63254022	-121898628	-52839942	-185639.8	334156.7	107215.5
2033-01-15 18:34:57	-4816.35	4972.95	266.72	63269272	-121892026	-52837081	-186138.3	333933.2	107119.2
2033-01-15 18:44:15	-6797.15	1337.51	-91.73	63284522	-121885422	-52834218	-186636.4	333709	107022.6
2033-01-15 18:53:32	-6332.54	-2779.13	-417.09	63299770	-121878817	-52831355	-187134.1	333484.2	106925.9
2033-01-15 19:02:49	-3589.68	-5895.96	-592	63315018	-121872210	-52828492	-187631.5	333258.8	106829
2033-01-15 19:12:06	444.62	-6891.64	-553.35	63330264	-121865602	-52825627	-188128.5	333032.6	106731.8
2033-01-15 19:21:23	4318.95	-5407.95	-315.1	63345511	-121858992	-52822762	-188625.1	332805.8	106634.5
2033-01-15 19:30:40	6639.43	-1978.67	36.81	63360756	-121852381	-52819897	-189121.3	332578.4	106536.9
2033-01-15 19:39:58	6571.25	2162.48	375.45	63376000	-121845768	-52817030	-189617.2	332350.3	106439.1
2033-01-15 19:49:15	4138.93	5525.67	578.65	63391244	-121839154	-52814163	-190112.7	332121.5	106341.1
2033-01-15 19:58:32	217.57	6900.93	573.12	63406486	-121832538	-52811295	-190607.8	331892.1	106243
2033-01-15 20:07:49	-3782.06	5793.48	360.85	63421728	-121825920	-52808427	-191102.5	331662	106144.6
2033-01-15 20:17:06	-6421	2601.74	18.41	63436969	-121819301	-52805558	-191596.9	331431.3	106046
2033-01-15 20:26:24	-6749.85	-1526.03	-330.67	63452210	-121812680	-52802688	-192090.9	331199.9	105947.1
2033-01-15 20:35:41	-4650.32	-5104.8	-560.47	63467449	-121806058	-52799818	-192584.5	330967.9	105848.1
2033-01-15 20:44:58	-877.75	-6847.06	-588.09	63482688	-121799434	-52796946	-193077.7	330735.2	105748.9
2033-01-15 20:54:15	3210.58	-6126	-403.58	63497926	-121792808	-52794075	-193570.5	330501.8	105649.4
2033-01-15 21:03:32	6143.83	-3201.01	-73.49	63513163	-121786181	-52791202	-194063	330267.8	105549.8
2033-01-15 21:12:49	6866.71	875.6	283.12	63528399	-121779552	-52788329	-194555.1	330033.2	105450
2033-01-15 21:22:07	5119.16	4637.22	537.59	63543635	-121772922	-52785455	-195046.8	329797.9	105349.9
2033-01-15 21:31:24	1529.9	6730.54	598.15	63558869	-121766291	-52782580	-195538.1	329562	105249.6
2033-01-15 21:40:41	-2609.75	6402.47	442.93	63574103	-121759657	-52779705	-196029	329325.4	105149.2
2033-01-15 21:49:58	-5810.48	3771	127.94	63589336	-121753022	-52776829	-196519.5	329088.1	105048.5
2033-01-15 21:59:15	-6920.77	-217.14	-233.2	63604568	-121746386	-52773953	-197009.6	328850.2	104947.6
2033-01-15 22:08:32	-5541.17	-4127.19	-510.22	63619799	-121739748	-52771075	-197499.4	328611.7	104846.5
2033-01-15 22:17:50	-2168.04	-6552.43	-603.19	63635030	-121733108	-52768198	-197988.8	328372.5	104745.2
2033-01-15 22:27:07	1985.07	-6620.35	-478.58	63650260	-121726467	-52765319	-198477.7	328132.7	104643.7
2033-01-15 22:36:24	5424	-4306.5	-181.33	63665488	-121719824	-52762440	-198966.3	327892.2	104542
2033-01-15 22:45:41	6911.52	-443.31	181.33	63680716	-121713180	-52759560	-199454.5	327651.1	104440.1
2033-01-15 22:54:58	5912.49	3579.38	478.58	63695944	-121706534	-52756679	-199942.3	327409.3	104338
2033-01-15 23:04:16	2786.34	6314.35	603.19	63711170	-121699887	-52753798	-200429.7	327166.9	104235.7
2033-01-15 23:13:33	-1342.24	6777.66	510.22	63726396	-121693238	-52750916	-200916.7	326923.9	104133.2
2033-01-15 23:22:50	-4987.91	4802.6	233.2	63741621	-121686587	-52748033	-201403.3	326680.2	104030.5
2033-01-15 23:32:07	-6839.06	1099.73	-127.94	63756844	-121679935	-52745150	-201889.5	326435.8	103927.6
2033-01-15 23:41:24	-6229.73	-2998.8	-442.93	63772068	-121673282	-52742265	-202375.3	326190.8	103824.4
2033-01-15 23:50:41	-3379.14	-6018.49	-598.15	63787290	-121666626	-52739381	-202860.7	325945.2	103721.1
2033-01-15 23:59:59	687.15	-6872.95	-537.59	63802511	-121659970	-52736495	-203345.7	325699	103617.6
2033-01-16 00:09:16	4506.21	-5254.76	-283.12	63817732	-121653311	-52733609	-203830.3	325452	103513.8
2033-01-16 00:18:33	6704.05	-1746.09	73.49	63832952	-121646651	-52730722	-204314.6	325204.5	103409.9
2033-01-16 00:27:50	6489.98	2390.78	403.58	63848171	-121639990	-52727835	-204798.4	324956.3	103305.8
2033-01-16 00:37:07	3941.02	5667.55	588.09	63863389	-121633327	-52724947	-205281.8	324707.5	103201.4
2033-01-16 00:46:25	-25.79	6905.34	560.47	63878607	-121626662	-52722058	-205764.8	324458	103096.9
2033-01-16 00:55:42	-3983.3	5658.85	330.67	63893823	-121619996	-52719169	-206247.3	324207.9	102992.2
2033-01-16 01:04:59	-6507.73	2376.49	-18.41	63909039	-121613328	-52716278	-206729.5	323957.2	102887.2
2033-01-16 01:14:16	-6690.87	-1760.86	-360.85	63924254	-121606659	-52713387	-207211.3	323705.8	102782.1
2033-01-16 01:23:33	-4466.84	-5264.73	-573.12	63939468	-121599988	-52710496	-207692.7	323453.8	102676.7
2033-01-16 01:32:50	-635.8	-6874.55	-578.65	63954681	-121593315	-52707604	-208173.6	323201.2	102571.2
2033-01-16 01:42:08	3423.97	-6011.16	-375.45	63969894	-121586641	-52704711	-208654.2	322947.9	102465.4
2033-01-16 01:51:25	6251.89	-2985.15	-36.81	63985105	-121579966	-52701817	-209134.3	322694	102359.5
2033-01-16 02:00:42	6830.55	1114.82	315.1	64000316	-121573289	-52698923	-209614	322439.5	102253.4
2033-01-16 02:09:59	4951.8	4813.73	553.35	64015526	-121566610	-52696028	-210093.4	322184.3	102147
2033-01-16 02:19:16	1291.55	6780.86	592	64030735	-121559930	-52693132	-210572.3	321928.5	102040.5
2033-01-16 02:28:34	-2833.34	6308.47	417.09	64045944	-121553248	-52690236	-211050.7	321672.1	101933.8
2033-01-16 02:37:51	-5938.87	3566.52	91.73	64061151	-121546564	-52687339	-211528.8	321415	101826.8
2033-01-16 02:47:08	-6907.76	-458.56	-266.72	64076358	-121539879	-52684442	-212006.5	321157.3	101719.7
2033-01-16 02:56:25	-5391.46	-4318.68	-528.96	64091564	-121533193	-52681543	-212483.7	320899	101612.4
2033-01-16 03:05:42	-1935.48	-6625.11	-600.39	64106769	-121526505	-52678644	-212960.5	320640	101504.8
2033-01-16 03:14:59	2216.8	-6548.06	-455.24	64121973	-121519815	-52675745	-213436.9	320380.5	101397.1
2033-01-16 03:24:17	5571.53	-4115.25	-145.88	64137177	-121513124	-52672844	-213912.9	320120.2	101289.2
2033-01-16 03:33:34	6921.78	-201.91	216.1	64152379	-121506431	-52669943	-214388.4	319859.4	101181.1
2033-01-16 03:42:51	5781.79	3784.09	500.13	64167581	-121499737	-52667041	-214863.6	319597.9	101072.7
2033-01-16 03:52:08	2561.69	6408.73	603.75	64182782	-121493041	-52664139	-215338.3	319335.9	100964.2
2033-01-16 04:01:25	-1580	6727.74	489.58	64197982	-121486343	-52661236	-215812.6	319073.1	100855.5
2033-01-16 04:10:42	-5153.25	4626.35	198.81	64213181	-121479644	-52658332	-216286.5	318809.8	100746.6
2033-01-16 04:20:00	-6872.5	860.55	-163.68	64228380	-121472944	-52655428	-216759.9	318545.8	100637.5
2033-01-16 04:29:17	-6119.23	-3214.87	-467.13	64243577	-121466242	-52652523	-217232.9	318281.3	100528.2
2033-01-16 04:38:34	-3164.46	-6133.7	-602.07	64258774	-121459538	-52649617	-217705.5	318016.1	100418.7
2033-01-16 04:47:51	928.77	-6845.86	-519.83	64273970	-121452833	-52646710	-218177.7	317750.2	100309
2033-01-16 04:57:08	4687.84	-5095.11	-250.08	64289165	-121446126	-52643803	-218649.4	317483.8	100199.2
2033-01-16 05:06:26	6760.36	-1511.32	109.89	64304360	-121439417	-52640895	-219120.7	317216.7	100089.1
2033-01-16 05:15:43	6400.7	2616.21	430.21	64319553	-121432707	-52637987	-219591.5	316949	99978.8
2033-01-16 05:25:00	3738.27	5802.54	595.35	64334746	-121425996	-52635078	-220062	316680.7	99868.4
2033-01-16 05:34:17	-269.05	6901.33	545.73	64349938	-121419283	-52632168	-220532	316411.8	99757.7
2033-01-16 05:43:34	-4179.56	5517.27	299.25	64365129	-121412568	-52629257	-221001.6	316142.2	99646.8
2033-01-16 05:52:51	-6586.38	2148.28	-55.17	64380319	-121405852	-52626346	-221470.7	315872	99535.8
2033-01-16 06:02:09	-6623.61	-1993.6	-389.7	64395508	-121399134	-52623434	-221939.4	315601.3	99424.6
2033-01-16 06:11:26	-4277.88	-5418.27	-583.64	64410697	-121392415	-52620522	-222407.7	315329.9	99313.1
2033-01-16 06:20:43	-393.11	-6893.65	-567.06	64425885	-121385694	-52617608	-222875.5	315057.8	99201.5
2033-01-16 06:30:00	3633.07	-5888.95	-345.92	64441072	-121378971	-52614695	-223342.9	314785.2	99089.7
2033-01-16 06:39:17	6352.17	-2765.6	0	64456258	-121372247	-52611780	-223809.8	314512	98977.7
2033-01-16 06:48:35	6785.94	1352.73	345.92	64471443	-121365522	-52608865	-224276.4	314238.1	98865.5
2033-01-16 06:57:52	4778.35	4984.42	567.06	64486627	-121358795	-52605949	-224742.4	313963.6	98753.1
2033-01-16 07:07:09	1051.66	6822.9	583.64	64501811	-121352066	-52603032	-225208.1	313688.5	98640.5
2033-01-16 07:16:26	-3053.36	6206.75	389.7	64516994	-121345336	-52600115	-225673.3	313412.8	98527.7
2033-01-16 07:25:43	-6059.86	3357.62	55.17	64532176	-121338604	-52597197	-226138	313136.5	98414.8
2033-01-16 07:35:00	-6886.2	-699.47	-299.25	64547357	-121331870	-52594278	-226602.3	312859.6	98301.6
2033-01-16 07:44:18	-5235.1	-4504.94	-545.73	64562537	-121325135	-52591359	-227066.2	312582.1	98188.3
2033-01-16 07:53:35	-1700.58	-6689.7	-595.35	64577716	-121318399	-52588439	-227529.6	312303.9	98074.8
2033-01-16 08:02:52	2445.73	-6467.76	-430.21	64592895	-121311661	-52585518	-227992.6	312025.2	97961
2033-01-16 08:12:09	5712.13	-3918.93	-109.89	64608073	-121304921	-52582597	-228455.1	311745.8	97847.1
2033-01-16 08:21:26	6923.47	39.8	250.08	64623250	-121298180	-52579675	-228917.2	311465.9	97733
2033-01-16 08:30:43	5643.96	3984.23	519.83	64638426	-121291437	-52576752	-229378.8	311185.3	97618.7
2033-01-16 08:40:01	2333.93	6495.29	602.07	64653601	-121284693	-52573828	-229840	310904.1	97504.2
2033-01-16 08:49:18	-1815.75	6669.59	467.13	64668776	-121277947	-52570904	-230300.7	310622.3	97389.6
2033-01-16 08:58:35	-5312.17	4444.4	163.68	64683949	-121271199	-52567980	-230761	310339.9	97274.7
2033-01-16 09:07:52	-6897.41	620.25	-198.81	64699122	-121264450	-52565054	-231220.8	310057	97159.7
2033-01-16 09:17:09	-6001.18	-3427.05	-489.58	64714294	-121257700	-52562128	-231680.1	309773.4	97044.4
2033-01-16 09:26:27	-2945.92	-6241.44	-603.75	64729465	-121250948	-52559201	-232139.1	309489.2	96929
2033-01-16 09:35:44	1169.18	-6810.39	-500.13	64744635	-121244194	-52556274	-232597.5	309204.4	96813.4
2033-01-16 09:45:01	4863.62	-4929.2	-216.1	64759805	-121237439	-52553346	-233055.5	308918.9	96697.6
2033-01-16 09:54:18	6808.27	-1274.65	145.88	64774974	-121230682	-52550417	-233513.1	308632.9	96581.7
2033-01-16 10:03:35	6303.51	2838.5	455.24	64790141	-121223923	-52547487	-233970.2	308346.3	96465.5
2033-01-16 10:12:52	3530.95	5930.47	600.39	64805308	-121217164	-52544557	-234426.8	308059.1	96349.1
2033-01-16 10:22:10	-511.92	6888.88	528.96	64820474	-121210402	-52541626	-234883	307771.3	96232.6
2033-01-16 10:31:27	-4370.6	5368.92	266.72	64835640	-121203639	-52538695	-235338.7	307482.9	96115.9
2033-01-16 10:40:44	-6656.86	1917.39	-91.73	64850804	-121196874	-52535762	-235793.9	307193.9	95999
2033-01-16 10:50:01	-6548.18	-2223.96	-417.09	64865968	-121190108	-52532830	-236248.7	306904.3	95881.9
2033-01-16 10:59:18	-4083.67	-5565.23	-592	64881131	-121183340	-52529896	-236703.1	306614.1	95764.6
2033-01-16 11:08:36	-150	-6904.34	-553.35	64896293	-121176571	-52526962	-237156.9	306323.3	95647.1
2033-01-16 11:17:53	3837.62	-5759.51	-315.1	64911454	-121169800	-52524027	-237610.3	306031.9	95529.5
2033-01-16 11:27:10	6444.56	-2542.61	36.81	64926614	-121163028	-52521091	-238063.3	305740	95411.6
2033-01-16 11:36:27	6732.94	1589.06	375.45	64941774	-121156254	-52518155	-238515.7	305447.4	95293.6
2033-01-16 11:45:44	4599.02	5149.05	578.65	64956932	-121149478	-52515218	-238967.7	305154.2	95175.4
2033-01-16 11:55:01	810.53	6856.61	573.12	64972090	-121142701	-52512280	-239419.3	304860.4	95057
2033-01-16 12:04:19	-3269.54	6097.41	360.85	64987247	-121135923	-52509342	-239870.3	304566.1	94938.5
2033-01-16 12:13:36	-6173.32	3144.57	18.41	65002403	-121129142	-52506403	-240320.9	304271.1	94819.7
2033-01-16 12:22:53	-6856.12	-939.6	-330.67	65017559	-121122361	-52503463	-240771.1	303975.6	94700.8
2033-01-16 12:32:10	-5072.3	-4685.75	-560.47	65032713	-121115577	-52500523	-241220.7	303679.5	94581.7
2033-01-16 12:41:27	-1463.64	-6746.15	-588.09	65047867	-121108792	-52497582	-241669.9	303382.8	94462.4
2033-01-16 12:50:45	2671.58	-6379.53	-403.58	65063019	-121102006	-52494640	-242118.6	303085.5	94342.9
2033-01-16 13:00:02	5845.63	-3717.77	-73.49	65078171	-121095218	-52491698	-242566.9	302787.6	94223.2
2033-01-16 13:09:19	6916.59	281.52	283.12	65093323	-121088428	-52488755	-243014.6	302489.1	94103.4
2033-01-16 13:18:36	5499.17	4179.55	537.59	65108473	-121081637	-52485811	-243461.9	302190	93983.4
2033-01-16 13:27:53	2103.34	6573.95	598.15	65123622	-121074845	-52482867	-243908.8	301890.4	93863.2
2033-01-16 13:37:10	-2049.19	6603.27	442.93	65138771	-121068050	-52479922	-244355.1	301590.1	93742.8
2033-01-16 13:46:28	-5464.47	4256.97	127.94	65153919	-121061255	-52476976	-244801	301289.3	93622.2
2033-01-16 13:55:45	-6913.79	379.14	-233.2	65169066	-121054457	-52474030	-245246.3	300987.9	93501.5
2033-01-16 14:05:02	-5875.74	-3635.1	-510.22	65184212	-121047658	-52471082	-245691.3	300685.9	93380.6
2033-01-16 14:14:19	-2723.79	-6341.59	-603.19	65199357	-121040858	-52468135	-246135.7	300383.3	93259.5
2033-01-16 14:23:36	1408.08	-6766.6	-478.58	65214502	-121034056	-52465186	-246579.6	300080.2	93138.2
2033-01-16 14:32:53	5033.34	-4757.22	-181.33	65229645	-121027252	-52462237	-247023.1	299776.4	93016.7
2033-01-16 14:42:11	6847.75	-1036.35	181.33	65244788	-121020447	-52459287	-247466.1	299472.1	92895.1
2033-01-16 14:51:28	6198.55	3057.38	478.58	65259930	-121013640	-52456337	-247908.6	299167.2	92773.3
2033-01-16 15:00:45	3319.31	6051.19	603.19	65275071	-121006832	-52453386	-248350.6	298861.7	92651.3
2033-01-16 15:10:02	-754.1	6868.01	510.22	65290211	-121000022	-52450434	-248792.1	298555.7	92529.1
2033-01-16 15:19:19	-4556.18	5213.96	233.2	65305351	-120993211	-52447481	-249233.2	298249.1	92406.7
2033-01-16 15:28:37	-6719.08	1684.1	-127.94	65320489	-120986398	-52444528	-249673.7	297941.8	92284.2
2033-01-16 15:37:54	-6464.65	-2451.66	-442.93	65335627	-120979583	-52441574	-250113.8	297634.1	92161.5
2033-01-16 15:47:11	-3884.45	-5705.42	-598.15	65350764	-120972767	-52438620	-250553.4	297325.7	92038.6
2033-01-16 15:56:28	93.24	-6906.58	-537.59	65365900	-120965950	-52435665	-250992.5	297016.8	91915.6
2033-01-16 16:05:45	4037.36	-5623	-283.12	65381035	-120959131	-52432709	-251431.1	296707.2	91792.3
2033-01-16 16:15:02	6528.95	-2316.45	73.49	65396169	-120952310	-52429752	-251869.2	296397.2	91668.9
2033-01-16 16:24:20	6671.62	1823.5	403.58	65411303	-120945488	-52426795	-252306.8	296086.5	91545.3
2033-01-16 16:33:37	4414.05	5307.43	588.09	65426436	-120938664	-52423837	-252744	295775.3	91421.6
2033-01-16 16:42:54	568.46	6881.95	560.47	65441568	-120931838	-52420878	-253180.6	295463.5	91297.6
2033-01-16 16:52:11	-3481.63	5980.59	330.67	65456699	-120925012	-52417919	-253616.8	295151.1	91173.5
2033-01-16 17:01:28	-6279.12	2927.62	-18.41	65471829	-120918183	-52414959	-254052.4	294838.1	91049.2
2033-01-16 17:10:46	-6817.56	-1178.63	-360.85	65486958	-120911353	-52411998	-254487.6	294524.6	90924.8
2033-01-16 17:20:03	-4903.27	-4860.87	-573.12	65502087	-120904521	-52409037	-254922.2	294210.5	90800.1
2033-01-16 17:29:20	-1224.94	-6794.35	-578.65	65517214	-120897688	-52406075	-255356.4	293895.9	90675.3
2033-01-16 17:38:37	2894.06	-6283.47	-375.45	65532341	-120890854	-52403113	-255790.1	293580.7	90550.3
2033-01-16 17:47:54	5971.85	-3512.01	-36.81	65547467	-120884017	-52400149	-256223.2	293264.9	90425.2
2033-01-16 17:57:11	6901.14	522.97	315.1	65562592	-120877179	-52397185	-256655.9	292948.5	90299.9
2033-01-16 18:06:29	5347.62	4369.82	553.35	65577716	-120870340	-52394221	-257088.1	292631.6	90174.4
2033-01-16 18:15:46	1870.2	6644.58	592	65592840	-120863499	-52391255	-257519.7	292314.1	90048.7
2033-01-16 18:25:03	-2280.04	6528.86	417.09	65607963	-120856657	-52388289	-257950.9	291996.1	89922.8
2033-01-16 18:34:20	-5609.97	4064.28	91.73	65623084	-120849813	-52385323	-258381.6	291677.5	89796.8
2033-01-16 18:43:37	-6921.6	137.5	-266.72	65638205	-120842967	-52382355	-258811.8	291358.3	89670.6
2033-01-16 18:52:55	-5743.05	-3838.77	-528.96	65653325	-120836120	-52379387	-259241.4	291038.6	89544.3
2033-01-16 19:02:12	-2498.34	-6434	-600.39	65668445	-120829271	-52376418	-259670.6	290718.3	89417.7
2033-01-16 19:11:29	1645.17	-6714.52	-455.24	65683563	-120822421	-52373449	-260099.2	290397.4	89291
2033-01-16 19:20:46	5196.78	-4579.38	-145.88	65698681	-120815569	-52370479	-260527.4	290076	89164.2
2033-01-16 19:30:03	6878.74	-796.73	216.1	65713797	-120808716	-52367508	-260955	289754	89037.1
2033-01-16 19:39:20	6085.94	3272.58	500.13	65728913	-120801861	-52364537	-261382.1	289431.5	88909.9
2033-01-16 19:48:38	3103.62	6164.55	603.75	65744028	-120795004	-52361565	-261808.8	289108.4	88782.5
2033-01-16 19:57:55	-995.27	6838.74	489.58	65759142	-120788146	-52358592	-262234.9	288784.7	88655
2033-01-16 20:07:12	-4736.08	5052.59	198.81	65774256	-120781286	-52355618	-262660.5	288460.5	88527.2
2033-01-16 20:16:29	-6772.97	1448.68	-163.68	65789368	-120774425	-52352644	-263085.6	288135.7	88399.3
2033-01-16 20:25:46	-6373.15	-2676.43	-467.13	65804480	-120767563	-52349670	-263510.1	287810.4	88271.3
2033-01-16 20:35:03	-3680.48	-5838.67	-602.07	65819591	-120760698	-52346694	-263934.2	287484.6	88143
2033-01-16 20:44:21	336.29	-6900.38	-519.83	65834701	-120753832	-52343718	-264357.8	287158.1	88014.6
2033-01-16 20:53:38	4232.06	-5479.57	-250.08	65849810	-120746965	-52340741	-264780.8	286831.1	87886.1
2033-01-16 21:02:55	6605.25	-2087.39	109.89	65864918	-120740096	-52337764	-265203.3	286503.6	87757.3
2033-01-16 21:12:12	6602.07	2055.77	430.21	65880025	-120733226	-52334785	-265625.4	286175.5	87628.4
2033-01-16 21:21:29	4223.67	5459.37	595.35	65895132	-120726354	-52331807	-266046.9	285846.9	87499.4
2033-01-16 21:30:47	325.75	6898.89	545.73	65910238	-120719480	-52328827	-266467.8	285517.7	87370.1
2033-01-16 21:40:04	-3689.34	5856.43	299.25	65925343	-120712605	-52325847	-266888.3	285188	87240.7
2033-01-16 21:49:21	-6377.11	2707.02	-55.17	65940447	-120705728	-52322866	-267308.2	284857.7	87111.2
2033-01-16 21:58:38	-6770.58	-1416.29	-389.7	65955550	-120698850	-52319884	-267727.7	284526.9	86981.4
2033-01-16 22:07:55	-4728.22	-5030.1	-583.64	65970652	-120691970	-52316902	-268146.6	284195.5	86851.5
2033-01-16 22:17:12	-984.8	-6834.27	-567.06	65985754	-120685089	-52313919	-268565	283863.6	86721.5
2033-01-16 22:26:30	3112.9	-6179.71	-345.92	66000854	-120678206	-52310936	-268982.8	283531.1	86591.2
2033-01-16 22:35:47	6090.65	-3301.9	0	66015954	-120671321	-52307952	-269400.2	283198.1	86460.8
2033-01-16 22:45:04	6877.17	763.84	345.92	66031053	-120664435	-52304967	-269817	282864.5	86330.3
2033-01-16 22:54:21	5189.5	4554.79	567.06	66046151	-120657548	-52301981	-270233.3	282530.4	86199.6
2033-01-16 23:03:38	1634.82	6707.11	583.64	66061248	-120650659	-52298995	-270649	282195.8	86068.7
2033-01-16 23:12:56	-2507.99	6446.45	389.7	66076345	-120643768	-52296008	-271064.3	281860.6	85937.6
2033-01-16 23:22:13	-5748.49	3866.57	55.17	66091440	-120636876	-52293020	-271479	281524.9	85806.4
2033-01-16 23:31:30	-6920.85	-104.37	-299.25	66106535	-120629982	-52290032	-271893.2	281188.6	85675
2033-01-16 23:40:47	-5603.3	-4037.79	-545.73	66121629	-120623086	-52287043	-272306.9	280851.8	85543.5
2033-01-16 23:50:04	-2269.87	-6518.57	-595.35	66136722	-120616190	-52284053	-272720	280514.4	85411.8
2033-01-16 23:59:21	1880.16	-6654.21	-430.21	66151814	-120609291	-52281063	-273132.6	280176.5	85279.9
2033-01-17 00:08:39	5353.75	-4395.88	-109.89	66166906	-120602391	-52278072	-273544.7	279838.1	85147.9
2033-01-17 00:17:56	6901.22	-556.06	250.08	66181996	-120595490	-52275080	-273956.2	279499.1	85015.7
2033-01-17 00:27:13	5965.84	3483.84	519.83	66197086	-120588586	-52272088	-274367.2	279159.6	84883.3
2033-01-17 00:36:30	2884.15	6270.39	602.07	66212175	-120581682	-52269095	-274777.7	278819.6	84750.8
2033-01-17 00:45:47	-1235.15	6801.09	467.13	66227262	-120574776	-52266101	-275187.7	278479	84618.2
2033-01-17 00:55:05	-4910.06	4884.99	163.68	66242350	-120567868	-52263107	-275597.1	278137.9	84485.3
2033-01-17 01:04:22	-6818.47	1211.42	-198.81	66257436	-120560959	-52260112	-276006	277796.3	84352.3
2033-01-17 01:13:39	-6273.8	-2897.99	-489.58	66272521	-120554048	-52257116	-276414.3	277454.1	84219.2
2033-01-17 01:22:56	-3472.02	-5964.82	-603.75	66287606	-120547135	-52254120	-276822.1	277111.4	84085.8
2033-01-17 01:32:13	578.86	-6885.74	-500.13	66302689	-120540221	-52251123	-277229.4	276768.2	83952.4
2033-01-17 01:41:30	4421.46	-5329.4	-216.1	66317772	-120533306	-52248125	-277636.2	276424.4	83818.7
2033-01-17 01:50:48	6673.35	-1855.72	145.88	66332854	-120526389	-52245127	-278042.4	276080.1	83684.9
2033-01-17 02:00:05	6524.37	2285.6	455.24	66347935	-120519470	-52242128	-278448	275735.3	83551
2033-01-17 02:09:22	4028.13	5604.67	600.39	66363016	-120512550	-52239128	-278853.1	275390	83416.9
2033-01-17 02:18:39	82.71	6907.38	528.96	66378095	-120505628	-52236128	-279257.7	275044.1	83282.6
2033-01-17 02:27:56	-3892.44	5725.06	266.72	66393174	-120498705	-52233127	-279661.8	274697.7	83148.2
2033-01-17 02:37:13	-6467.19	2483.05	-91.73	66408251	-120491780	-52230125	-280065.3	274350.8	83013.6
2033-01-17 02:46:31	-6715.25	-1652.29	-417.09	66423328	-120484854	-52227122	-280468.2	274003.3	82878.9
2033-01-17 02:55:48	-4547.37	-5193.22	-592	66438404	-120477926	-52224119	-280870.7	273655.3	82744
2033-01-17 03:05:05	-743.51	-6865.83	-553.35	66453479	-120470996	-52221116	-281272.5	273306.8	82608.9
2033-01-17 03:14:22	3327.82	-6068.35	-315.1	66468554	-120464065	-52218111	-281673.9	272957.8	82473.7
2033-01-17 03:23:39	6201.89	-3087.68	36.81	66483627	-120457133	-52215106	-282074.7	272608.2	82338.3
2033-01-17 03:32:57	6844.7	1003.84	375.45	66498700	-120450198	-52212100	-282474.9	272258.2	82202.8
2033-01-17 03:42:14	5025	4734.24	578.65	66513772	-120443263	-52209094	-282874.6	271907.6	82067.1
2033-01-17 03:51:31	1397.49	6761.44	573.12	66528842	-120436326	-52206087	-283273.7	271556.5	81931.3
2033-01-17 04:00:48	-2732.78	6356.12	360.85	66543913	-120429387	-52203079	-283672.3	271204.8	81795.3
2033-01-17 04:10:05	-5879.86	3664.08	18.41	66558982	-120422446	-52200070	-284070.4	270852.7	81659.1
2033-01-17 04:19:22	-6911.54	-346.19	-330.67	66574050	-120415504	-52197061	-284467.9	270500	81522.8
2033-01-17 04:28:40	-5456.66	-4231.94	-560.47	66589118	-120408561	-52194051	-284864.8	270146.8	81386.4
2033-01-17 04:37:57	-2038.66	-6595.19	-588.09	66604184	-120401616	-52191041	-285261.2	269793.1	81249.8
2033-01-17 04:47:14	2112.76	-6585.74	-403.58	66619250	-120394670	-52188030	-285657.1	269438.9	81113
2033-01-17 04:56:31	5504.06	-4206.96	-73.49	66634315	-120387721	-52185018	-286052.4	269084.2	80976.1
2033-01-17 05:05:48	6915.16	-314.64	283.12	66649379	-120380772	-52182005	-286447.1	268728.9	80839
2033-01-17 05:15:06	5838.4	3690.89	537.59	66664442	-120373821	-52178992	-286841.3	268373.1	80701.8
2033-01-17 05:24:23	2661.18	6368.59	598.15	66679505	-120366868	-52175978	-287234.9	268016.9	80564.4
2033-01-17 05:33:40	-1473.43	6755.1	442.93	66694566	-120359914	-52172964	-287628	267660.1	80426.9
2033-01-17 05:42:57	-5077.92	4711.36	127.94	66709627	-120352958	-52169948	-288020.5	267302.8	80289.2
2033-01-17 05:52:14	-6855.52	972.62	-233.2	66724687	-120346000	-52166933	-288412.5	266945	80151.4
2033-01-17 06:01:31	-6166.72	-3116.06	-510.22	66739745	-120339041	-52163916	-288803.9	266586.7	80013.4
2033-01-17 06:10:49	-3259.33	-6083.71	-603.19	66754804	-120332081	-52160899	-289194.8	266227.8	79875.3
2033-01-17 06:20:06	820.64	-6862.66	-478.58	66769861	-120325119	-52157881	-289585.1	265868.5	79737
2033-01-17 06:29:23	4605.35	-5172.66	-181.33	66784917	-120318155	-52154862	-289974.8	265508.7	79598.5
2033-01-17 06:38:40	6733.18	-1621.71	181.33	66799973	-120311190	-52151843	-290364	265148.3	79460
2033-01-17 06:47:57	6438.62	2512.7	478.58	66815027	-120304223	-52148823	-290752.6	264787.5	79321.2
2033-01-17 06:57:14	3827.66	5743.15	603.19	66830081	-120297255	-52145802	-291140.7	264426.1	79182.3
2033-01-17 07:06:32	-160.36	6907.43	510.22	66845134	-120290285	-52142781	-291528.1	264064.2	79043.3
2033-01-17 07:15:49	-4090.66	5586.65	233.2	66860186	-120283314	-52139759	-291915.1	263701.9	78904.1
2033-01-17 07:25:06	-6549.26	2255.98	-127.94	66875237	-120276341	-52136737	-292301.4	263339	78764.8
2033-01-17 07:34:23	-6651.63	-1886.34	-442.93	66890288	-120269367	-52133713	-292687.2	262975.6	78625.3
2033-01-17 07:43:40	-4360.95	-5350.03	-598.15	66905337	-120262391	-52130689	-293072.5	262611.8	78485.7
2033-01-17 07:52:58	-501.37	-6888.99	-537.59	66920386	-120255413	-52127665	-293457.2	262247.4	78345.9
2033-01-17 08:02:15	3538.57	-5949.53	-283.12	66935434	-120248434	-52124640	-293841.3	261882.5	78206
2033-01-17 08:11:32	6305.43	-2869.62	73.49	66950481	-120241454	-52121614	-294224.8	261517.1	78065.9
2033-01-17 08:20:49	6803.78	1242.69	403.58	66965527	-120234471	-52118587	-294607.8	261151.3	77925.7
2033-01-17 08:30:06	4854.35	4907.95	588.09	66980572	-120227488	-52115560	-294990.2	260784.9	77785.3
2033-01-17 08:39:23	1158.49	6807.52	560.47	66995616	-120220502	-52112532	-295372	260418	77644.8
2033-01-17 08:48:41	-2954.13	6257.98	330.67	67010660	-120213516	-52109503	-295753.3	260050.7	77504.2
2033-01-17 08:57:58	-6003.93	3457.03	-18.41	67025702	-120206527	-52106474	-296134	259682.8	77363.3
2033-01-17 09:07:15	-6893.69	-587.66	-360.85	67040744	-120199537	-52103444	-296514.1	259314.5	77222.4
2033-01-17 09:16:32	-5303.33	-4420.96	-573.12	67055785	-120192546	-52100413	-296893.6	258945.6	77081.3
2033-01-17 09:25:49	-1805	-6663.76	-578.65	67070825	-120185553	-52097382	-297272.6	258576.3	76940.1
2033-01-17 09:35:07	2342.68	-6509.18	-375.45	67085864	-120178558	-52094350	-297651	258206.5	76798.7
2033-01-17 09:44:24	5647.52	-4012.82	-36.81	67100903	-120171562	-52091317	-298028.9	257836.2	76657.1
2033-01-17 09:53:41	6920.55	-72.76	315.1	67115940	-120164565	-52088284	-298406.1	257465.3	76515.5
2033-01-17 10:02:58	5703.78	3893.49	553.35	67130977	-120157565	-52085249	-298782.8	257094	76373.7
2033-01-17 10:12:15	2434.98	6459.02	592	67146013	-120150565	-52082215	-299158.9	256722.3	76231.7
2033-01-17 10:21:32	-1709.82	6700.83	417.09	67161048	-120143562	-52079179	-299534.5	256350	76089.6
2033-01-17 10:30:50	-5239.46	4531.91	91.73	67176082	-120136558	-52076143	-299909.4	255977.2	75947.3
2033-01-17 10:40:07	-6884.1	732.54	-266.72	67191115	-120129553	-52073107	-300283.8	255604	75804.9
2033-01-17 10:49:24	-6052.05	-3330.39	-528.96	67206147	-120122546	-52070069	-300657.6	255230.2	75662.4
2033-01-17 10:58:41	-3042.68	-6195.18	-600.39	67221179	-120115538	-52067031	-301030.8	254856	75519.7
2033-01-17 11:07:58	1061.34	-6831.17	-455.24	67236209	-120108528	-52063992	-301403.5	254481.3	75376.9
2033-01-17 11:17:16	4783.49	-5009.54	-145.88	67251239	-120101516	-52060953	-301775.5	254106.1	75234
2033-01-17 11:26:33	6784.68	-1385.64	216.1	67266268	-120094503	-52057913	-302147	253730.4	75090.9
2033-01-17 11:35:50	6344.95	2736.79	500.13	67281296	-120087488	-52054872	-302517.9	253354.3	74947.6
2033-01-17 11:45:07	3622.52	5874.64	603.75	67296323	-120080472	-52051831	-302888.2	252977.6	74804.2
2033-01-17 11:54:24	-403.16	6899.01	489.58	67311349	-120073454	-52048789	-303258	252600.5	74660.7
2033-01-17 12:03:41	-4283.77	5441.35	198.81	67326375	-120066435	-52045746	-303627.1	252222.9	74517
2033-01-17 12:12:59	-6623.2	2026.07	-163.68	67341399	-120059414	-52042703	-303995.7	251844.9	74373.2
2033-01-17 12:22:16	-6579.81	-2118.14	-467.13	67356423	-120052392	-52039658	-304363.7	251466.3	74229.3
2033-01-17 12:31:33	-4169.21	-5500.34	-602.07	67371446	-120045368	-52036614	-304731.1	251087.3	74085.2
2033-01-17 12:40:50	-258.68	-6903.73	-519.83	67386468	-120038342	-52033568	-305097.9	250707.8	73941
2033-01-17 12:50:07	3744.89	-5823.39	-250.08	67401489	-120031315	-52030522	-305464.1	250327.8	73796.6
2033-01-17 12:59:24	6401.15	-2647.98	109.89	67416509	-120024287	-52027475	-305829.7	249947.3	73652.1
2033-01-17 13:08:42	6754.47	1480.09	430.21	67431528	-120017257	-52024428	-306194.8	249566.4	73507.5
2033-01-17 13:17:59	4677.75	5075.71	595.35	67446547	-120010225	-52021380	-306559.2	249185	73362.7
2033-01-17 13:27:16	918.14	6845.27	545.73	67461565	-120003192	-52018331	-306923.1	248803.1	73217.8
2033-01-17 13:36:33	-3171.76	6152.15	299.25	67476581	-119996157	-52015282	-307286.4	248420.8	73072.8
2033-01-17 13:45:50	-6120.54	3245.69	-55.17	67491597	-119989121	-52012231	-307649.1	248037.9	72927.6
2033-01-17 13:55:08	-6867.34	-828.48	-389.7	67506612	-119982083	-52009181	-308011.2	247654.7	72782.3
2033-01-17 14:04:25	-5143.48	-4604.62	-583.64	67521627	-119975043	-52006129	-308372.7	247270.9	72636.8
2033-01-17 14:13:42	-1569.18	-6724.19	-567.06	67536640	-119968002	-52003077	-308733.6	246886.7	72491.2
2033-01-17 14:22:59	2569.64	-6424.63	-345.92	67551652	-119960960	-52000024	-309093.9	246502	72345.5
2033-01-17 14:32:16	5783.96	-3813.71	0	67566664	-119953916	-51996971	-309453.6	246116.8	72199.6
2033-01-17 14:41:33	6917.39	169.28	345.92	67581675	-119946870	-51993916	-309812.8	245731.2	72053.6
2033-01-17 14:50:51	5562.16	4091.38	567.06	67596684	-119939823	-51990862	-310171.3	245345.1	71907.5
2033-01-17 15:00:08	2205.85	6541.57	583.64	67611693	-119932775	-51987806	-310529.3	244958.5	71761.2
2033-01-17 15:09:25	-1944.02	6638.33	389.7	67626702	-119925724	-51984750	-310886.6	244571.5	71614.8
2033-01-17 15:18:42	-5394.48	4346.85	55.17	67641709	-119918673	-51981693	-311243.4	244184	71468.3
2033-01-17 15:27:59	-6904.16	491.5	-299.25	67656715	-119911619	-51978636	-311599.5	243796.1	71321.6
2033-01-17 15:37:17	-5929.94	-3540.7	-545.73	67671721	-119904564	-51975577	-311955.1	243407.7	71174.8
2033-01-17 15:46:34	-2822.33	-6299.09	-595.35	67686725	-119897508	-51972519	-312310	243018.8	71027.8
2033-01-17 15:55:51	1300.65	-6791.3	-430.21	67701729	-119890450	-51969459	-312664.4	242629.5	70880.8
2033-01-17 16:05:08	4955.67	-4840.23	-109.89	67716732	-119883391	-51966399	-313018.1	242239.7	70733.6
2033-01-17 16:14:25	6827.78	-1147.8	250.08	67731734	-119876330	-51963338	-313371.3	241849.4	70586.2
2033-01-17 16:23:42	6243.47	2957.6	519.83	67746735	-119869267	-51960276	-313723.8	241458.7	70438.8
2033-01-17 16:33:00	3412.97	5998.98	602.07	67761736	-119862203	-51957214	-314075.8	241067.6	70291.2
2033-01-17 16:42:17	-645.39	6882.14	467.13	67776735	-119855137	-51954151	-314427.1	240675.9	70143.4
2033-01-17 16:51:34	-4471.54	5289.34	163.68	67791734	-119848070	-51951088	-314777.9	240283.9	69995.6
2033-01-17 17:00:51	-6688.95	1793.61	-198.81	67806731	-119841001	-51948024	-315128	239891.3	69847.6
2033-01-17 17:10:08	-6499.88	-2347.43	-489.58	67821728	-119833931	-51944959	-315477.5	239498.4	69699.5
2033-01-17 17:19:26	-3972.37	-5643.96	-603.75	67836724	-119826859	-51941893	-315826.5	239104.9	69551.2
2033-01-17 17:28:43	-15.75	-6910.01	-500.13	67851719	-119819786	-51938827	-316174.8	238711	69402.8
2033-01-17 17:38:00	3946.51	-5690.07	-216.1	67866714	-119812711	-51935760	-316522.5	238316.7	69254.3
2033-01-17 17:47:17	6488.93	-2423.03	145.88	67881707	-119805635	-51932693	-316869.6	237921.9	69105.7
2033-01-17 17:56:34	6696.83	1715.76	455.24	67896699	-119798557	-51929624	-317216.1	237526.7	68956.9
2033-01-17 18:05:51	4495.43	5237.29	600.39	67911691	-119791477	-51926555	-317562	237131	68808
2033-01-17 18:15:09	676.73	6874.65	528.96	67926682	-119784396	-51923486	-317907.3	236734.9	68659
2033-01-17 18:24:26	-3385.41	6038.75	266.72	67941672	-119777313	-51920416	-318252	236338.3	68509.8
2033-01-17 18:33:43	-6229.56	3030.3	-91.73	67956661	-119770229	-51917345	-318596.1	235941.3	68360.5
2033-01-17 18:43:00	-6832.51	-1068.37	-417.09	67971649	-119763143	-51914273	-318939.5	235543.8	68211.1
2033-01-17 18:52:17	-4977.34	-4782.7	-592	67986636	-119756056	-51911201	-319282.4	235145.9	68061.6
2033-01-17 19:01:34	-1331.5	-6776.39	-553.35	68001622	-119748967	-51908128	-319624.6	234747.5	67911.9
2033-01-17 19:10:52	2793.35	-6332.18	-315.1	68016608	-119741877	-51905054	-319966.2	234348.7	67762.1
2033-01-17 19:20:09	5913.22	-3609.86	36.81	68031593	-119734785	-51901980	-320307.3	233949.5	67612.2
2033-01-17 19:29:26	6905.69	411.19	375.45	68046576	-119727692	-51898905	-320647.6	233549.8	67462.2
2033-01-17 19:38:43	5413.71	4284.32	578.65	68061559	-119720597	-51895830	-320987.4	233149.7	67312
2033-01-17 19:48:00	1974.07	6616.13	573.12	68076541	-119713500	-51892753	-321326.6	232749.1	67161.7
2033-01-17 19:57:18	-2175.75	6567.68	360.85	68091522	-119706402	-51889676	-321665.2	232348.1	67011.3
2033-01-17 20:06:35	-5542.79	4156.4	18.41	68106503	-119699303	-51886599	-322003.1	231946.6	66860.8
2033-01-17 20:15:52	-6915.7	249.78	-330.67	68121482	-119692201	-51883521	-322340.4	231544.8	66710.1
2033-01-17 20:25:09	-5800.55	-3746.74	-560.47	68136461	-119685099	-51880442	-322677.1	231142.5	66559.3
2033-01-17 20:34:26	-2598.57	-6395.32	-588.09	68151438	-119677995	-51877362	-323013.2	230739.7	66408.4
2033-01-17 20:43:43	1538.27	-6743.1	-403.58	68166415	-119670889	-51874282	-323348.7	230336.5	66257.3
2033-01-17 20:53:01	5121.67	-4664.94	-73.49	68181391	-119663781	-51871201	-323683.5	229932.9	66106.2
2033-01-17 21:02:18	6862.44	-908.47	283.12	68196366	-119656673	-51868119	-324017.7	229528.8	65954.9
2033-01-17 21:11:35	6134.32	3174.85	537.59	68211340	-119649562	-51865037	-324351.3	229124.4	65803.5
2033-01-17 21:20:52	3199.28	6116	598.15	68226314	-119642450	-51861954	-324684.3	228719.4	65652
2033-01-17 21:30:09	-886.74	6856.83	442.93	68241286	-119635337	-51858870	-325016.7	228314.1	65500.3
2033-01-17 21:39:27	-4653.72	5130.8	127.94	68256258	-119628222	-51855786	-325348.4	227908.3	65348.5
2033-01-17 21:48:44	-6746.41	1558.87	-233.2	68271228	-119621105	-51852701	-325679.6	227502.1	65196.6
2033-01-17 21:58:01	-6411.96	-2573.91	-510.22	68286198	-119613987	-51849615	-326010.1	227095.5	65044.6
2033-01-17 22:07:18	-3770.7	-5780.7	-603.19	68301167	-119606868	-51846529	-326339.9	226688.4	64892.5
2033-01-17 22:16:35	227.12	-6907.82	-478.58	68316135	-119599746	-51843442	-326669.2	226280.9	64740.2
2033-01-17 22:25:52	4143.2	-5549.73	-181.33	68331102	-119592624	-51840354	-326997.8	225873	64587.9
2033-01-17 22:35:10	6568.68	-2195.03	181.33	68346069	-119585499	-51837266	-327325.8	225464.7	64435.4
2033-01-17 22:44:27	6630.94	1949.39	478.58	68361034	-119578374	-51834177	-327653.2	225055.9	64282.7
2033-01-17 22:53:44	4307.62	5392.51	603.19	68375999	-119571246	-51831088	-327980	224646.7	64130
2033-01-17 23:03:01	434.56	6895.61	510.22	68390962	-119564117	-51827997	-328306.1	224237.1	63977.2
2033-01-17 23:12:18	-3594.81	5917.9	233.2	68405925	-119556987	-51824906	-328631.6	223827.1	63824.2
2033-01-17 23:21:36	-6330.86	2811.13	-127.94	68420887	-119549855	-51821815	-328956.4	223416.6	63671.1
2033-01-17 23:30:53	-6789.26	-1307.02	-442.93	68435848	-119542722	-51818722	-329280.7	223005.7	63517.9
2033-01-17 23:40:10	-4805.11	-4954.97	-598.15	68450808	-119535587	-51815629	-329604.3	222594.4	63364.6
2033-01-17 23:49:27	-1092.25	-6820.3	-537.59	68465767	-119528450	-51812536	-329927.3	222182.7	63211.1
2033-01-17 23:58:44	3013.54	-6231.93	-283.12	68480726	-119521312	-51809441	-330249.6	221770.6	63057.5
2033-01-18 00:08:01	6035.14	-3401.52	73.49	68495683	-119514172	-51806346	-330571.3	221358.1	62903.9
2033-01-18 00:17:19	6885.47	652.67	403.58	68510640	-119507031	-51803251	-330892.4	220945.1	62750.1
2033-01-18 00:26:36	5258.64	4472.07	588.09	68525596	-119499888	-51800154	-331212.9	220531.7	62596.2
2033-01-18 00:35:53	1739.93	6682.6	560.47	68540551	-119492744	-51797057	-331532.7	220117.9	62442.1
2033-01-18 00:45:10	-2404.72	6488.95	330.67	68555505	-119485598	-51793960	-331851.9	219703.7	62288
2033-01-18 00:54:27	-5684.21	3960.8	-18.41	68570458	-119478451	-51790861	-332170.4	219289.1	62133.7
2033-01-18 01:03:44	-6918.69	7.67	-360.85	68585410	-119471302	-51787762	-332488.4	218874.1	61979.4
2033-01-18 01:13:02	-5664.05	-3948.25	-573.12	68600362	-119464152	-51784663	-332805.6	218458.7	61824.9
2033-01-18 01:22:19	-2371.67	-6483.74	-578.65	68615312	-119457000	-51781562	-333122.3	218042.8	61670.3
2033-01-18 01:31:36	1773.93	-6686.61	-375.45	68630262	-119449846	-51778461	-333438.3	217626.5	61515.5
2033-01-18 01:40:53	5281.3	-4483.86	-36.81	68645211	-119442691	-51775360	-333753.7	217209.9	61360.7
2033-01-18 01:50:10	6888.62	-667.96	315.1	68660158	-119435534	-51772257	-334068.4	216792.8	61205.8
2033-01-18 01:59:28	6017.63	3388.28	553.35	68675105	-119428376	-51769154	-334382.5	216375.3	61050.7
2033-01-18 02:08:45	2981.7	6225.56	592	68690051	-119421217	-51766051	-334696	215957.4	60895.5
2033-01-18 02:18:02	-1126.92	6823.1	417.09	68704997	-119414055	-51762946	-335008.8	215539.2	60740.3
2033-01-18 02:27:19	-4830.1	4965.92	91.73	68719941	-119406893	-51759841	-335321	215120.5	60584.9
2033-01-18 02:36:36	-6795.54	1322.15	-266.72	68734885	-119399728	-51756736	-335632.6	214701.4	60429.4
2033-01-18 02:45:53	-6316.16	-2797.3	-528.96	68749827	-119392563	-51753629	-335943.5	214281.9	60273.7
2033-01-18 02:55:11	-3564.44	-5910.4	-600.39	68764769	-119385395	-51750522	-336253.7	213862	60118
2033-01-18 03:04:28	469.63	-6897.16	-455.24	68779710	-119378226	-51747415	-336563.3	213441.7	59962.2
2033-01-18 03:13:45	4334.72	-5402.55	-145.88	68794650	-119371056	-51744306	-336872.3	213020.9	59806.2
2033-01-18 03:23:02	6640.29	-1964.27	216.1	68809589	-119363884	-51741197	-337180.7	212599.8	59650.2
2033-01-18 03:32:19	6556.9	2180.71	500.13	68824527	-119356710	-51738088	-337488.4	212178.3	59494
2033-01-18 03:41:37	4114.55	5541.17	603.75	68839464	-119349535	-51734977	-337795.4	211756.4	59337.7
2033-01-18 03:50:54	191.94	6908.11	489.58	68854401	-119342359	-51731866	-338101.8	211334.1	59181.3
2033-01-18 04:00:11	-3799.7	5789.76	198.81	68869336	-119335181	-51728755	-338407.6	210911.5	59024.8
2033-01-18 04:09:28	-6424.31	2588.43	-163.68	68884271	-119328001	-51725642	-338712.7	210488.4	58868.2
2033-01-18 04:18:45	-6737.65	-1544.15	-467.13	68899205	-119320820	-51722529	-339017.2	210064.9	58711.5
2033-01-18 04:28:02	-4627.01	-5121.22	-602.07	68914137	-119313637	-51719416	-339321	209641	58554.7
2033-01-18 04:37:20	-851.74	-6855.87	-519.83	68929070	-119306453	-51716301	-339624.2	209216.8	58397.7
2033-01-18 04:46:37	3229.94	-6124.01	-250.08	68944001	-119299267	-51713186	-339926.7	208792.1	58240.7
2033-01-18 04:55:54	6149.57	-3188.93	109.89	68958931	-119292080	-51710071	-340228.6	208367	58083.6
2033-01-18 05:05:11	6856.77	893.43	430.21	68973860	-119284891	-51706954	-340529.9	207941.6	57926.3
2033-01-18 05:14:28	5097.13	4654.4	595.35	68988789	-119277700	-51703837	-340830.4	207515.8	57768.9
2033-01-18 05:23:46	1503.72	6740.89	545.73	69003716	-119270509	-51700720	-341130.4	207089.6	57611.5
2033-01-18 05:33:03	-2630.65	6402.24	299.25	69018643	-119263315	-51697601	-341429.7	206663	57453.9
2033-01-18 05:42:20	-5818.58	3760.28	-55.17	69033569	-119256120	-51694482	-341728.3	206236	57296.2
2033-01-18 05:51:37	-6913.15	-234.53	-389.7	69048494	-119248923	-51691362	-342026.3	205808.6	57138.4
2033-01-18 06:00:54	-5520.6	-4144.98	-583.64	69063418	-119241725	-51688242	-342323.6	205380.8	56980.5
2033-01-18 06:10:11	-2141.93	-6564.23	-567.06	69078341	-119234526	-51685121	-342620.3	204952.7	56822.5
2033-01-18 06:19:29	2007.32	-6621.9	-345.92	69093263	-119227325	-51681999	-342916.4	204524.2	56664.4
2033-01-18 06:28:46	5434.37	-4297.23	0	69108185	-119220122	-51678877	-343211.7	204095.3	56506.2
2033-01-18 06:38:03	6906.3	-426.54	345.92	69123105	-119212918	-51675754	-343506.5	203666	56347.9
2033-01-18 06:47:20	5893.56	3597.63	567.06	69138025	-119205712	-51672630	-343800.5	203236.3	56189.5
2033-01-18 06:56:37	2760.53	6327.51	583.64	69152944	-119198505	-51669506	-344093.9	202806.3	56031
2033-01-18 07:05:54	-1365.64	6780.98	389.7	69167861	-119191296	-51666381	-344386.7	202375.8	55872.4
2033-01-18 07:15:12	-5000.46	4794.88	55.17	69182778	-119184085	-51663255	-344678.8	201945	55713.7
2033-01-18 07:24:29	-6836.27	1083.73	-299.25	69197695	-119176873	-51660129	-344970.3	201513.8	55554.8
2033-01-18 07:33:46	-6212.6	-3017.34	-545.73	69212610	-119169660	-51657002	-345261.1	201082.3	55395.9
2033-01-18 07:43:03	-3353.85	-6032.89	-595.35	69227524	-119162445	-51653874	-345551.2	200650.3	55236.9
2033-01-18 07:52:20	711.48	-6878.03	-430.21	69242437	-119155228	-51650746	-345840.7	200218	55077.8
2033-01-18 08:01:38	4520.82	-5248.68	-109.89	69257350	-119148010	-51647617	-346129.5	199785.3	54918.5
2033-01-18 08:10:55	6703.7	-1731.02	250.08	69272262	-119140791	-51644487	-346417.7	199352.3	54759.2
2033-01-18 08:20:12	6474.8	2409.43	519.83	69287172	-119133570	-51641357	-346705.2	198918.9	54599.8
2033-01-18 08:29:29	3916.48	5683.07	602.07	69302082	-119126347	-51638226	-346992	198485.1	54440.2
2033-01-18 08:38:46	-50.84	6912.15	467.13	69316991	-119119123	-51635094	-347278.2	198050.9	54280.6
2033-01-18 08:48:03	-3999.84	5654.47	163.68	69331899	-119111897	-51631962	-347563.7	197616.3	54120.9
2033-01-18 08:57:21	-6509.81	2362.49	-198.81	69346807	-119104670	-51628829	-347848.6	197181.4	53961.1
2033-01-18 09:06:38	-6677.76	-1779.46	-489.58	69361713	-119097441	-51625695	-348132.8	196746.2	53801.1
2033-01-18 09:15:55	-4443.26	-5281.24	-603.75	69376618	-119090211	-51622561	-348416.3	196310.5	53641.1
2033-01-18 09:25:12	-610.25	-6883.03	-500.13	69391523	-119082979	-51619426	-348699.2	195874.5	53481
2033-01-18 09:34:29	3442.29	-6008.54	-216.1	69406427	-119075745	-51616290	-348981.4	195438.1	53320.8
2033-01-18 09:43:47	6256.38	-2972.37	145.88	69421329	-119068510	-51613154	-349262.9	195001.4	53160.4
2033-01-18 09:53:04	6819.62	1133.18	455.24	69436231	-119061274	-51610017	-349543.8	194564.3	53000
2033-01-18 10:02:21	4929.38	4831.07	600.39	69451132	-119054036	-51606879	-349824	194126.8	52839.5
2033-01-18 10:11:38	1265.73	6790.93	528.96	69466032	-119046796	-51603741	-350103.6	193689	52678.9
2033-01-18 10:20:55	-2853.26	6307.64	266.72	69480932	-119039555	-51600602	-350382.5	193250.8	52518.2
2033-01-18 10:30:12	-5945.73	3555.07	-91.73	69495830	-119032313	-51597462	-350660.7	192812.3	52357.4
2033-01-18 10:39:30	-6899.1	-476.52	-417.09	69510727	-119025068	-51594322	-350938.3	192373.4	52196.5
2033-01-18 10:48:47	-5370.4	-4336.7	-592	69525624	-119017823	-51591181	-351215.2	191934.1	52035.5
2033-01-18 10:58:04	-1909.62	-6636.69	-553.35	69540520	-119010576	-51588039	-351491.4	191494.5	51874.4
2033-01-18 11:07:21	2238.15	-6549.04	-315.1	69555414	-119003327	-51584897	-351766.9	191054.5	51713.2
2033-01-18 11:16:38	5580.69	-4105.26	36.81	69570308	-118996076	-51581754	-352041.8	190614.2	51551.9
2033-01-18 11:25:55	6915.46	-184.52	375.45	69585201	-118988825	-51578610	-352316	190173.5	51390.6
2033-01-18 11:35:13	5762.27	3802.63	578.65	69600093	-118981571	-51575466	-352589.6	189732.4	51229.1
2033-01-18 11:44:30	2536.02	6421.74	573.12	69614984	-118974316	-51572321	-352862.5	189291	51067.5
2033-01-18 11:53:47	-1602.59	6730.53	360.85	69629875	-118967060	-51569175	-353134.7	188849.3	50905.9
2033-01-18 12:03:04	-5164.61	4617.9	18.41	69644764	-118959802	-51566029	-353406.2	188407.2	50744.1
2033-01-18 12:12:21	-6868.56	843.89	-330.67	69659653	-118952543	-51562882	-353677.1	187964.7	50582.3
2033-01-18 12:21:39	-6101.42	-3233.75	-560.47	69674540	-118945282	-51559734	-353947.3	187521.9	50420.4
2033-01-18 12:30:56	-3139.2	-6148.02	-588.09	69689427	-118938019	-51556586	-354216.8	187078.8	50258.3
2033-01-18 12:40:13	952.38	-6850.45	-403.58	69704313	-118930755	-51553437	-354485.7	186635.3	50096.2
2033-01-18 12:49:30	4701.3	-5088.32	-73.49	69719198	-118923489	-51550287	-354753.8	186191.4	49934
2033-01-18 12:58:47	6758.82	-1495.56	283.12	69734082	-118916222	-51547137	-355021.3	185747.3	49771.7
2033-01-18 13:08:04	6384.74	2635.27	537.59	69748965	-118908953	-51543986	-355288.2	185302.7	49609.3
2033-01-18 13:17:22	3713.65	5818.04	598.15	69763847	-118901683	-51540834	-355554.3	184857.8	49446.8
2033-01-18 13:26:39	-293.48	6907.7	442.93	69778729	-118894411	-51537682	-355819.8	184412.6	49284.3
2033-01-18 13:35:56	-4194.99	5512.19	127.94	69793609	-118887138	-51534529	-356084.6	183967.1	49121.6
2033-01-18 13:45:13	-6587.27	2133.57	-233.2	69808489	-118879863	-51531375	-356348.7	183521.2	48958.9
2033-01-18 13:54:30	-6609.65	-2012.66	-510.22	69823368	-118872587	-51528221	-356612.2	183074.9	48796
2033-01-18 14:03:48	-4254.1	-5434.83	-603.19	69838245	-118865309	-51525066	-356875	182628.3	48633.1
2033-01-18 14:13:05	-368.09	-6901.74	-478.58	69853122	-118858030	-51521910	-357137.1	182181.4	48470.1
2033-01-18 14:22:22	3650.33	-5885.64	-181.33	69867998	-118850749	-51518754	-357398.5	181734.1	48307
2033-01-18 14:31:39	6355.45	-2752.08	181.33	69882873	-118843466	-51515597	-357659.2	181286.5	48143.8
2033-01-18 14:40:56	6774.08	1371.62	478.58	69897748	-118836182	-51512440	-357919.3	180838.6	47980.5
2033-01-18 14:50:13	4755.63	5001.88	603.19	69912621	-118828897	-51509281	-358178.7	180390.3	47817.1
2033-01-18 14:59:31	1026.27	6832.64	510.22	69927493	-118821610	-51506122	-358437.4	179941.7	47653.7
2033-01-18 15:08:48	-3072.28	6205.26	233.2	69942365	-118814321	-51502963	-358695.4	179492.8	47490.1
2033-01-18 15:18:05	-6065.5	3345.42	-127.94	69957236	-118807031	-51499802	-358952.8	179043.5	47326.5
2033-01-18 15:27:22	-6876.54	-718.01	-442.93	69972105	-118799739	-51496641	-359209.4	178593.9	47162.8
2033-01-18 15:36:39	-5213.63	-4523.15	-598.15	69986974	-118792446	-51493480	-359465.4	178143.9	46999
2033-01-18 15:45:57	-1675.04	-6701.03	-537.59	70001842	-118785151	-51490318	-359720.7	177693.7	46835.1
2033-01-18 15:55:14	2466.15	-6468.11	-283.12	70016709	-118777855	-51487155	-359975.3	177243.1	46671.1
2033-01-18 16:04:31	5720.08	-3908.18	73.49	70031575	-118770557	-51483991	-360229.3	176792.1	46507.1
2033-01-18 16:13:48	6916.09	57.81	403.58	70046441	-118763258	-51480827	-360482.5	176340.9	46342.9
2033-01-18 16:23:05	5623.92	4003.02	588.09	70061305	-118755957	-51477662	-360735.1	175889.3	46178.7
2033-01-18 16:32:22	2308.46	6508.11	560.47	70076169	-118748655	-51474496	-360987	175437.4	46014.4
2033-01-18 16:41:40	-1837.48	6671.8	330.67	70091031	-118741351	-51471330	-361238.2	174985.2	45850
2033-01-18 16:50:57	-5322.34	4435.2	-18.41	70105893	-118734046	-51468163	-361488.7	174532.6	45685.6
2033-01-18 17:00:14	-6892.37	602.94	-360.85	70120754	-118726739	-51464995	-361738.5	174079.7	45521
2033-01-18 17:09:31	-5982.76	-3446.26	-573.12	70135614	-118719430	-51461827	-361987.7	173626.5	45356.4
2033-01-18 17:18:48	-2920.76	-6255.63	-578.65	70150473	-118712120	-51458658	-362236.2	173173	45191.6
2033-01-18 17:28:05	1192.02	-6814.45	-375.45	70165331	-118704809	-51455489	-362483.9	172719.1	45026.8
2033-01-18 17:37:23	4875.92	-4921.65	-36.81	70180188	-118697495	-51452318	-362731	172265	44861.9
2033-01-18 17:46:40	6805.6	-1258.19	315.1	70195044	-118690181	-51449147	-362977.4	171810.5	44697
2033-01-18 17:55:57	6286.85	2857.95	553.35	70209900	-118682865	-51445976	-363223.1	171355.7	44531.9
2033-01-18 18:05:14	3506.31	5945.92	592	70224754	-118675547	-51442804	-363468.2	170900.6	44366.8
2033-01-18 18:14:31	-535.67	6894.76	417.09	70239608	-118668228	-51439631	-363712.5	170445.1	44201.6
2033-01-18 18:23:49	-4384.91	5363.09	91.73	70254460	-118660907	-51436457	-363956.1	169989.4	44036.3
2033-01-18 18:33:06	-6656.58	1901.95	-266.72	70269312	-118653585	-51433283	-364199.1	169533.3	43870.9
2033-01-18 18:42:23	-6533.42	-2243.47	-528.96	70284163	-118646261	-51430108	-364441.4	169076.9	43705.5
2033-01-18 18:51:40	-4059.77	-5581.79	-600.39	70299013	-118638936	-51426932	-364682.9	168620.2	43540
2033-01-18 19:00:57	-125.56	-6911.99	-455.24	70313862	-118631609	-51423756	-364923.8	168163.2	43374.4
2033-01-18 19:10:14	3853.79	-5755.48	-145.88	70328710	-118624280	-51420579	-365164	167705.9	43208.7
2033-01-18 19:19:32	6446.66	-2528.33	216.1	70343558	-118616950	-51417402	-365403.5	167248.3	43042.9
2033-01-18 19:28:49	6720.22	1608.45	500.13	70358404	-118609619	-51414224	-365642.3	166790.3	42877.1
2033-01-18 19:38:06	4576.07	5166.59	603.75	70373249	-118602286	-51411045	-365880.5	166332.1	42711.2
2033-01-18 19:47:23	785.62	6865.98	489.58	70388094	-118594952	-51407865	-366117.9	165873.6	42545.2
2033-01-18 19:56:40	-3287.45	6095.22	198.81	70402938	-118587616	-51404685	-366354.6	165414.7	42379.1
2033-01-18 20:05:58	-6177.77	3131.6	-163.68	70417781	-118580278	-51401504	-366590.7	164955.5	42213
2033-01-18 20:15:15	-6845.53	-958.69	-467.13	70432622	-118572939	-51398323	-366826	164496.1	42046.7
2033-01-18 20:24:32	-5050.49	-4704.11	-602.07	70447463	-118565598	-51395140	-367060.7	164036.3	41880.4
2033-01-18 20:33:49	-1438.47	-6757.16	-519.83	70462304	-118558256	-51391958	-367294.6	163576.2	41714.1
2033-01-18 20:43:06	2691.04	-6379.21	-250.08	70477143	-118550912	-51388774	-367527.9	163115.8	41547.6
2033-01-18 20:52:23	5852.38	-3706.23	109.89	70491981	-118543567	-51385590	-367760.5	162655.2	41381.1
2033-01-18 21:01:41	6908.21	300.15	430.21	70506818	-118536221	-51382405	-367992.3	162194.2	41214.5
2033-01-18 21:10:58	5478.7	4198.57	595.35	70521655	-118528872	-51379219	-368223.5	161732.9	41047.8
2033-01-18 21:20:15	2078.15	6586.51	545.73	70536490	-118521523	-51376033	-368454	161271.3	40881.1
2033-01-18 21:29:32	-2070.03	6604.85	299.25	70551325	-118514171	-51372846	-368683.8	160809.4	40714.2
2033-01-18 21:38:49	-5473.46	4246.97	-55.17	70566159	-118506818	-51369659	-368912.8	160347.3	40547.3
2033-01-18 21:48:07	-6907.7	361.16	-389.7	70580992	-118499464	-51366471	-369141.2	159884.8	40380.4
2033-01-18 21:57:24	-5856.77	-3654.61	-583.64	70595824	-118492108	-51363282	-369368.9	159422	40213.3
2033-01-18 22:06:41	-2698.79	-6355.59	-567.06	70610655	-118484751	-51360092	-369595.9	158959	40046.2
2033-01-18 22:15:58	1430.11	-6770.06	-345.92	70625485	-118477392	-51356902	-369822.2	158495.6	39879
2033-01-18 22:25:15	5044.47	-4748.88	0	70640314	-118470031	-51353712	-370047.8	158032	39711.8
2033-01-18 22:34:32	6843.99	-1019.19	345.92	70655143	-118462669	-51350520	-370272.7	157568.1	39544.4
2033-01-18 22:43:50	6181.26	3077.19	567.06	70669970	-118455306	-51347328	-370496.9	157103.8	39377
2033-01-18 22:53:07	3294.72	6066.53	583.64	70684797	-118447941	-51344135	-370720.3	156639.3	39209.6
2033-01-18 23:02:24	-777.12	6873.34	389.7	70699622	-118440574	-51340942	-370943.1	156174.5	39042
2033-01-18 23:11:41	-4569.36	5207.35	55.17	70714447	-118433206	-51337748	-371165.2	155709.4	38874.4
2033-01-18 23:20:58	-6717.67	1667.92	-299.25	70729271	-118425836	-51334553	-371386.6	155244.1	38706.7
2033-01-18 23:30:15	-6449.18	-2471.6	-545.73	70744094	-118418465	-51331357	-371607.3	154778.4	38539
2033-01-18 23:39:33	-3860.5	-5721.95	-595.35	70758916	-118411092	-51328161	-371827.3	154312.4	38371.2
2033-01-18 23:48:50	117.04	-6913.74	-430.21	70773737	-118403718	-51324964	-372046.5	153846.2	38203.3
2033-01-18 23:58:07	4052.45	-5618.2	-109.89	70788557	-118396343	-51321767	-372265.1	153379.7	38035.3
2033-01-19 00:07:24	6529.9	-2301.4	250.08	70803376	-118388965	-51318569	-372483	152912.9	37867.3
2033-01-19 00:16:41	6658.1	1843.39	519.83	70818195	-118381586	-51315370	-372700.1	152445.8	37699.2
2033-01-19 00:25:59	4390.94	5325.01	602.07	70833012	-118374206	-51312171	-372916.6	151978.5	37531.1
2033-01-19 00:35:16	544.09	6890.89	467.13	70847829	-118366824	-51308971	-373132.4	151510.8	37362.8
2033-01-19 00:44:33	-3498.49	5977.66	163.68	70862644	-118359441	-51305770	-373347.4	151042.9	37194.5
2033-01-19 00:53:50	-6282.4	2913.85	-198.81	70877459	-118352056	-51302568	-373561.7	150574.7	37026.2
2033-01-19 01:03:07	-6806.1	-1198.29	-489.58	70892273	-118344670	-51299366	-373775.4	150106.2	36857.7
2033-01-19 01:12:24	-4881.2	-4879.34	-603.75	70907086	-118337282	-51296164	-373988.3	149637.5	36689.2
2033-01-19 01:21:42	-1200.22	-6804.99	-500.13	70921898	-118329892	-51292960	-374200.5	149168.4	36520.7
2033-01-19 01:30:59	2912.54	-6282.44	-216.1	70936709	-118322501	-51289756	-374412.1	148699.1	36352.1
2033-01-19 01:40:16	5977.43	-3499.66	145.88	70951519	-118315109	-51286551	-374622.9	148229.6	36183.4
2033-01-19 01:49:33	6891.83	542.2	455.24	70966329	-118307715	-51283346	-374833	147759.7	36014.6
2033-01-19 01:58:50	5326.78	4389.02	600.39	70981137	-118300319	-51280140	-375042.4	147289.6	35845.8
2033-01-19 02:08:08	1845.35	6656.84	528.96	70995944	-118292922	-51276933	-375251	146819.2	35676.9
2033-01-19 02:17:25	-2299.96	6529.75	266.72	71010751	-118285523	-51273726	-375459	146348.6	35508
2033-01-19 02:26:42	-5617.79	4053.47	-91.73	71025557	-118278123	-51270518	-375666.3	145877.6	35339
2033-01-19 02:35:59	-6914.51	118.86	-417.09	71040362	-118270721	-51267309	-375872.8	145406.4	35169.9
2033-01-19 02:45:16	-5723.62	-3858.53	-592	71055165	-118263318	-51264100	-376078.7	144935	35000.8
2033-01-19 02:54:33	-2473.58	-6447.77	-553.35	71069968	-118255913	-51260890	-376283.8	144463.2	34831.6
2033-01-19 03:03:51	1666.36	-6717.33	-315.1	71084770	-118248507	-51257679	-376488.2	143991.2	34662.3
2033-01-19 03:13:08	5206.77	-4570.21	36.81	71099571	-118241099	-51254468	-376692	143519	34493
2033-01-19 03:22:25	6873.94	-778.86	375.45	71114372	-118233690	-51251256	-376895	143046.5	34323.6
2033-01-19 03:31:42	6068.09	3292.72	578.65	71129171	-118226279	-51248043	-377097.3	142573.7	34154.1
2033-01-19 03:40:59	3079.16	6179.72	573.12	71143969	-118218867	-51244830	-377298.8	142100.6	33984.6
2033-01-19 03:50:17	-1017.53	6843.46	360.85	71158767	-118211453	-51241616	-377499.7	141627.3	33815.1
2033-01-19 03:59:34	-4748.12	5045.15	18.41	71173563	-118204038	-51238401	-377699.9	141153.7	33645.5
2033-01-19 04:08:51	-6770.47	1431.75	-330.67	71188359	-118196621	-51235186	-377899.3	140679.9	33475.8
2033-01-19 04:18:08	-6357.03	-2696.78	-560.47	71203154	-118189202	-51231970	-378098	140205.8	33306
2033-01-19 04:27:25	-3656.55	-5855.11	-588.09	71217948	-118181782	-51228753	-378296	139731.5	33136.2
2033-01-19 04:36:42	359.42	-6906.99	-403.58	71232741	-118174361	-51225536	-378493.3	139256.9	32966.4
2033-01-19 04:46:00	4246.05	-5473.96	-73.49	71247533	-118166938	-51222318	-378689.9	138782	32796.4
2033-01-19 04:55:17	6605.08	-2071.56	283.12	71262324	-118159513	-51219099	-378885.8	138306.9	32626.4
2033-01-19 05:04:34	6587.81	2076.14	537.59	71277114	-118152087	-51215880	-379080.9	137831.6	32456.4
2033-01-19 05:13:51	4200.47	5476.94	598.15	71291903	-118144660	-51212660	-379275.4	137356	32286.3
2033-01-19 05:23:08	301.97	6907.33	442.93	71306692	-118137230	-51209440	-379469.1	136880.1	32116.2
2033-01-19 05:32:25	-3705.15	5852.7	127.94	71321479	-118129800	-51206218	-379662.1	136404	31945.9
2033-01-19 05:41:43	-6379.26	2692.44	-233.2	71336266	-118122368	-51202997	-379854.4	135927.6	31775.7
2033-01-19 05:51:00	-6758.31	-1436.49	-510.22	71351051	-118114934	-51199774	-380046	135451	31605.4
2033-01-19 06:00:17	-4705.95	-5048.64	-603.19	71365836	-118107499	-51196551	-380236.8	134974.1	31435
2033-01-19 06:09:34	-960.57	-6844.48	-478.58	71380620	-118100062	-51193327	-380427	134497	31264.5
2033-01-19 06:18:51	3130.37	-6177.9	-181.33	71395403	-118092624	-51190102	-380616.4	134019.6	31094.1
2033-01-19 06:28:09	6095.09	-3288.71	181.33	71410185	-118085184	-51186877	-380805.1	133542	30923.5
2033-01-19 06:37:26	6866.98	783.67	478.58	71424966	-118077743	-51183651	-380993.1	133064.2	30752.9
2033-01-19 06:46:43	5168.36	4574.14	603.19	71439746	-118070300	-51180425	-381180.3	132586.1	30582.3
2033-01-19 06:56:00	1610.36	6719	510.22	71454525	-118062855	-51177197	-381366.9	132107.8	30411.5
2033-01-19 07:05:17	-2526.97	6446.6	233.2	71469304	-118055410	-51173970	-381552.7	131629.2	30240.8
2033-01-19 07:14:34	-5755.16	3854.91	-127.94	71484081	-118047962	-51170741	-381737.8	131150.4	30070
2033-01-19 07:23:52	-6912.82	-123.67	-442.93	71498857	-118040513	-51167512	-381922.2	130671.3	29899.1
2033-01-19 07:33:09	-5583.48	-4057.78	-598.15	71513633	-118033063	-51164282	-382105.9	130192	29728.2
2033-01-19 07:42:26	-2245.4	-6532.06	-537.59	71528408	-118025611	-51161051	-382288.8	129712.5	29557.2
2033-01-19 07:51:43	1900.48	-6656.32	-283.12	71543181	-118018157	-51157820	-382471	129232.7	29386.2
2033-01-19 08:01:00	5362.6	-4385.85	73.49	71557954	-118010702	-51154588	-382652.5	128752.7	29215.1
2033-01-19 08:10:18	6895.42	-537.48	403.58	71572726	-118003246	-51151356	-382833.3	128272.5	29044
2033-01-19 08:19:35	5947.5	3504.28	588.09	71587497	-117995788	-51148123	-383013.4	127792	28872.8
2033-01-19 08:28:52	2859.88	6285.34	560.47	71602267	-117988328	-51144889	-383192.7	127311.3	28701.6
2033-01-19 08:38:09	-1256.61	6805.16	330.67	71617036	-117980867	-51141655	-383371.3	126830.3	28530.3
2033-01-19 08:47:26	-4920.98	4876.69	-18.41	71631805	-117973405	-51138419	-383549.2	126349.2	28358.9
2033-01-19 08:56:43	-6814.94	1193.74	-360.85	71646572	-117965940	-51135184	-383726.3	125867.7	28187.6
2033-01-19 09:06:01	-6257.1	-2918.71	-573.12	71661338	-117958475	-51131947	-383902.8	125386.1	28016.1
2033-01-19 09:15:18	-3448.17	-5981.12	-578.65	71676104	-117951008	-51128710	-384078.5	124904.2	27844.6
2033-01-19 09:24:35	601.27	-6891.74	-375.45	71690868	-117943539	-51125472	-384253.5	124422.1	27673.1
2033-01-19 09:33:52	4434.36	-5322.93	-36.81	71705632	-117936069	-51122234	-384427.8	123939.8	27501.5
2033-01-19 09:43:09	6672.11	-1839.1	315.1	71720395	-117928597	-51118995	-384601.3	123457.3	27329.9
2033-01-19 09:52:26	6509.44	2306.41	553.35	71735157	-117921124	-51115755	-384774.1	122974.5	27158.2
2033-01-19 10:01:44	4004.91	5622.17	592	71749918	-117913649	-51112515	-384946.2	122491.5	26986.5
2033-01-19 10:11:01	59.56	6915.28	417.09	71764678	-117906173	-51109274	-385117.6	122008.3	26814.7
2033-01-19 10:20:18	-3907.19	5720.49	91.73	71779437	-117898695	-51106032	-385288.2	121524.8	26642.9
2033-01-19 10:29:35	-6468.24	2467.65	-266.72	71794195	-117891215	-51102789	-385458.1	121041.2	26471.1
2033-01-19 10:38:52	-6702.23	-1673	-528.96	71808952	-117883735	-51099546	-385627.3	120557.3	26299.2
2033-01-19 10:48:10	-4524.98	-5211.78	-600.39	71823708	-117876252	-51096303	-385795.8	120073.2	26127.2
2033-01-19 10:57:27	-719.82	-6875.55	-455.24	71838464	-117868768	-51093058	-385963.5	119588.9	25955.2
2033-01-19 11:06:44	3344.29	-6065.73	-145.88	71853218	-117861283	-51089813	-386130.5	119104.3	25783.2
2033-01-19 11:16:01	6205.21	-3073.64	216.1	71867972	-117853796	-51086568	-386296.8	118619.6	25611.1
2033-01-19 11:25:18	6833.69	1024.26	500.13	71882724	-117846308	-51083321	-386462.4	118134.6	25438.9
2033-01-19 11:34:35	5003.64	4753.69	603.75	71897476	-117838818	-51080074	-386627.2	117649.4	25266.7
2033-01-19 11:43:53	1373.47	6772.92	489.58	71912227	-117831326	-51076827	-386791.3	117164	25094.5
2033-01-19 11:53:10	-2750.81	6355.48	198.81	71926977	-117823833	-51073578	-386954.6	116678.4	24922.3
2033-01-19 12:02:27	-5885.41	3651.53	-163.68	71941726	-117816338	-51070329	-387117.3	116192.5	24749.9
2033-01-19 12:11:44	-6902.63	-366.13	-467.13	71956474	-117808842	-51067080	-387279.2	115706.5	24577.6
2033-01-19 12:21:01	-5436.51	-4252.1	-602.07	71971221	-117801345	-51063829	-387440.3	115220.2	24405.2
2033-01-19 12:30:19	-2014.54	-6608.33	-519.83	71985967	-117793846	-51060578	-387600.8	114733.8	24232.8
2033-01-19 12:39:36	2132.18	-6587.1	-250.08	72000712	-117786345	-51057327	-387760.5	114247.1	24060.3
2033-01-19 12:48:53	5511.78	-4196.04	109.89	72015457	-117778843	-51054075	-387919.5	113760.2	23887.7
2033-01-19 12:58:10	6908.42	-295.36	430.21	72030200	-117771339	-51050822	-388077.7	113273.1	23715.2
2033-01-19 13:07:27	5819.64	3711.6	595.35	72044943	-117763834	-51047568	-388235.3	112785.9	23542.6
2033-01-19 13:16:44	2637.16	6383.27	545.73	72059684	-117756327	-51044314	-388392	112298.4	23369.9
2033-01-19 13:26:02	-1494.06	6758.46	299.25	72074425	-117748819	-51041059	-388548.1	111810.7	23197.2
2033-01-19 13:35:19	-5087.74	4702.17	-55.17	72089165	-117741309	-51037803	-388703.4	111322.7	23024.5
2033-01-19 13:44:36	-6851	954.18	-389.7	72103904	-117733798	-51034547	-388858	110834.6	22851.7
2033-01-19 13:53:53	-6149.5	-3137.12	-583.64	72118642	-117726285	-51031290	-389011.9	110346.3	22678.9
2033-01-19 14:03:10	-3235.63	-6099.81	-567.06	72133378	-117718771	-51028033	-389165	109857.8	22506.1
2033-01-19 14:12:28	842.29	-6868	-345.92	72148115	-117711255	-51024774	-389317.4	109369.1	22333.2
2033-01-19 14:21:45	4617.16	-5165.31	0	72162850	-117703738	-51021516	-389469	108880.2	22160.3
2033-01-19 14:31:02	6730.91	-1604.29	345.92	72177584	-117696219	-51018256	-389620	108391.1	21987.3
2033-01-19 14:40:19	6423.1	2533.93	567.06	72192317	-117688699	-51014996	-389770.2	107901.8	21814.3
2033-01-19 14:49:36	3804.48	5760.54	583.64	72207050	-117681177	-51011735	-389919.6	107412.3	21641.3
2033-01-19 14:58:53	-182.84	6914.71	389.7	72221781	-117673654	-51008473	-390068.3	106922.6	21468.2
2033-01-19 15:08:11	-4104.36	5581.2	55.17	72236511	-117666129	-51005211	-390216.3	106432.7	21295.1
2033-01-19 15:17:28	-6549.24	2239.74	-299.25	72251241	-117658602	-51001948	-390363.6	105942.6	21122
2033-01-19 15:26:45	-6637.93	-1907.54	-545.73	72265970	-117651074	-50998685	-390510.1	105452.4	20948.8
2033-01-19 15:36:02	-4338.51	-5368.56	-595.35	72280697	-117643545	-50995421	-390655.9	104961.9	20775.5
2033-01-19 15:45:19	-478.27	-6898.17	-430.21	72295424	-117636014	-50992156	-390800.9	104471.3	20602.3
2033-01-19 15:54:36	3554.02	-5946.04	-109.89	72310150	-117628481	-50988891	-390945.2	103980.4	20429
2033-01-19 16:03:54	6307.67	-2854.71	250.08	72324875	-117620947	-50985625	-391088.8	103489.4	20255.7
2033-01-19 16:13:11	6792.02	1263.67	519.83	72339599	-117613412	-50982358	-391231.7	102998.2	20082.3
2033-01-19 16:22:28	4832.83	4927.46	602.07	72354322	-117605875	-50979090	-391373.8	102506.8	19908.9
2033-01-19 16:31:45	1134.98	6818.52	467.13	72369044	-117598336	-50975822	-391515.1	102015.2	19735.5
2033-01-19 16:41:02	-2971.18	6256.51	163.68	72383766	-117590796	-50972553	-391655.7	101523.4	19562
2033-01-19 16:50:20	-6008.39	3443.6	-198.81	72398486	-117583254	-50969284	-391795.6	101031.4	19388.5
2033-01-19 16:59:37	-6883.96	-608.23	-489.58	72413205	-117575711	-50966014	-391934.8	100539.3	19215
2033-01-19 17:08:54	-5282.92	-4441.26	-603.75	72427924	-117568167	-50962743	-392073.2	100047	19041.4
2033-01-19 17:18:11	-1781.28	-6676.49	-500.13	72442642	-117560620	-50959472	-392210.9	99554.4	18867.8
2033-01-19 17:27:28	2361.18	-6509.74	-216.1	72457358	-117553073	-50956200	-392347.8	99061.8	18694.2
2033-01-19 17:36:45	5654.14	-4000.99	145.88	72472074	-117545524	-50952927	-392484	98568.9	18520.6
2033-01-19 17:46:03	6912.93	-52.8	455.24	72486789	-117537973	-50949654	-392619.4	98075.9	18346.9
2033-01-19 17:55:20	5684.67	3914.42	600.39	72501502	-117530421	-50946380	-392754.2	97582.6	18173.2
2033-01-19 18:04:37	2411.27	6473.37	528.96	72516215	-117522867	-50943105	-392888.1	97089.2	17999.4
2033-01-19 18:13:54	-1729.59	6703.43	266.72	72530927	-117515312	-50939830	-393021.4	96595.7	17825.6
2033-01-19 18:23:11	-5248.19	4521.8	-91.73	72545638	-117507755	-50936554	-393153.9	96101.9	17651.8
2033-01-19 18:32:29	-6878.64	713.36	-417.09	72560349	-117500197	-50933277	-393285.6	95608	17478
2033-01-19 18:41:46	-6034.39	-3351.75	-592	72575058	-117492637	-50930000	-393416.6	95113.9	17304.1
2033-01-19 18:51:03	-3019.18	-6211.03	-553.35	72589766	-117485075	-50926722	-393546.9	94619.6	17130.2
2033-01-19 19:00:20	1082.2	-6835.8	-315.1	72604473	-117477513	-50923443	-393676.5	94125.2	16956.3
2033-01-19 19:09:37	4794.22	-5001.26	36.81	72619180	-117469948	-50920164	-393805.3	93630.6	16782.3
2033-01-19 19:18:54	6781.43	-1367.42	375.45	72633885	-117462382	-50916884	-393933.3	93135.8	16608.3
2033-01-19 19:28:12	6328.9	2758.4	578.65	72648590	-117454815	-50913604	-394060.6	92640.9	16434.3
2033-01-19 19:37:29	3599.45	5891.86	573.12	72663293	-117447246	-50910322	-394187.2	92145.8	16260.3
2033-01-19 19:46:46	-424.93	6905.63	360.85	72677996	-117439676	-50907040	-394313	91650.5	16086.2
2033-01-19 19:56:03	-4296.41	5434.98	18.41	72692698	-117432104	-50903758	-394438.1	91155	15912.1
2033-01-19 20:05:20	-6622.17	2008.99	-330.67	72707399	-117424530	-50900475	-394562.4	90659.4	15738
2033-01-19 20:14:38	-6565.49	-2139.8	-560.47	72722099	-117416955	-50897191	-394686	90163.7	15563.9
2033-01-19 20:23:55	-4146.78	-5518.78	-588.09	72736798	-117409379	-50893906	-394808.9	89667.7	15389.7
2033-01-19 20:33:12	-236.21	-6912.3	-403.58	72751496	-117401801	-50890621	-394931	89171.6	15215.5
2033-01-19 20:42:29	3759.31	-5819	-73.49	72766193	-117394221	-50887335	-395052.4	88675.4	15041.3
2033-01-19 20:51:46	6402.34	-2632.2	283.12	72780889	-117386640	-50884049	-395173	88179	14867
2033-01-19 21:01:03	6742.01	1501.61	537.59	72795584	-117379058	-50880762	-395292.9	87682.4	14692.7
2033-01-19 21:10:21	4656.14	5095.21	598.15	72810279	-117371474	-50877474	-395412	87185.7	14518.4
2033-01-19 21:19:38	895.17	6855.73	442.93	72824972	-117363888	-50874185	-395530.4	86688.8	14344.1
2033-01-19 21:28:55	-3187.83	6149.79	127.94	72839664	-117356301	-50870896	-395648	86191.7	14169.8
2033-01-19 21:38:12	-6123.94	3231.34	-233.2	72854356	-117348713	-50867606	-395764.9	85694.5	13995.4
2033-01-19 21:47:29	-6856.85	-849.66	-510.22	72869047	-117341122	-50864316	-395881.1	85197.2	13821
2033-01-19 21:56:46	-5122.9	-4625	-603.19	72883736	-117333531	-50861025	-395996.5	84699.7	13646.6
2033-01-19 22:06:04	-1545.92	-6736.44	-478.58	72898425	-117325938	-50857733	-396111.2	84202	13472.2
2033-01-19 22:15:21	2587.2	-6424.33	-181.33	72913113	-117318343	-50854441	-396225.1	83704.2	13297.7
2033-01-19 22:24:38	5789.51	-3800.95	181.33	72927800	-117310747	-50851148	-396338.3	83206.3	13123.2
2033-01-19 22:33:55	6908.94	189.92	478.58	72942486	-117303149	-50847854	-396450.7	82708.1	12948.7
2033-01-19 22:43:12	5542.77	4112.48	603.19	72957171	-117295550	-50844560	-396562.4	82209.9	12774.2
2033-01-19 22:52:30	2182.51	6555.53	510.22	72971855	-117287949	-50841265	-396673.3	81711.5	12599.7
2033-01-19 23:01:47	-1962.92	6640.11	233.2	72986538	-117280347	-50837969	-396783.5	81212.9	12425.1
2033-01-19 23:11:04	-5402.13	4335.8	-127.94	73001220	-117272743	-50834673	-396893	80714.2	12250.5
2033-01-19 23:20:21	-6897.82	471.58	-442.93	73015901	-117265138	-50831376	-397001.7	80215.4	12075.9
2033-01-19 23:29:38	-5911.91	-3562.32	-598.15	73030582	-117257531	-50828078	-397109.6	79716.4	11901.3
2033-01-19 23:38:55	-2799.1	-6314.63	-537.59	73045261	-117249923	-50824780	-397216.8	79217.3	11726.7
2033-01-19 23:48:13	1320.7	-6795.16	-283.12	73059939	-117242313	-50821481	-397323.3	78718	11552
2033-01-19 23:57:30	4965.34	-4831	73.49	73074617	-117234702	-50818181	-397429	78218.6	11377.3
2033-01-20 00:06:47	6823.6	-1128.79	403.58	73089294	-117227089	-50814881	-397533.9	77719	11202.6
2033-01-20 00:16:04	6226.96	2979.55	588.09	73103969	-117219475	-50811580	-397638.1	77219.4	11027.9
2033-01-20 00:25:21	3390.08	6015.96	560.47	73118644	-117211859	-50808278	-397741.6	76719.5	10853.2
2033-01-20 00:34:39	-666.42	6888.04	330.67	73133318	-117204242	-50804976	-397844.3	76219.6	10678.5
2033-01-20 00:43:56	-4483.13	5282.02	-18.41	73147991	-117196623	-50801673	-397946.3	75719.5	10503.7
2033-01-20 00:53:13	-6686.95	1775.69	-360.85	73162662	-117189003	-50798369	-398047.5	75219.2	10328.9
2033-01-20 01:02:30	-6485.02	-2369.51	-573.12	73177333	-117181381	-50795065	-398147.9	74718.9	10154.1
2033-01-20 01:11:47	-3950.02	-5662.25	-578.65	73192004	-117173757	-50791760	-398247.7	74218.3	9979.3
2033-01-20 01:21:04	6.05	-6917.92	-375.45	73206673	-117166132	-50788455	-398346.6	73717.7	9804.5
2033-01-20 01:30:22	3959.92	-5684.74	-36.81	73221341	-117158506	-50785149	-398444.8	73216.9	9629.6
2033-01-20 01:39:39	6489.12	-2406.36	315.1	73236008	-117150878	-50781842	-398542.3	72716	9454.8
2033-01-20 01:48:56	6683.75	1737.77	553.35	73250674	-117143249	-50778534	-398639	72215	9279.9
2033-01-20 01:58:13	4473.8	5256.73	592	73265340	-117135618	-50775226	-398735	71713.9	9105
2033-01-20 02:07:30	654.34	6884.51	417.09	73280004	-117127985	-50771917	-398830.2	71212.6	8930.1
2033-01-20 02:16:48	-3400.5	6035.46	91.73	73294668	-117120351	-50768608	-398924.7	70711.2	8755.2
2033-01-20 02:26:05	-6231.93	3015.04	-266.72	73309330	-117112716	-50765298	-399018.4	70209.6	8580.3
2033-01-20 02:35:22	-6821.32	-1090.12	-528.96	73323992	-117105079	-50761987	-399111.3	69707.9	8405.3
2033-01-20 02:44:39	-4956.63	-4803.11	-600.39	73338652	-117097440	-50758675	-399203.5	69206.2	8230.4
2033-01-20 02:53:56	-1308.74	-6788.12	-455.24	73353312	-117089800	-50755363	-399295	68704.2	8055.4
2033-01-20 03:03:13	2809.98	-6330.98	-145.88	73367971	-117082159	-50752051	-399385.7	68202.2	7880.5
2033-01-20 03:12:31	5917.73	-3596.15	216.1	73382629	-117074516	-50748737	-399475.7	67700.1	7705.5
2033-01-20 03:21:48	6896.48	432.48	500.13	73397286	-117066871	-50745423	-399564.9	67197.8	7530.5
2033-01-20 03:31:05	5394.11	4305.54	603.75	73411942	-117059225	-50742108	-399653.3	66695.4	7355.5
2033-01-20 03:40:22	1951.14	6629.63	489.58	73426597	-117051578	-50738793	-399741	66192.9	7180.4
2033-01-20 03:49:39	-2193.76	6568.6	198.81	73441251	-117043928	-50735477	-399828	65690.2	7005.4
2033-01-20 03:58:56	-5549.4	4144.39	-163.68	73455904	-117036278	-50732160	-399914.2	65187.5	6830.4
2033-01-20 04:08:14	-6908.53	229.14	-467.13	73470556	-117028626	-50728843	-399999.6	64684.6	6655.3
2033-01-20 04:17:31	-5782.21	-3768.56	-602.07	73485207	-117020972	-50725525	-400084.3	64181.7	6480.3
2033-01-20 04:26:48	-2575.66	-6410.48	-519.83	73499858	-117013317	-50722206	-400168.2	63678.6	6305.2
2033-01-20 04:36:05	1557.5	-6746.13	-250.08	73514507	-117005660	-50718887	-400251.4	63175.4	6130.1
2033-01-20 04:45:22	5130.3	-4654.73	109.89	73529156	-116998002	-50715567	-400333.8	62672.1	5955
2033-01-20 04:54:40	6857.38	-888.69	430.21	73543803	-116990343	-50712246	-400415.5	62168.6	5779.9
2033-01-20 05:03:57	6117.41	3197.1	595.35	73558450	-116982681	-50708925	-400496.4	61665.1	5604.8
2033-01-20 05:13:14	3176.61	6132.69	545.73	73573095	-116975019	-50705603	-400576.6	61161.4	5429.7
2033-01-20 05:22:31	-907	6861.95	299.25	73587740	-116967355	-50702281	-400656	60657.7	5254.6
2033-01-20 05:31:48	-4664.28	5122.5	-55.17	73602384	-116959689	-50698957	-400734.7	60153.8	5079.5
2033-01-20 05:41:05	-6743.5	1540.12	-389.7	73617027	-116952022	-50695634	-400812.6	59649.9	4904.4
2033-01-20 05:50:23	-6396.62	-2596.37	-583.64	73631668	-116944353	-50692309	-400889.7	59145.8	4729.3
2033-01-20 05:59:40	-3748.47	-5798.79	-567.06	73646309	-116936683	-50688984	-400966.1	58641.6	4554.1
2033-01-20 06:08:57	248.23	-6915	-345.92	73660949	-116929011	-50685658	-401041.8	58137.3	4379
2033-01-20 06:18:14	4155.6	-5543.42	0	73675588	-116921338	-50682331	-401116.7	57632.9	4203.8
2033-01-20 06:27:31	6567.91	-2177.48	345.92	73690227	-116913663	-50679004	-401190.8	57128.5	4028.7
2033-01-20 06:36:49	6617.31	1971.87	567.06	73704864	-116905987	-50675676	-401264.2	56623.9	3853.5
2033-01-20 06:46:06	4286.02	5411.83	583.64	73719500	-116898309	-50672348	-401336.8	56119.2	3678.4
2033-01-20 06:55:23	412.8	6904.8	389.7	73734135	-116890630	-50669019	-401408.7	55614.4	3503.2
2033-01-20 07:04:40	-3608.92	5913.65	55.17	73748770	-116882949	-50665689	-401479.8	55109.5	3328
2033-01-20 07:13:57	-6332.24	2794.94	-299.25	73763403	-116875267	-50662359	-401550.1	54604.6	3152.9
2033-01-20 07:23:14	-6777.44	-1329.32	-545.73	73778035	-116867583	-50659028	-401619.7	54099.5	2977.7
2033-01-20 07:32:32	-4784.35	-4975.36	-595.35	73792667	-116859898	-50655696	-401688.6	53594.3	2802.5
2033-01-20 07:41:49	-1070.03	-6831.44	-430.21	73807297	-116852211	-50652363	-401756.6	53089.1	2627.3
2033-01-20 07:51:06	3029.23	-6229.79	-109.89	73821927	-116844522	-50649030	-401824	52583.7	2452.1
2033-01-20 08:00:23	6038.65	-3386.85	250.08	73836556	-116836833	-50645697	-401890.5	52078.3	2277
2033-01-20 08:09:40	6875.56	674.58	519.83	73851183	-116829141	-50642362	-401956.4	51572.7	2101.8
2033-01-20 08:18:58	5238.88	4493.35	602.07	73865810	-116821448	-50639027	-402021.4	51067.1	1926.6
2033-01-20 08:28:15	1717.45	6695.58	467.13	73880436	-116813754	-50635692	-402085.7	50561.4	1751.4
2033-01-20 08:37:32	-2421.84	6488.95	163.68	73895061	-116806058	-50632355	-402149.3	50055.6	1576.2
2033-01-20 08:46:49	-5689.81	3947.8	-198.81	73909685	-116798361	-50629018	-402212.1	49549.7	1401.1
2033-01-20 08:56:06	-6910.77	-13.66	-489.58	73924308	-116790662	-50625681	-402274.1	49043.7	1225.9
2033-01-20 09:05:23	-5645.47	-3970.23	-603.75	73938930	-116782961	-50622342	-402335.4	48537.6	1050.7
2033-01-20 09:14:41	-2349.14	-6498.46	-500.13	73953551	-116775260	-50619004	-402395.9	48031.5	875.5
2033-01-20 09:23:58	1792.31	-6688.76	-216.1	73968171	-116767556	-50615664	-402455.6	47525.2	700.3
2033-01-20 09:33:15	5288.92	-4472.65	145.88	73982790	-116759851	-50612324	-402514.6	47018.9	525.2
2033-01-20 09:42:32	6882.75	-647.41	455.24	73997409	-116752145	-50608983	-402572.9	46512.5	350
2033-01-20 09:51:49	6000.39	3410.78	600.39	74012026	-116744437	-50605641	-402630.4	46006.1	174.8
2033-01-20 10:01:06	2959.32	6241.89	528.96	74026642	-116736727	-50602299	-402687.1	45499.5	-0.4
2033-01-20 10:10:24	-1146.4	6827.39	266.72	74041258	-116729017	-50598956	-402743.1	44992.9	-175.5
2033-01-20 10:19:41	-4839.66	4956.6	-91.73	74055872	-116721304	-50595613	-402798.3	44486.1	-350.7
2033-01-20 10:28:58	-6791.75	1302.57	-417.09	74070486	-116713590	-50592269	-402852.7	43979.4	-525.8
2033-01-20 10:38:15	-6300.41	-2820.1	-592	74085098	-116705875	-50588924	-402906.4	43472.5	-701
2033-01-20 10:47:32	-3542.4	-5928.22	-553.35	74099710	-116698158	-50585578	-402959.3	42965.5	-876.2
2033-01-20 10:56:50	490.02	-6903.56	-315.1	74114321	-116690439	-50582232	-403011.5	42458.5	-1051.3
2033-01-20 11:06:07	4346.12	-5395.22	36.81	74128930	-116682719	-50578885	-403062.9	41951.4	-1226.4
2033-01-20 11:15:24	6638.62	-1945.84	375.45	74143539	-116674998	-50575538	-403113.6	41444.3	-1401.6
2033-01-20 11:24:41	6542.77	2203.62	578.65	74158147	-116667275	-50572190	-403163.5	40937	-1576.7
2033-01-20 11:33:58	4093.06	5560.31	573.12	74172754	-116659550	-50568841	-403212.6	40429.7	-1751.8
2033-01-20 11:43:15	170.82	6916.59	360.85	74187360	-116651824	-50565492	-403261	39922.4	-1926.9
2033-01-20 11:52:33	-3812.84	5784.5	18.41	74201965	-116644097	-50562142	-403308.6	39414.9	-2102
2033-01-20 12:01:50	-6424.76	2571.33	-330.67	74216569	-116636368	-50558791	-403355.5	38907.4	-2277.1
2033-01-20 12:11:07	-6725.26	-1566.95	-560.47	74231172	-116628637	-50555440	-403401.6	38399.9	-2452.2
2033-01-20 12:20:24	-4606.25	-5141.52	-588.09	74245774	-116620905	-50552088	-403446.9	37892.2	-2627.3
2033-01-20 12:29:41	-830.08	-6866.34	-403.58	74260375	-116613172	-50548735	-403491.5	37384.5	-2802.4
2033-01-20 12:38:59	3244.69	-6120.88	-73.49	74274975	-116605437	-50545382	-403535.3	36876.7	-2977.5
2033-01-20 12:48:16	6152.12	-3173.31	283.12	74289575	-116597700	-50542028	-403578.4	36368.9	-3152.5
2033-01-20 12:57:33	6846.21	915.94	537.59	74304173	-116589962	-50538673	-403620.7	35861	-3327.6
2033-01-20 13:06:50	5077.28	4675.68	598.15	74318771	-116582223	-50535318	-403662.2	35353.1	-3502.6
2033-01-20 13:16:07	1481.73	6753.28	442.93	74333367	-116574481	-50531962	-403703	34845	-3677.7
2033-01-20 13:25:24	-2646.87	6401.27	127.94	74347962	-116566739	-50528605	-403743	34337	-3852.7
2033-01-20 13:34:42	-5823.19	3746.28	-233.2	74362557	-116558995	-50525248	-403782.3	33828.8	-4027.7
2033-01-20 13:43:59	-6904.52	-256.53	-510.22	74377151	-116551249	-50521890	-403820.8	33320.7	-4202.7
2033-01-20 13:53:16	-5501.84	-4167.07	-603.19	74391743	-116543502	-50518532	-403858.5	32812.4	-4377.7
2033-01-20 14:02:33	-2119.81	-6578.45	-478.58	74406335	-116535754	-50515172	-403895.5	32304.1	-4552.7
2033-01-20 14:11:50	2024.84	-6623.12	-181.33	74420926	-116528003	-50511813	-403931.7	31795.8	-4727.6
2033-01-20 14:21:07	5441	-4285	181.33	74435515	-116520252	-50508452	-403967.2	31287.4	-4902.6
2033-01-20 14:30:25	6899.66	-405.25	478.58	74450104	-116512499	-50505091	-404001.9	30778.9	-5077.5
2033-01-20 14:39:42	5876.06	3620.31	603.19	74464692	-116504744	-50501729	-404035.8	30270.4	-5252.5
2033-01-20 14:48:59	2738.46	6343.43	510.22	74479279	-116496988	-50498367	-404069	29761.8	-5427.4
2033-01-20 14:58:16	-1384.31	6784.38	233.2	74493865	-116489230	-50495004	-404101.4	29253.2	-5602.3
2033-01-20 15:07:33	-5009.04	4784.53	-127.94	74508450	-116481471	-50491640	-404133	28744.6	-5777.2
2033-01-20 15:16:51	-6831.67	1063.34	-442.93	74523034	-116473711	-50488275	-404163.9	28235.9	-5952.1
2033-01-20 15:26:08	-6196.5	-3040.43	-598.15	74537617	-116465949	-50484910	-404194.1	27727.1	-6126.9
2033-01-20 15:35:25	-3332.05	-6050.37	-537.59	74552199	-116458185	-50481545	-404223.4	27218.3	-6301.8
2033-01-20 15:44:42	731.13	-6883.59	-283.12	74566781	-116450420	-50478178	-404252	26709.5	-6476.6
2033-01-20 15:53:59	4531.26	-5240.31	73.49	74581361	-116442653	-50474811	-404279.9	26200.6	-6651.4
2033-01-20 16:03:16	6701.17	-1711.72	403.58	74595940	-116434885	-50471444	-404306.9	25691.7	-6826.2
2033-01-20 16:12:34	6460.23	2432.72	588.09	74610518	-116427116	-50468075	-404333.3	25182.7	-7001
2033-01-20 16:21:51	3895.13	5701.96	560.47	74625096	-116419344	-50464706	-404358.8	24673.7	-7175.8
2033-01-20 16:31:08	-71.28	6919.84	330.67	74639672	-116411572	-50461337	-404383.6	24164.6	-7350.5
2033-01-20 16:40:25	-4012.03	5648.17	-18.41	74654248	-116403798	-50457966	-404407.6	23655.5	-7525.3
2033-01-20 16:49:42	-6509.37	2344.46	-360.85	74668822	-116396022	-50454596	-404430.9	23146.4	-7700
2033-01-20 16:59:00	-6664.85	-1802.73	-573.12	74683396	-116388245	-50451224	-404453.4	22637.2	-7874.7
2033-01-20 17:08:17	-4422.56	-5301.39	-578.65	74697968	-116380466	-50447852	-404475.2	22128	-8049.4
2033-01-20 17:17:34	-589.2	-6892.78	-375.45	74712540	-116372686	-50444479	-404496.1	21618.8	-8224
2033-01-20 17:26:51	3456.11	-6004.38	-36.81	74727111	-116364904	-50441105	-404516.4	21109.5	-8398.7
2033-01-20 17:36:08	6258.01	-2955.78	315.1	74741681	-116357121	-50437731	-404535.8	20600.2	-8573.3
2033-01-20 17:45:25	6808.49	1156.24	553.35	74756249	-116349336	-50434356	-404554.5	20090.9	-8747.9
2033-01-20 17:54:43	4909.51	4852.3	592	74770817	-116341550	-50430981	-404572.4	19581.5	-8922.5
2033-01-20 18:04:00	1244.28	6802.67	417.09	74785384	-116333763	-50427605	-404589.6	19072.1	-9097.1
2033-01-20 18:13:17	-2868.58	6305.66	91.73	74799950	-116325973	-50424228	-404606	18562.7	-9271.6
2033-01-20 18:22:34	-5949.4	3540.07	-266.72	74814515	-116318183	-50420850	-404621.7	18053.2	-9446.2
2033-01-20 18:31:51	-6889.82	-499.15	-528.96	74829079	-116310391	-50417472	-404636.5	17543.8	-9620.7
2033-01-20 18:41:09	-5351.52	-4358.82	-600.39	74843642	-116302597	-50414094	-404650.6	17034.3	-9795.2
2033-01-20 18:50:26	-1887.95	-6650.34	-455.24	74858204	-116294802	-50410714	-404664	16524.7	-9969.6
2033-01-20 18:59:43	2254.82	-6549.28	-145.88	74872765	-116287005	-50407334	-404676.6	16015.2	-10144.1
2033-01-20 19:09:00	5586.36	-4091.99	216.1	74887325	-116279207	-50403953	-404688.4	15505.6	-10318.5
2033-01-20 19:18:17	6908.11	-162.52	500.13	74901885	-116271407	-50400572	-404699.5	14996	-10492.9
2033-01-20 19:27:34	5744.56	3825.45	603.75	74916443	-116263606	-50397190	-404709.8	14486.3	-10667.3
2033-01-20 19:36:52	2514.33	6437.16	489.58	74931000	-116255803	-50393807	-404719.3	13976.7	-10841.6
2033-01-20 19:46:09	-1620.45	6732.99	198.81	74945557	-116247999	-50390424	-404728.1	13467	-11016
2033-01-20 19:55:26	-5172.23	4606.5	-163.68	74960112	-116240193	-50387040	-404736.1	12957.3	-11190.3
2033-01-20 20:04:43	-6863.2	822.72	-467.13	74974666	-116232386	-50383656	-404743.4	12447.6	-11364.5
2033-01-20 20:14:00	-6085.03	-3257.07	-602.07	74989220	-116224578	-50380270	-404749.8	11937.9	-11538.8
2033-01-20 20:23:17	-3117.69	-6165.09	-519.83	75003772	-116216767	-50376884	-404755.6	11428.2	-11713
2033-01-20 20:32:35	971.27	-6855.12	-250.08	75018324	-116208956	-50373498	-404760.5	10918.4	-11887.2
2033-01-20 20:41:52	4710.78	-5078.89	109.89	75032874	-116201142	-50370111	-404764.7	10408.6	-12061.4
2033-01-20 20:51:09	6755.49	-1475.42	430.21	75047424	-116193328	-50366723	-404768.1	9898.9	-12235.6
2033-01-20 21:00:26	6369.81	2658.89	595.35	75061973	-116185512	-50363334	-404770.8	9389.1	-12409.7
2033-01-20 21:09:43	3692.5	5836.63	545.73	75076520	-116177694	-50359945	-404772.7	8879.3	-12583.8
2033-01-20 21:19:01	-313.22	6914.54	299.25	75091067	-116169875	-50356555	-404773.8	8369.4	-12757.9
2033-01-20 21:28:18	-4206.24	5504.83	-55.17	75105613	-116162054	-50353165	-404774.2	7859.6	-12932
2033-01-20 21:37:35	-6585.97	2114.63	-389.7	75120158	-116154232	-50349774	-404773.8	7349.8	-13106
2033-01-20 21:46:52	-6596.3	-2036.36	-583.64	75134702	-116146408	-50346382	-404772.7	6839.9	-13280
2033-01-20 21:56:09	-4233.51	-5454.76	-567.06	75149245	-116138583	-50342989	-404770.8	6330.1	-13453.9
2033-01-20 22:05:26	-347.67	-6910.72	-345.92	75163787	-116130756	-50339596	-404768.1	5820.2	-13627.9
2033-01-20 22:14:44	3663.22	-5880.42	0	75178328	-116122928	-50336203	-404764.6	5310.4	-13801.8
2033-01-20 22:24:01	6356.2	-2734.52	345.92	75192868	-116115098	-50332808	-404760.4	4800.5	-13975.7
2033-01-20 22:33:18	6762.43	1395.19	567.06	75207407	-116107267	-50329413	-404755.4	4290.7	-14149.5
2033-01-20 22:42:35	4735.78	5022.98	583.64	75221945	-116099434	-50326018	-404749.7	3780.8	-14323.4
2033-01-20 22:51:52	1005.37	6843.68	389.7	75236482	-116091600	-50322621	-404743.2	3270.9	-14497.1
2033-01-20 23:01:10	-3086.71	6202.24	55.17	75251018	-116083765	-50319224	-404735.9	2761.1	-14670.9
2033-01-20 23:10:27	-6068.28	3329.42	-299.25	75265553	-116075927	-50315827	-404727.9	2251.2	-14844.6
2033-01-20 23:19:44	-6866.68	-741.24	-545.73	75280087	-116068089	-50312428	-404719.1	1741.3	-15018.3
2033-01-20 23:29:01	-5194.69	-4545.25	-595.35	75294621	-116060248	-50309030	-404709.6	1231.5	-15192
2033-01-20 23:38:18	-1653.85	-6714.03	-430.21	75309153	-116052407	-50305630	-404699.2	721.6	-15365.7
2033-01-20 23:47:35	2481.97	-6467.33	-109.89	75323684	-116044564	-50302230	-404688.2	211.8	-15539.3
2033-01-20 23:56:53	5724.84	-3893.87	250.08	75338215	-116036719	-50298829	-404676.3	-298.1	-15712.8
2033-01-21 00:06:10	6908.1	80.49	519.83	75352744	-116028873	-50295427	-404663.7	-807.9	-15886.4
2033-01-21 00:15:27	5606.07	4025.92	602.07	75367273	-116021025	-50292025	-404650.3	-1317.8	-16059.9
2033-01-21 00:24:44	2287.18	6522.97	467.13	75381800	-116013176	-50288622	-404636.2	-1827.6	-16233.4
2033-01-21 00:34:01	-1854.53	6673.27	163.68	75396327	-116005325	-50285219	-404621.3	-2337.4	-16406.8
2033-01-21 00:43:19	-5329.03	4422.72	-198.81	75410852	-115997473	-50281815	-404605.6	-2847.2	-16580.2
2033-01-21 00:52:36	-6886.31	581.01	-489.58	75425377	-115989619	-50278410	-404589.2	-3357	-16753.6
2033-01-21 01:01:53	-5966.14	-3469.76	-603.75	75439901	-115981764	-50275005	-404572	-3866.8	-16926.9
2033-01-21 01:11:10	-2899.57	-6272.24	-500.13	75454423	-115973907	-50271599	-404554	-4376.5	-17100.2
2033-01-21 01:20:27	1210.15	-6818.17	-216.1	75468945	-115966049	-50268192	-404535.3	-4886.3	-17273.5
2033-01-21 01:29:44	4884.47	-4911.13	145.88	75483466	-115958190	-50264784	-404515.8	-5396	-17446.8
2033-01-21 01:39:02	6801.52	-1237.21	455.24	75497986	-115950328	-50261376	-404495.5	-5905.7	-17620
2033-01-21 01:48:19	6271.61	2881.84	600.39	75512504	-115942466	-50257968	-404474.5	-6415.4	-17793.1
2033-01-21 01:57:36	3485.41	5964.12	528.96	75527022	-115934602	-50254558	-404452.7	-6925.1	-17966.2
2033-01-21 02:06:53	-554.7	6900.71	266.72	75541539	-115926736	-50251148	-404430.2	-7434.8	-18139.3
2033-01-21 02:16:10	-4395.23	5354.63	-91.73	75556055	-115918869	-50247738	-404406.9	-7944.4	-18312.4
2033-01-21 02:25:27	-6654.49	1882.12	-417.09	75570570	-115911000	-50244327	-404382.8	-8454.1	-18485.4
2033-01-21 02:34:45	-6519.69	-2267.54	-592	75585084	-115903130	-50240915	-404357.9	-8963.7	-18658.4
2033-01-21 02:44:02	-4039.34	-5601.44	-553.35	75599597	-115895258	-50237502	-404332.3	-9473.2	-18831.3
2033-01-21 02:53:19	-105.8	-6920.12	-315.1	75614109	-115887385	-50234089	-404306	-9982.8	-19004.2
2033-01-21 03:02:36	3865.79	-5749.16	36.81	75628620	-115879511	-50230675	-404278.8	-10492.3	-19177.1
2033-01-21 03:11:53	6446.58	-2509.83	375.45	75643130	-115871634	-50227261	-404250.9	-11001.8	-19349.9
2033-01-21 03:21:11	6708.11	1632.49	578.65	75657639	-115863757	-50223845	-404222.3	-11511.3	-19522.7
2033-01-21 03:30:28	4556.3	5187.51	573.12	75672147	-115855878	-50220430	-404192.8	-12020.8	-19695.4
2033-01-21 03:39:45	765.31	6876.24	360.85	75686655	-115847997	-50217013	-404162.7	-12530.2	-19868.2
2033-01-21 03:49:02	-3300.99	6091.12	18.41	75701161	-115840115	-50213596	-404131.7	-13039.6	-20040.8
2033-01-21 03:58:19	-6179.69	3114.59	-330.67	75715666	-115832231	-50210178	-404100	-13548.9	-20213.4
2033-01-21 04:07:36	-6835.14	-982.49	-560.47	75730171	-115824346	-50206760	-404067.5	-14058.3	-20386
2033-01-21 04:16:54	-5031.55	-4726.12	-588.09	75744674	-115816460	-50203341	-404034.3	-14567.6	-20558.6
2033-01-21 04:26:11	-1417.8	-6769.46	-403.58	75759176	-115808571	-50199921	-404000.2	-15076.8	-20731.1
2033-01-21 04:35:28	2706	-6377.36	-73.49	75773678	-115800682	-50196501	-403965.5	-15586	-20903.5
2033-01-21 04:44:45	5856.26	-3690.88	283.12	75788178	-115792791	-50193080	-403929.9	-16095.2	-21075.9
2033-01-21 04:54:02	6899.63	323.48	537.59	75802678	-115784898	-50189658	-403893.6	-16604.4	-21248.3
2033-01-21 05:03:20	5460.76	4221.48	598.15	75817176	-115777004	-50186236	-403856.6	-17113.5	-21420.6
2033-01-21 05:12:37	2057.31	6600.75	442.93	75831674	-115769108	-50182813	-403818.7	-17622.6	-21592.9
2033-01-21 05:21:54	-2086.27	6605.28	127.94	75846170	-115761211	-50179389	-403780.1	-18131.6	-21765.2
2033-01-21 05:31:11	-5479.26	4233.43	-233.2	75860666	-115753313	-50175965	-403740.8	-18640.6	-21937.4
2033-01-21 05:40:28	-6900.99	338.51	-510.22	75875160	-115745413	-50172540	-403700.7	-19149.6	-22109.5
2033-01-21 05:49:45	-5839.98	-3678.22	-603.19	75889654	-115737511	-50169115	-403659.8	-19658.5	-22281.6
2033-01-21 05:59:03	-2677.97	-6371.66	-478.58	75904147	-115729608	-50165688	-403618.1	-20167.4	-22453.7
2033-01-21 06:08:20	1447.47	-6772.78	-181.33	75918638	-115721704	-50162262	-403575.7	-20676.2	-22625.7
2033-01-21 06:17:37	5052.13	-4737.26	181.33	75933129	-115713797	-50158834	-403532.5	-21185	-22797.7
2033-01-21 06:26:54	6839.2	-997.41	478.58	75947619	-115705890	-50155406	-403488.6	-21693.7	-22969.6
2033-01-21 06:36:11	6165.77	3101.3	603.19	75962108	-115697981	-50151977	-403443.9	-22202.4	-23141.5
2033-01-21 06:45:29	3274.11	6084.28	510.22	75976595	-115690070	-50148548	-403398.4	-22711.1	-23313.4
2033-01-21 06:54:46	-795.43	6878.33	233.2	75991082	-115682158	-50145118	-403352.2	-23219.7	-23485.2
2033-01-21 07:04:03	-4578.79	5197.78	-127.94	76005568	-115674245	-50141687	-403305.2	-23728.2	-23656.9
2033-01-21 07:13:20	-6714.84	1647.21	-442.93	76020053	-115666330	-50138255	-403257.4	-24236.7	-23828.6
2033-01-21 07:22:37	-6435.12	-2495.99	-598.15	76034537	-115658413	-50134823	-403208.9	-24745.2	-24000.2
2033-01-21 07:31:54	-3840.28	-5741.24	-537.59	76049020	-115650495	-50131391	-403159.6	-25253.6	-24171.8
2033-01-21 07:41:12	136.14	-6920.97	-283.12	76063502	-115642576	-50127957	-403109.6	-25761.9	-24343.4
2033-01-21 07:50:29	4063.56	-5610.76	73.49	76077983	-115634655	-50124524	-403058.7	-26270.2	-24514.9
2033-01-21 07:59:46	6529.04	-2281.96	403.58	76092463	-115626732	-50121089	-403007.2	-26778.4	-24686.4
2033-01-21 08:09:03	6645.59	1867.84	588.09	76106942	-115618808	-50117654	-402954.8	-27286.6	-24857.8
2033-01-21 08:18:20	4371.3	5345.67	560.47	76121420	-115610883	-50114218	-402901.7	-27794.7	-25029.1
2033-01-21 08:27:37	524.38	6900.31	330.67	76135897	-115602956	-50110781	-402847.9	-28302.7	-25200.4
2033-01-21 08:36:55	-3511.17	5972.43	-18.41	76150373	-115595027	-50107344	-402793.2	-28810.7	-25371.7
2033-01-21 08:46:12	-6283.5	2895.85	-360.85	76164848	-115587097	-50103906	-402737.8	-29318.7	-25542.9
2033-01-21 08:55:29	-6795.25	-1222.59	-573.12	76179323	-115579166	-50100468	-402681.7	-29826.5	-25714
2033-01-21 09:04:46	-4862.3	-4901.2	-578.65	76193796	-115571233	-50097028	-402624.8	-30334.4	-25885.1
2033-01-21 09:14:03	-1180.09	-6816.52	-375.45	76208268	-115563299	-50093589	-402567.1	-30842.1	-26056.2
2033-01-21 09:23:21	2926.66	-6279.48	-36.81	76222739	-115555363	-50090148	-402508.6	-31349.8	-26227.2
2033-01-21 09:32:38	5980.48	-3483.27	315.1	76237210	-115547425	-50086707	-402449.4	-31857.4	-26398.1
2033-01-21 09:41:55	6882.72	566.14	553.35	76251679	-115539486	-50083265	-402389.5	-32365	-26569
2033-01-21 09:51:12	5308.81	4411.88	592	76266147	-115531546	-50079823	-402328.7	-32872.5	-26739.9
2033-01-21 10:00:29	1824.98	6670.39	417.09	76280615	-115523604	-50076380	-402267.2	-33379.9	-26910.7
2033-01-21 10:09:46	-2315.39	6529.1	91.73	76295081	-115515661	-50072936	-402205	-33887.2	-27081.4
2033-01-21 10:19:04	-5622.74	4038.84	-266.72	76309546	-115507716	-50069492	-402142	-34394.5	-27252.1
2033-01-21 10:28:21	-6907.22	95.51	-528.96	76324011	-115499769	-50066047	-402078.2	-34901.7	-27422.7
2033-01-21 10:37:38	-5706.72	-3882.2	-600.39	76338474	-115491821	-50062601	-402013.6	-35408.9	-27593.3
2033-01-21 10:46:55	-2453.16	-6463.23	-455.24	76352937	-115483872	-50059155	-401948.3	-35915.9	-27763.8
2033-01-21 10:56:12	1682.94	-6719	-145.88	76367398	-115475921	-50055708	-401882.3	-36422.9	-27934.3
2033-01-21 11:05:30	5213.56	-4557.48	216.1	76381859	-115467969	-50052261	-401815.4	-36929.8	-28104.7
2033-01-21 11:14:47	6868.51	-756.3	500.13	76396318	-115460015	-50048812	-401747.8	-37436.7	-28275
2033-01-21 11:24:04	6052.41	3316.99	603.75	76410777	-115452060	-50045364	-401679.5	-37943.4	-28445.3
2033-01-21 11:33:21	3058.87	6196.95	489.58	76425235	-115444103	-50041914	-401610.4	-38450.1	-28615.5
2033-01-21 11:42:38	-1035.12	6847.45	198.81	76439691	-115436144	-50038464	-401540.5	-38956.7	-28785.7
2033-01-21 11:51:55	-4756.69	5034.45	-163.68	76454147	-115428185	-50035013	-401469.8	-39463.3	-28955.9
2033-01-21 12:01:13	-6766.96	1410.19	-467.13	76468602	-115420223	-50031562	-401398.4	-39969.7	-29125.9
2033-01-21 12:10:30	-6342.71	-2721.42	-602.07	76483055	-115412261	-50028110	-401326.3	-40476.1	-29295.9
2033-01-21 12:19:47	-3636.58	-5873.98	-519.83	76497508	-115404296	-50024657	-401253.3	-40982.4	-29465.9
2033-01-21 12:29:04	377.84	-6913.27	-250.08	76511960	-115396330	-50021203	-401179.7	-41488.6	-29635.8
2033-01-21 12:38:21	4256.31	-5465.38	109.89	76526410	-115388363	-50017749	-401105.2	-41994.7	-29805.6
2033-01-21 12:47:39	6603.49	-2051.2	430.21	76540860	-115380394	-50014295	-401030	-42500.7	-29975.4
2033-01-21 12:56:56	6574.96	2100.95	595.35	76555309	-115372424	-50010839	-400954	-43006.7	-30145.1
2033-01-21 13:06:13	4181	5497.27	545.73	76569757	-115364452	-50007383	-400877.3	-43512.5	-30314.8
2033-01-21 13:15:30	282.88	6915.85	299.25	76584204	-115356479	-50003927	-400799.8	-44018.3	-30484.4
2033-01-21 13:24:47	-3716.99	5846.33	-55.17	76598649	-115348505	-50000470	-400721.6	-44524	-30653.9
2033-01-21 13:34:04	-6379.6	2673.46	-389.7	76613094	-115340528	-49997012	-400642.5	-45029.6	-30823.4
2033-01-21 13:43:22	-6747.05	-1461.25	-583.64	76627538	-115332551	-49993553	-400562.8	-45535.1	-30992.8
2033-01-21 13:52:39	-4687.15	-5070.27	-567.06	76641981	-115324571	-49990094	-400482.2	-46040.5	-31162.1
2033-01-21 14:01:56	-941	-6855.18	-345.92	76656423	-115316591	-49986634	-400400.9	-46545.8	-31331.4
2033-01-21 14:11:13	3143.67	-6173.81	0	76670864	-115308609	-49983174	-400318.9	-47051	-31500.6
2033-01-21 14:20:30	6097.34	-3271.29	345.92	76685304	-115300625	-49979712	-400236.1	-47556.2	-31669.8
2033-01-21 14:29:47	6857.4	808.16	567.06	76699743	-115292640	-49976251	-400152.5	-48061.2	-31838.9
2033-01-21 14:39:05	5150.4	4596.88	583.64	76714181	-115284653	-49972788	-400068.1	-48566.1	-32008
2033-01-21 14:48:22	1590.49	6731.79	389.7	76728618	-115276665	-49969325	-399983	-49071	-32176.9
2033-01-21 14:57:39	-2541.61	6444.82	55.17	76743054	-115268675	-49965861	-399897.2	-49575.7	-32345.9
2033-01-21 15:06:56	-5759.3	3839.2	-299.25	76757489	-115260684	-49962397	-399810.6	-50080.3	-32514.7
2033-01-21 15:16:13	-6904.99	-147.67	-545.73	76771923	-115252692	-49958932	-399723.2	-50584.9	-32683.5
2033-01-21 15:25:31	-5566.51	-4081.43	-595.35	76786356	-115244698	-49955466	-399635	-51089.3	-32852.2
2033-01-21 15:34:48	-2225.41	-6546.83	-430.21	76800788	-115236702	-49952000	-399546.1	-51593.7	-33020.9
2033-01-21 15:44:05	1916.3	-6656.9	-109.89	76815220	-115228705	-49948533	-399456.5	-52097.9	-33189.5
2033-01-21 15:53:22	5368.57	-4372.01	250.08	76829650	-115220706	-49945065	-399366.1	-52602	-33358
2033-01-21 16:02:39	6889.41	-514.19	519.83	76844079	-115212706	-49941597	-399274.9	-53106.1	-33526.5
2033-01-21 16:11:56	5931.68	3528.63	602.07	76858507	-115204705	-49938128	-399183	-53610	-33694.9
2033-01-21 16:21:14	2839.95	6301.99	467.13	76872934	-115196702	-49934659	-399090.3	-54113.8	-33863.2
2033-01-21 16:30:31	-1273.47	6808.09	163.68	76887360	-115188697	-49931189	-398996.8	-54617.5	-34031.4
2033-01-21 16:39:48	-4928.72	4864.85	-198.81	76901786	-115180691	-49927718	-398902.6	-55121.1	-34199.6
2033-01-21 16:49:05	-6810.78	1171.37	-489.58	76916210	-115172684	-49924246	-398807.6	-55624.6	-34367.8
2033-01-21 16:58:22	-6242.56	-2943.55	-603.75	76930633	-115164675	-49920774	-398711.9	-56127.9	-34535.8
2033-01-21 17:07:40	-3428.49	-5999.49	-500.13	76945055	-115156664	-49917301	-398615.4	-56631.2	-34703.8
2033-01-21 17:16:57	619.01	-6897.01	-216.1	76959477	-115148652	-49913828	-398518.2	-57134.3	-34871.7
2033-01-21 17:26:14	4443.79	-5313.19	145.88	76973897	-115140639	-49910354	-398420.2	-57637.4	-35039.6
2033-01-21 17:35:31	6669.84	-1817.84	455.24	76988316	-115132624	-49906879	-398321.4	-58140.3	-35207.4
2033-01-21 17:44:48	6496.31	2331.53	600.39	77002735	-115124608	-49903404	-398221.9	-58643.1	-35375.1
2033-01-21 17:54:05	3985.65	5642.11	528.96	77017152	-115116590	-49899928	-398121.6	-59145.8	-35542.8
2033-01-21 18:03:23	41.11	6922.84	266.72	77031569	-115108570	-49896451	-398020.6	-59648.4	-35710.3
2033-01-21 18:12:40	-3918.21	5712.95	-91.73	77045984	-115100549	-49892974	-397918.8	-60150.8	-35877.8
2033-01-21 18:21:57	-6467.87	2447.71	-417.09	77060398	-115092527	-49889496	-397816.2	-60653.1	-36045.3
2033-01-21 18:31:14	-6690.62	-1698.17	-592	77074812	-115084503	-49886017	-397712.9	-61155.4	-36212.6
2033-01-21 18:40:31	-4506.32	-5233.11	-553.35	77089224	-115076478	-49882538	-397608.8	-61657.4	-36379.9
2033-01-21 18:49:48	-700.83	-6885.36	-315.1	77103636	-115068451	-49879058	-397504	-62159.4	-36547.2
2033-01-21 18:59:06	3356.78	-6060.47	36.81	77118046	-115060423	-49875578	-397398.4	-62661.3	-36714.3
2033-01-21 19:08:23	6206.72	-3055.2	375.45	77132456	-115052393	-49872097	-397292.1	-63163	-36881.4
2033-01-21 19:17:40	6823.69	1049.25	578.65	77146864	-115044361	-49868615	-397185	-63664.6	-37048.4
2033-01-21 19:26:57	4985.75	4776.24	573.12	77161272	-115036329	-49865133	-397077.1	-64166	-37215.3
2033-01-21 19:36:14	1354.12	6784.89	360.85	77175678	-115028294	-49861649	-396968.5	-64667.4	-37382.2
2033-01-21 19:45:32	-2764.65	6352.55	18.41	77190084	-115020259	-49858166	-396859.2	-65168.6	-37549
2033-01-21 19:54:49	-5888.78	3634.76	-330.67	77204488	-115012221	-49854681	-396749	-65669.7	-37715.7
2033-01-21 20:04:06	-6894.33	-390.73	-560.47	77218892	-115004183	-49851196	-396638.2	-66170.6	-37882.3
2033-01-21 20:13:23	-5419.54	-4275.66	-588.09	77233294	-114996142	-49847711	-396526.5	-66671.5	-38048.9
2033-01-21 20:22:40	-1995.01	-6622.36	-403.58	77247696	-114988101	-49844224	-396414.2	-67172.1	-38215.4
2033-01-21 20:31:57	2147.24	-6586.54	-73.49	77262096	-114980058	-49840737	-396301	-67672.7	-38381.8
2033-01-21 20:41:15	5516.97	-4181.08	283.12	77276496	-114972013	-49837250	-396187.1	-68173.1	-38548.1
2033-01-21 20:50:32	6901.88	-271.38	537.59	77290895	-114963967	-49833762	-396072.5	-68673.4	-38714.4
2033-01-21 20:59:49	5803.73	3735.97	598.15	77305292	-114955919	-49830273	-395957	-69173.6	-38880.6
2033-01-21 21:09:06	2617.62	6399.25	442.93	77319689	-114947870	-49826783	-395840.9	-69673.6	-39046.7
2033-01-21 21:18:23	-1510.2	6760.29	127.94	77334084	-114939819	-49823293	-395724	-70173.5	-39212.7
2033-01-21 21:27:41	-5094.69	4689.18	-233.2	77348479	-114931767	-49819802	-395606.3	-70673.2	-39378.7
2033-01-21 21:36:58	-6846.27	931.03	-510.22	77362873	-114923714	-49816311	-395487.8	-71172.8	-39544.6
2033-01-21 21:46:15	-6134.81	-3162.09	-603.19	77377265	-114915659	-49812819	-395368.7	-71672.3	-39710.4
2033-01-21 21:55:32	-3216.27	-6117.61	-478.58	77391657	-114907602	-49809326	-395248.7	-72171.6	-39876.1
2033-01-21 22:04:49	859.35	-6872.21	-181.33	77406048	-114899544	-49805832	-395128	-72670.8	-40041.8
2033-01-21 22:14:06	4625.79	-5154.39	181.33	77420437	-114891484	-49802338	-395006.6	-73169.8	-40207.3
2033-01-21 22:23:24	6728.02	-1582.17	478.58	77434826	-114883423	-49798844	-394884.4	-73668.7	-40372.8
2033-01-21 22:32:41	6409.74	2559.28	603.19	77449214	-114875361	-49795348	-394761.4	-74167.4	-40538.2
2033-01-21 22:41:58	3785.48	5780	510.22	77463601	-114867297	-49791852	-394637.7	-74666	-40703.6
2033-01-21 22:51:15	-200.66	6921.27	233.2	77477986	-114859231	-49788356	-394513.3	-75164.5	-40868.8
2033-01-21 23:00:32	-4114.58	5572.47	-127.94	77492371	-114851165	-49784858	-394388	-75662.8	-41034
2033-01-21 23:09:50	-6548.21	2218.86	-442.93	77506755	-114843096	-49781361	-394262.1	-76160.9	-41199.1
2033-01-21 23:19:07	-6626.02	-1933.04	-598.15	77521138	-114835026	-49777862	-394135.4	-76658.9	-41364.1
2033-01-21 23:28:24	-4320.03	-5389.52	-537.59	77535519	-114826955	-49774363	-394007.9	-77156.8	-41529
2033-01-21 23:37:41	-459.86	-6907.02	-283.12	77549900	-114818882	-49770863	-393879.7	-77654.5	-41693.9
2033-01-21 23:46:58	3565.73	-5939.59	73.49	77564280	-114810807	-49767363	-393750.7	-78152	-41858.6
2033-01-21 23:56:15	6308.48	-2835.27	403.58	77578659	-114802732	-49763861	-393620.9	-78649.4	-42023.3
2033-01-22 00:05:33	6781.66	1289.11	588.09	77593037	-114794654	-49760360	-393490.5	-79146.7	-42187.9
2033-01-22 00:14:50	4815.04	4949.73	560.47	77607413	-114786575	-49756857	-393359.2	-79643.7	-42352.4
2033-01-22 00:24:07	1116.16	6829.6	330.67	77621789	-114778495	-49753354	-393227.2	-80140.7	-42516.9
2033-01-22 00:33:24	-2984.26	6252.39	-18.41	77636164	-114770413	-49749851	-393094.5	-80637.4	-42681.2
2033-01-22 00:42:41	-6011.03	3425.76	-360.85	77650538	-114762330	-49746346	-392961	-81134	-42845.5
2033-01-22 00:51:58	-6875.24	-633.38	-573.12	77664911	-114754245	-49742841	-392826.8	-81630.5	-43009.7
2033-01-22 01:01:16	-5265.98	-4464.66	-578.65	77679283	-114746159	-49739336	-392691.8	-82126.8	-43173.8
2033-01-22 01:10:33	-1762.22	-6689.71	-375.45	77693653	-114738071	-49735829	-392556	-82622.9	-43337.8
2033-01-22 01:19:50	2375.5	-6508.01	-36.81	77708023	-114729982	-49732322	-392419.5	-83118.9	-43501.7
2033-01-22 01:29:07	5658.59	-3984.92	315.1	77722392	-114721891	-49728815	-392282.3	-83614.7	-43665.6
2033-01-22 01:38:24	6905.91	-28.17	553.35	77736760	-114713799	-49725307	-392144.3	-84110.3	-43829.3
2033-01-22 01:47:42	5668.73	3938.74	592	77751127	-114705706	-49721798	-392005.6	-84605.8	-43993
2033-01-22 01:56:59	2392.15	6488.62	417.09	77765493	-114697610	-49718288	-391866.1	-85101.1	-44156.6
2033-01-22 02:06:16	-1745.02	6704.11	91.73	77779858	-114689514	-49714778	-391725.8	-85596.2	-44320.1
2033-01-22 02:15:33	-5254.38	4507.65	-266.72	77794222	-114681416	-49711267	-391584.8	-86091.2	-44483.5
2033-01-22 02:24:50	-6873.38	689.47	-528.96	77808584	-114673316	-49707756	-391443.1	-86586	-44646.9
2033-01-22 02:34:07	-6019.59	-3376.78	-600.39	77822946	-114665215	-49704244	-391300.6	-87080.6	-44810.1
2033-01-22 02:43:25	-3000.17	-6228.19	-455.24	77837307	-114657112	-49700731	-391157.3	-87575.1	-44973.3
2033-01-22 02:52:42	1098.58	-6838.89	-145.88	77851667	-114649008	-49697218	-391013.3	-88069.4	-45136.3
2033-01-22 03:01:59	4802.09	-4989.17	216.1	77866026	-114640903	-49693704	-390868.6	-88563.5	-45299.3
2033-01-22 03:11:16	6777.96	-1344.48	500.13	77880384	-114632796	-49690189	-390723.1	-89057.4	-45462.2
2033-01-22 03:20:33	6315.36	2783.92	603.75	77894741	-114624687	-49686674	-390576.9	-89551.2	-45625
2033-01-22 03:29:51	3580.73	5910.77	489.58	77909097	-114616577	-49683158	-390429.9	-90044.8	-45787.7
2033-01-22 03:39:08	-442.11	6911.12	198.81	77923452	-114608466	-49679642	-390282.2	-90538.2	-45950.3
2033-01-22 03:48:25	-4305.87	5425.06	-163.68	77937806	-114600353	-49676124	-390133.7	-91031.4	-46112.9
2033-01-22 03:57:42	-6620.53	1987.21	-467.13	77952159	-114592239	-49672607	-389984.5	-91524.5	-46275.3
2033-01-22 04:06:59	-6553.34	-2165.59	-602.07	77966510	-114584123	-49669088	-389834.5	-92017.4	-46437.6
2033-01-22 04:16:16	-4128.51	-5539.29	-519.83	77980861	-114576005	-49665569	-389683.8	-92510.1	-46599.9
2033-01-22 04:25:34	-218.4	-6920.14	-250.08	77995211	-114567886	-49662049	-389532.3	-93002.6	-46762.1
2033-01-22 04:34:51	3770.27	-5811.33	109.89	78009560	-114559766	-49658529	-389380.1	-93494.9	-46924.2
2033-01-22 04:44:08	6402.51	-2611.78	430.21	78023908	-114551644	-49655008	-389227.1	-93987.1	-47086.1
2033-01-22 04:53:25	6731.35	1527.44	595.35	78038255	-114543521	-49651486	-389073.4	-94479	-47248
2033-01-22 05:02:42	4638.5	5117.14	545.73	78052601	-114535396	-49647964	-388918.9	-94970.8	-47409.8
2033-01-22 05:12:00	876.89	6865.86	299.25	78066946	-114527270	-49644441	-388763.7	-95462.4	-47571.5
2033-01-22 05:21:17	-3200.17	6144.46	-55.17	78081290	-114519142	-49640917	-388607.8	-95953.8	-47733.2
2033-01-22 05:30:34	-6125.91	3212.46	-389.7	78095633	-114511013	-49637393	-388451.1	-96445	-47894.7
2033-01-22 05:39:51	-6847.76	-875.3	-583.64	78109975	-114502882	-49633868	-388293.7	-96936	-48056.1
2033-01-22 05:49:08	-5106.03	-4648.17	-567.06	78124316	-114494750	-49630342	-388135.5	-97426.9	-48217.4
2033-01-22 05:58:25	-1527.35	-6748.79	-345.92	78138656	-114486616	-49626816	-387976.6	-97917.5	-48378.7
2033-01-22 06:07:43	2600.8	-6421.4	0	78152995	-114478481	-49623289	-387816.9	-98408	-48539.8
2033-01-22 06:17:00	5793.26	-3783.78	345.92	78167333	-114470345	-49619762	-387656.5	-98898.2	-48700.9
2033-01-22 06:26:17	6901.5	215.14	567.06	78181670	-114462206	-49616234	-387495.3	-99388.3	-48861.8
2033-01-22 06:35:34	5526.83	4136.68	583.64	78196006	-114454067	-49612705	-387333.4	-99878.2	-49022.7
2033-01-22 06:44:51	2163.81	6569.98	389.7	78210341	-114445926	-49609176	-387170.8	-100367.9	-49183.5
2033-01-22 06:54:08	-1977.65	6639.61	55.17	78224674	-114437783	-49605646	-387007.4	-100857.3	-49344.1
2033-01-22 07:03:26	-5407.61	4320.51	-299.25	78239007	-114429639	-49602115	-386843.2	-101346.6	-49504.7
2033-01-22 07:12:43	-6892.09	447	-545.73	78253339	-114421494	-49598584	-386678.4	-101835.7	-49665.2
2033-01-22 07:22:00	-5897.05	-3587.34	-595.35	78267670	-114413347	-49595052	-386512.7	-102324.6	-49825.5
2033-01-22 07:31:17	-2780.46	-6331.08	-430.21	78282000	-114405198	-49591519	-386346.4	-102813.3	-49985.8
2033-01-22 07:40:34	1336.42	-6797.09	-109.89	78296329	-114397048	-49587986	-386179.3	-103301.8	-50146
2033-01-22 07:49:52	4972.48	-4817.72	250.08	78310657	-114388897	-49584452	-386011.4	-103790	-50306.1
2033-01-22 07:59:09	6819.62	-1105.07	519.83	78324984	-114380744	-49580917	-385842.8	-104278.1	-50466.1
2033-01-22 08:08:26	6213.29	3005.17	602.07	78339310	-114372589	-49577382	-385673.5	-104766	-50626
2033-01-22 08:17:43	3371.66	6034.26	467.13	78353635	-114364434	-49573846	-385503.4	-105253.7	-50785.7
2033-01-22 08:27:00	-682.96	6892.41	163.68	78367959	-114356276	-49570310	-385332.6	-105741.1	-50945.4
2033-01-22 08:36:17	-4491.86	5270.88	-198.81	78382282	-114348117	-49566773	-385161	-106228.4	-51105
2033-01-22 08:45:35	-6684.74	1753.04	-489.58	78396604	-114339957	-49563235	-384988.7	-106715.4	-51264.5
2033-01-22 08:54:52	-6472.68	-2395.51	-603.75	78410925	-114331795	-49559697	-384815.7	-107202.3	-51423.9
2033-01-22 09:04:09	-3931.99	-5682.24	-500.13	78425245	-114323632	-49556158	-384641.9	-107688.9	-51583.2
2033-01-22 09:13:26	23.28	-6924.69	-216.1	78439563	-114315467	-49552618	-384467.4	-108175.3	-51742.4
2033-01-22 09:22:43	3970.15	-5675.84	145.88	78453881	-114307301	-49549078	-384292.2	-108661.5	-51901.4
2033-01-22 09:32:01	6488.69	-2384.99	455.24	78468198	-114299133	-49545537	-384116.2	-109147.5	-52060.4
2033-01-22 09:41:18	6672.83	1763.92	600.39	78482514	-114290964	-49541995	-383939.4	-109633.3	-52219.3
2033-01-22 09:50:35	4456.33	5278.25	528.96	78496829	-114282794	-49538453	-383762	-110118.8	-52378.1
2033-01-22 09:59:52	636.61	6893.63	266.72	78511143	-114274622	-49534910	-383583.7	-110604.2	-52536.8
2033-01-22 10:09:09	-3412.12	6028.9	-91.73	78525456	-114266448	-49531367	-383404.8	-111089.3	-52695.3
2033-01-22 10:18:26	-6233.28	2995.14	-417.09	78539768	-114258273	-49527823	-383225.1	-111574.2	-52853.8
2033-01-22 10:27:44	-6811.92	-1116.19	-592	78554079	-114250096	-49524278	-383044.7	-112058.9	-53012.2
2033-01-22 10:37:01	-4939.88	-4825.97	-553.35	78568388	-114241918	-49520732	-382863.5	-112543.4	-53170.4
2033-01-22 10:46:18	-1290.66	-6799.52	-315.1	78582697	-114233739	-49517186	-382681.6	-113027.7	-53328.6
2033-01-22 10:55:35	2822.88	-6326.82	36.81	78597005	-114225558	-49513640	-382499	-113511.7	-53486.7
2033-01-22 11:04:52	5920.83	-3577.91	375.45	78611312	-114217375	-49510092	-382315.6	-113995.5	-53644.6
2033-01-22 11:14:10	6888.67	458.24	578.65	78625618	-114209191	-49506544	-382131.5	-114479.1	-53802.5
2033-01-22 11:23:27	5378.22	4329.54	573.12	78639923	-114201006	-49502996	-381946.6	-114962.5	-53960.2
2033-01-22 11:32:44	1932.89	6643.22	360.85	78654227	-114192819	-49499446	-381761	-115445.6	-54117.8
2033-01-22 11:42:01	-2207.81	6566.87	18.41	78668529	-114184631	-49495896	-381574.7	-115928.5	-54275.4
2033-01-22 11:51:18	-5554.2	4127.96	-330.67	78682831	-114176441	-49492346	-381387.6	-116411.2	-54432.8
2033-01-22 12:00:35	-6902.38	203.92	-560.47	78697132	-114168249	-49488795	-381199.8	-116893.6	-54590.1
2033-01-22 12:09:53	-5767.33	-3793.5	-588.09	78711432	-114160057	-49485243	-381011.3	-117375.9	-54747.3
2033-01-22 12:19:10	-2557.41	-6426.15	-403.58	78725731	-114151862	-49481690	-380822	-117857.9	-54904.4
2033-01-22 12:28:27	1572.56	-6746.87	-73.49	78740029	-114143667	-49478137	-380632	-118339.6	-55061.4
2033-01-22 12:37:44	5136.76	-4640.27	283.12	78754325	-114135469	-49474584	-380441.3	-118821.2	-55218.3
2033-01-22 12:47:01	6852.93	-864.23	537.59	78768621	-114127271	-49471029	-380249.8	-119302.5	-55375.1
2033-01-22 12:56:18	6103.66	3222.75	598.15	78782916	-114119070	-49467474	-380057.6	-119783.5	-55531.8
2033-01-22 13:05:36	3158.52	6150.29	442.93	78797210	-114110869	-49463919	-379864.7	-120264.4	-55688.3
2033-01-22 13:14:53	-922.93	6865.16	127.94	78811502	-114102666	-49460362	-379671	-120745	-55844.8
2033-01-22 13:24:10	-4672.32	5110.14	-233.2	78825794	-114094461	-49456805	-379476.6	-121225.3	-56001.1
2033-01-22 13:33:27	-6740.77	1516.64	-510.22	78840085	-114086255	-49453248	-379281.5	-121705.5	-56157.3
2033-01-22 13:42:44	-6384.13	-2622.51	-603.19	78854375	-114078047	-49449689	-379085.6	-122185.3	-56313.5
2033-01-22 13:52:02	-3730.72	-5818.19	-478.58	78868663	-114069838	-49446131	-378889	-122665	-56469.5
2033-01-22 14:01:19	264.86	-6920.66	-181.33	78882951	-114061628	-49442571	-378691.7	-123144.4	-56625.4
2033-01-22 14:10:36	4165.14	-5533.29	181.33	78897238	-114053416	-49439011	-378493.6	-123623.6	-56781.2
2033-01-22 14:19:53	6566.94	-2155.2	478.58	78911523	-114045202	-49435450	-378294.8	-124102.5	-56936.9
2033-01-22 14:29:10	6606.18	1998.28	603.19	78925808	-114036987	-49431889	-378095.3	-124581.2	-57092.4
2033-01-22 14:38:27	4268.76	5432.85	510.22	78940092	-114028771	-49428327	-377895	-125059.6	-57247.9
2033-01-22 14:47:45	395.61	6912.86	233.2	78954374	-114020553	-49424764	-377694	-125537.8	-57403.2
2033-01-22 14:57:02	-3619.85	5905.83	-127.94	78968656	-114012334	-49421201	-377492.3	-126015.7	-57558.5
2033-01-22 15:06:19	-6333.01	2774.06	-442.93	78982937	-114004113	-49417637	-377289.9	-126493.4	-57713.6
2033-01-22 15:15:36	-6767.77	-1355.76	-598.15	78997216	-113995890	-49414072	-377086.7	-126970.9	-57868.6
2033-01-22 15:24:53	-4767.74	-4997.83	-537.59	79011495	-113987667	-49410507	-376882.8	-127448.1	-58023.5
2033-01-22 15:34:11	-1052.45	-6841.84	-283.12	79025773	-113979441	-49406941	-376678.1	-127925	-58178.3
2033-01-22 15:43:28	3041.45	-6224.37	73.49	79040049	-113971215	-49403374	-376472.8	-128401.7	-58332.9
2033-01-22 15:52:45	6041.13	-3367.55	403.58	79054325	-113962986	-49399807	-376266.7	-128878.2	-58487.5
2033-01-22 16:02:02	6867.43	700.82	588.09	79068599	-113954757	-49396239	-376059.8	-129354.4	-58641.9
2033-01-22 16:11:19	5223.07	4517.08	560.47	79082873	-113946526	-49392671	-375852.3	-129830.3	-58796.3
2033-01-22 16:20:36	1699.65	6708.23	330.67	79097145	-113938293	-49389102	-375644	-130306	-58950.5
2033-01-22 16:29:54	-2435.23	6485.98	-18.41	79111417	-113930059	-49385532	-375435	-130781.4	-59104.6
2033-01-22 16:39:11	-5693.98	3930.26	-360.85	79125688	-113921823	-49381962	-375225.3	-131256.6	-59258.5
2033-01-22 16:48:28	-6904.24	-39.46	-573.12	79139957	-113913586	-49378391	-375014.8	-131731.5	-59412.4
2033-01-22 16:57:45	-5630.6	-3995	-578.65	79154226	-113905348	-49374819	-374803.6	-132206.2	-59566.1
2033-01-22 17:07:02	-2331.29	-6513.27	-375.45	79168493	-113897108	-49371247	-374591.7	-132680.6	-59719.8
2033-01-22 17:16:19	1806.73	-6688.27	-36.81	79182760	-113888866	-49367674	-374379.1	-133154.8	-59873.3
2033-01-22 17:25:37	5294.73	-4457.02	315.1	79197025	-113880623	-49364100	-374165.7	-133628.6	-60026.7
2033-01-22 17:34:54	6877.87	-622.27	553.35	79211289	-113872379	-49360526	-373951.6	-134102.2	-60179.9
2033-01-22 17:44:11	5986.6	3436.38	592	79225553	-113864133	-49356951	-373736.8	-134575.6	-60333.1
2033-01-22 17:53:28	2941.57	6258.73	417.09	79239815	-113855885	-49353376	-373521.2	-135048.7	-60486.1
2033-01-22 18:02:45	-1161.71	6829.39	91.73	79254077	-113847637	-49349800	-373305	-135521.5	-60639.1
2033-01-22 18:12:03	-4847.04	4943.04	-266.72	79268337	-113839386	-49346223	-373088	-135994.1	-60791.9
2033-01-22 18:21:20	-6788.57	1278.32	-528.96	79282596	-113831134	-49342645	-372870.3	-136466.4	-60944.5
2033-01-22 18:30:37	-6287.81	-2846.32	-600.39	79296855	-113822881	-49339067	-372651.8	-136938.4	-61097.1
2033-01-22 18:39:54	-3524.93	-5946.95	-455.24	79311112	-113814626	-49335489	-372432.7	-137410.2	-61249.6
2033-01-22 18:49:11	506.08	-6908.05	-145.88	79325369	-113806370	-49331909	-372212.8	-137881.7	-61401.9
2033-01-22 18:58:28	4355	-5383.85	216.1	79339624	-113798113	-49328329	-371992.2	-138352.9	-61554.1
2033-01-22 19:07:46	6637.15	-1922.69	500.13	79353878	-113789853	-49324749	-371770.8	-138823.8	-61706.2
2033-01-22 19:17:03	6531.48	2230.21	603.75	79368131	-113781593	-49321168	-371548.8	-139294.5	-61858.1
2033-01-22 19:26:20	4076.03	5580.76	489.58	79382384	-113773331	-49317586	-371326	-139764.9	-62010
2033-01-22 19:35:37	154.18	6923.53	198.81	79396635	-113765067	-49314003	-371102.5	-140235	-62161.7
2033-01-22 19:44:54	-3823.12	5775.42	-163.68	79410885	-113756802	-49310420	-370878.3	-140704.9	-62313.3
2033-01-22 19:54:12	-6424.99	2549.49	-467.13	79425134	-113748536	-49306836	-370653.4	-141174.5	-62464.7
2033-01-22 20:03:29	-6715.37	-1593.69	-602.07	79439383	-113740268	-49303252	-370427.7	-141643.7	-62616.1
2033-01-22 20:12:46	-4589.81	-5163.52	-519.83	79453630	-113731998	-49299667	-370201.3	-142112.8	-62767.3
2033-01-22 20:22:03	-813.01	-6875.68	-250.08	79467876	-113723727	-49296081	-369974.3	-142581.5	-62918.4
2033-01-22 20:31:20	3256.26	-6114.18	109.89	79482121	-113715455	-49292495	-369746.4	-143050	-63069.4
2033-01-22 20:40:37	6154.04	-3152.98	430.21	79496365	-113707181	-49288908	-369517.9	-143518.2	-63220.3
2033-01-22 20:49:55	6837.81	942.59	595.35	79510608	-113698906	-49285320	-369288.7	-143986.1	-63371
2033-01-22 20:59:12	5061.58	4699.05	545.73	79524850	-113690629	-49281732	-369058.7	-144453.7	-63521.6
2033-01-22 21:08:29	1464.39	6764.95	299.25	79539092	-113682350	-49278143	-368828	-144921	-63672.1
2033-01-22 21:17:46	-2659.62	6397.03	-55.17	79553332	-113674071	-49274554	-368596.6	-145388.1	-63822.5
2033-01-22 21:27:03	-5826.78	3727.64	-389.7	79567571	-113665789	-49270964	-368364.5	-145854.8	-63972.7
2033-01-22 21:36:21	-6897.68	-282.85	-583.64	79581809	-113657507	-49267373	-368131.6	-146321.3	-64122.8
2033-01-22 21:45:38	-5487.03	-4191.6	-567.06	79596046	-113649223	-49263781	-367898.1	-146787.5	-64272.8
2033-01-22 21:54:55	-2102.36	-6592.34	-345.92	79610282	-113640937	-49260189	-367663.8	-147253.4	-64422.6
2033-01-22 22:04:12	2038.65	-6621.37	0	79624517	-113632650	-49256597	-367428.8	-147719	-64572.4
2033-01-22 22:13:29	5446.21	-4268.22	345.92	79638751	-113624361	-49253003	-367193.1	-148184.3	-64722
2033-01-22 22:22:46	6894.42	-379.48	567.06	79652984	-113616071	-49249409	-366956.7	-148649.3	-64871.5
2033-01-22 22:32:04	5862.26	3645.79	583.64	79667216	-113607780	-49245815	-366719.5	-149114.1	-65020.8
2033-01-22 22:41:21	2721.08	6359.43	389.7	79681446	-113599487	-49242219	-366481.7	-149578.5	-65170
2033-01-22 22:50:38	-1399.03	6785.15	55.17	79695676	-113591192	-49238623	-366243.1	-150042.7	-65319.1
2033-01-22 22:59:55	-5015.81	4769.77	-299.25	79709905	-113582896	-49235027	-366003.8	-150506.5	-65468.1
2033-01-22 23:09:12	-6828.07	1038.36	-545.73	79724133	-113574599	-49231430	-365763.9	-150970.1	-65616.9
2033-01-22 23:18:29	-6183.84	-3066.64	-595.35	79738360	-113566300	-49227832	-365523.2	-151433.4	-65765.6
2033-01-22 23:27:47	-3314.89	-6068.36	-430.21	79752586	-113558000	-49224234	-365281.7	-151896.3	-65914.2
2033-01-22 23:37:04	746.62	-6886.88	-109.89	79766810	-113549698	-49220634	-365039.6	-152359	-66062.6
2033-01-22 23:46:21	4539.51	-5227.7	250.08	79781034	-113541395	-49217035	-364796.8	-152821.4	-66211
2033-01-22 23:55:38	6699.24	-1687.75	519.83	79795257	-113533090	-49213434	-364553.2	-153283.4	-66359.2
2033-01-23 00:04:55	6448.82	2459.42	602.07	79809479	-113524784	-49209833	-364308.9	-153745.2	-66507.2
2033-01-23 00:14:13	3878.36	5721.78	467.13	79823699	-113516476	-49206232	-364064	-154206.7	-66655.1
2033-01-23 00:23:30	-87.39	6925.61	163.68	79837919	-113508167	-49202630	-363818.3	-154667.8	-66802.9
2033-01-23 00:32:47	-4021.69	5637.83	-198.81	79852138	-113499856	-49199027	-363571.9	-155128.7	-66950.6
2033-01-23 00:42:04	-6509.11	2321.71	-489.58	79866355	-113491544	-49195423	-363324.8	-155589.2	-67098.1
2033-01-23 00:51:21	-6654.79	-1829.7	-603.75	79880572	-113483231	-49191819	-363077	-156049.5	-67245.5
2033-01-23 01:00:38	-4406.32	-5322.85	-500.13	79894787	-113474916	-49188214	-362828.4	-156509.4	-67392.8
2033-01-23 01:09:56	-572.63	-6901.01	-216.1	79909002	-113466599	-49184609	-362579.2	-156969.1	-67539.9
2033-01-23 01:19:13	3467.06	-5996.4	145.88	79923215	-113458281	-49181003	-362329.2	-157428.4	-67686.9
2033-01-23 01:28:30	6259.42	-2934.45	455.24	79937428	-113449962	-49177396	-362078.6	-157887.4	-67833.8
2033-01-23 01:37:47	6799.86	1183.24	600.39	79951639	-113441641	-49173789	-361827.2	-158346.1	-67980.5
2033-01-23 01:47:04	4893.96	4875.24	528.96	79965850	-113433318	-49170181	-361575.2	-158804.5	-68127.1
2033-01-23 01:56:22	1227.4	6813.29	266.72	79980059	-113424995	-49166572	-361322.4	-159262.6	-68273.6
2033-01-23 02:05:39	-2880.72	6300.13	-91.73	79994268	-113416669	-49162963	-361068.9	-159720.3	-68420
2033-01-23 02:14:56	-5952.45	3520.36	-417.09	80008475	-113408342	-49159353	-360814.7	-160177.8	-68566.2
2033-01-23 02:24:13	-6882.7	-525.94	-592	80022682	-113400014	-49155742	-360559.8	-160634.9	-68712.2
2033-01-23 02:33:30	-5336.8	-4383.03	-553.35	80036887	-113391685	-49152131	-360304.2	-161091.7	-68858.1
2033-01-23 02:42:47	-1870.92	-6663.25	-315.1	80051091	-113383353	-49148519	-360047.9	-161548.2	-69003.9
2033-01-23 02:52:05	2268.03	-6546.24	36.81	80065294	-113375021	-49144907	-359790.9	-162004.4	-69149.6
2033-01-23 03:01:22	5591.02	-4074.08	375.45	80079497	-113366687	-49141294	-359533.2	-162460.3	-69295.1
2033-01-23 03:10:39	6902.55	-136.18	578.65	80093698	-113358351	-49137680	-359274.8	-162915.8	-69440.5
2033-01-23 03:19:56	5730.79	3850.73	573.12	80107898	-113350014	-49134066	-359015.7	-163371	-69585.7
2033-01-23 03:29:13	2497.32	6452.27	360.85	80122097	-113341675	-49130451	-358755.8	-163825.9	-69730.9
2033-01-23 03:38:31	-1634.6	6732.48	18.41	80136296	-113333336	-49126835	-358495.3	-164280.5	-69875.8
2033-01-23 03:47:48	-5178.43	4590.55	-330.67	80150493	-113324994	-49123219	-358234.1	-164734.8	-70020.7
2033-01-23 03:57:05	-6859.24	797.06	-560.47	80164689	-113316651	-49119602	-357972.1	-165188.7	-70165.4
2033-01-23 04:06:22	-6072.34	-3283.19	-588.09	80178884	-113308307	-49115984	-357709.5	-165642.3	-70309.9
2033-01-23 04:15:39	-3100.85	-6182.27	-403.58	80193078	-113299961	-49112366	-357446.2	-166095.6	-70454.3
2033-01-23 04:24:56	986.21	-6857.15	-73.49	80207271	-113291614	-49108747	-357182.1	-166548.5	-70598.6
2033-01-23 04:34:14	4718.45	-5065.04	283.12	80221463	-113283265	-49105128	-356917.4	-167001.1	-70742.8
2033-01-23 04:43:31	6753.16	-1450.67	537.59	80235654	-113274915	-49101508	-356652	-167453.4	-70886.8
2033-01-23 04:52:48	6358.32	2685.62	598.15	80249844	-113266563	-49097887	-356385.8	-167905.4	-71030.6
2033-01-23 05:02:05	3675.99	5855.72	442.93	80264033	-113258210	-49094266	-356119	-168357	-71174.4
2033-01-23 05:11:22	-328.81	6919.11	127.94	80278221	-113249855	-49090644	-355851.5	-168808.3	-71317.9
2033-01-23 05:20:39	-4215.31	5493.21	-233.2	80292408	-113241499	-49087021	-355583.2	-169259.3	-71461.4
2033-01-23 05:29:57	-6585.28	2091.01	-510.22	80306594	-113233141	-49083398	-355314.3	-169709.9	-71604.7
2033-01-23 05:39:14	-6586.1	-2063.48	-603.19	80320778	-113224782	-49079774	-355044.7	-170160.2	-71747.8
2033-01-23 05:48:31	-4217.49	-5475.61	-478.58	80334962	-113216422	-49076150	-354774.3	-170610.2	-71890.9
2033-01-23 05:57:48	-331.59	-6917.78	-181.33	80349145	-113208060	-49072524	-354503.3	-171059.8	-72033.7
2033-01-23 06:07:05	3673.6	-5871.15	181.33	80363327	-113199697	-49068899	-354231.6	-171509.1	-72176.5
2033-01-23 06:16:23	6357.14	-2712.24	478.58	80377507	-113191332	-49065272	-353959.2	-171958	-72319.1
2033-01-23 06:25:40	6753.62	1422.46	603.19	80391687	-113182965	-49061645	-353686.1	-172406.6	-72461.5
2033-01-23 06:34:57	4720.39	5045.41	510.22	80405866	-113174597	-49058018	-353412.3	-172854.9	-72603.8
2033-01-23 06:44:14	988.94	6853.19	233.2	80420043	-113166228	-49054389	-353137.8	-173302.8	-72746
2033-01-23 06:53:31	-3098.27	6195.39	-127.94	80434220	-113157857	-49050760	-352862.6	-173750.4	-72888
2033-01-23 07:02:48	-6070.84	3308.68	-442.93	80448395	-113149485	-49047131	-352586.7	-174197.7	-73029.9
2033-01-23 07:12:06	-6859.32	-768.41	-598.15	80462570	-113141111	-49043500	-352310.1	-174644.5	-73171.6
2033-01-23 07:21:23	-5180.08	-4569.06	-537.59	80476743	-113132736	-49039870	-352032.8	-175091.1	-73313.2
2033-01-23 07:30:40	-1637.24	-6725.91	-283.12	80490916	-113124360	-49036238	-351754.8	-175537.3	-73454.6
2033-01-23 07:39:57	2494.61	-6462.98	73.49	80505087	-113115982	-49032606	-351476.2	-175983.2	-73595.9
2033-01-23 07:49:14	5728.98	-3874.86	403.58	80519258	-113107602	-49028973	-351196.8	-176428.7	-73737.1
2033-01-23 07:58:32	6902.26	107.33	588.09	80533427	-113099221	-49025340	-350916.8	-176873.8	-73878.1
2033-01-23 08:07:49	5592.36	4050.92	560.47	80547596	-113090839	-49021706	-350636	-177318.6	-74018.9
2033-01-23 08:17:06	2270.54	6537.11	330.67	80561763	-113082455	-49018071	-350354.6	-177763.1	-74159.6
2033-01-23 08:26:23	-1868.13	6671.46	-18.41	80575929	-113074069	-49014436	-350072.5	-178207.2	-74300.2
2033-01-23 08:35:40	-5334.7	4405.61	-360.85	80590094	-113065682	-49010800	-349789.7	-178651	-74440.6
2033-01-23 08:44:57	-6882.03	554.74	-573.12	80604259	-113057294	-49007163	-349506.2	-179094.4	-74580.9
2033-01-23 08:54:15	-5953.46	-3495.72	-578.65	80618422	-113048904	-49003526	-349222	-179537.4	-74721
2033-01-23 09:03:32	-2883.06	-6288.53	-375.45	80632584	-113040513	-48999888	-348937.1	-179980.1	-74861
2033-01-23 09:12:49	1224.55	-6818.92	-36.81	80646745	-113032120	-48996250	-348651.5	-180422.5	-75000.8
2033-01-23 09:22:06	4891.61	-4896.07	315.1	80660905	-113023726	-48992611	-348365.3	-180864.4	-75140.5
2033-01-23 09:31:23	6798.83	-1211.75	553.35	80675064	-113015331	-48988971	-348078.4	-181306.1	-75280
2033-01-23 09:40:41	6260.07	2908.53	592	80689222	-113006933	-48985330	-347790.7	-181747.3	-75419.4
2033-01-23 09:49:58	3469.18	5982.42	417.09	80703379	-112998535	-48981689	-347502.4	-182188.2	-75558.6
2033-01-23 09:59:15	-569.79	6904.02	91.73	80717535	-112990135	-48978048	-347213.4	-182628.8	-75697.7
2033-01-23 10:08:32	-4403.76	5341.76	-266.72	80731690	-112981733	-48974405	-346923.7	-183069	-75836.7
2033-01-23 10:17:49	-6653.4	1857.68	-528.96	80745844	-112973330	-48970763	-346633.4	-183508.8	-75975.4
2033-01-23 10:27:06	-6509.4	-2294.74	-600.39	80759997	-112964926	-48967119	-346342.3	-183948.2	-76114.1
2033-01-23 10:36:24	-4023.55	-5621.6	-455.24	80774149	-112956520	-48963475	-346050.6	-184387.3	-76252.6
2033-01-23 10:45:41	-90.19	-6925.98	-145.88	80788299	-112948113	-48959830	-345758.1	-184826.1	-76390.9
2033-01-23 10:54:58	3875.61	-5738.6	216.1	80802449	-112939704	-48956185	-345465	-185264.4	-76529.1
2033-01-23 11:04:15	6447.1	-2486.63	500.13	80816598	-112931294	-48952538	-345171.2	-185702.4	-76667.1
2033-01-23 11:13:32	6699.15	1659.95	603.75	80830746	-112922882	-48948892	-344876.8	-186140	-76805
2033-01-23 11:22:49	4541.09	5209.35	489.58	80844892	-112914469	-48945244	-344581.6	-186577.3	-76942.7
2033-01-23 11:32:07	749.32	6884.59	198.81	80859038	-112906054	-48941596	-344285.8	-187014.2	-77080.3
2033-01-23 11:41:24	-3312.01	6082.96	-163.68	80873182	-112897638	-48937948	-343989.3	-187450.7	-77217.7
2033-01-23 11:50:41	-6181.8	3092.85	-467.13	80887326	-112889220	-48934299	-343692.1	-187886.8	-77354.9
2033-01-23 11:59:58	-6827.59	-1009.98	-602.07	80901468	-112880801	-48930649	-343394.2	-188322.6	-77492.1
2033-01-23 12:09:15	-5017.07	-4749.46	-519.83	80915610	-112872381	-48926998	-343095.6	-188758	-77629
2033-01-23 12:18:33	-1401.6	-6780.23	-250.08	80929750	-112863959	-48923347	-342796.4	-189193	-77765.8
2033-01-23 12:27:50	2718.11	-6371.69	109.89	80943890	-112855536	-48919695	-342496.5	-189627.7	-77902.5
2033-01-23 12:37:07	5859.93	-3670.79	430.21	80958028	-112847111	-48916043	-342195.9	-190061.9	-78039
2033-01-23 12:46:24	6893.56	350.75	595.35	80972166	-112838684	-48912390	-341894.6	-190495.8	-78175.3
2033-01-23 12:55:41	5447.13	4246.12	545.73	80986302	-112830257	-48908736	-341592.7	-190929.4	-78311.5
2033-01-23 13:04:58	2041.04	6613.86	299.25	81000437	-112821827	-48905082	-341290.1	-191362.5	-78447.5
2033-01-23 13:14:16	-2099.34	6602.14	-55.17	81014571	-112813397	-48901427	-340986.8	-191795.2	-78583.4
2033-01-23 13:23:33	-5484.44	4215.17	-389.7	81028704	-112804964	-48897771	-340682.8	-192227.6	-78719.1
2033-01-23 13:32:50	-6896.43	311.69	-583.64	81042837	-112796531	-48894115	-340378.1	-192659.6	-78854.7
2033-01-23 13:42:07	-5827.34	-3703.94	-567.06	81056968	-112788096	-48890458	-340072.8	-193091.2	-78990.1
2033-01-23 13:51:24	-2661.79	-6387	-345.92	81071098	-112779659	-48886801	-339766.8	-193522.5	-79125.3
2033-01-23 14:00:42	1461.37	-6772.22	0	81085227	-112771221	-48883143	-339460.1	-193953.3	-79260.4
2033-01-23 14:09:59	5058.77	-4720.99	345.92	81099355	-112762782	-48879484	-339152.8	-194383.8	-79395.3
2033-01-23 14:19:16	6836.2	-971.29	567.06	81113482	-112754341	-48875824	-338844.7	-194813.8	-79530.1
2033-01-23 14:28:33	6154.21	3127.87	583.64	81127608	-112745898	-48872164	-338536	-195243.5	-79664.7
2033-01-23 14:37:50	3258.17	6101.72	389.7	81141733	-112737454	-48868504	-338226.7	-195672.8	-79799.2
2033-01-23 14:47:07	-810.03	6880.36	55.17	81155856	-112729009	-48864842	-337916.6	-196101.7	-79933.5
2033-01-23 14:56:25	-4586.81	5183.65	-299.25	81169979	-112720562	-48861181	-337605.9	-196530.2	-80067.6
2033-01-23 15:05:42	-6713.41	1622.01	-545.73	81184101	-112712114	-48857518	-337294.5	-196958.4	-80201.6
2033-01-23 15:14:59	-6424.77	-2523.19	-595.35	81198222	-112703664	-48853855	-336982.5	-197386.1	-80335.4
2033-01-23 15:24:16	-3824.73	-5760.63	-430.21	81212341	-112695213	-48850191	-336669.8	-197813.4	-80469.1
2033-01-23 15:33:33	151.29	-6925.58	-109.89	81226460	-112686761	-48846527	-336356.4	-198240.4	-80602.6
2033-01-23 15:42:51	4072.88	-5598.9	250.08	81240578	-112678307	-48842861	-336042.3	-198666.9	-80735.9
2033-01-23 15:52:08	6529.18	-2257.91	519.83	81254694	-112669851	-48839196	-335727.6	-199093.1	-80869.1
2033-01-23 16:01:25	6636.52	1895.43	602.07	81268810	-112661394	-48835529	-335412.2	-199518.9	-81002.1
2033-01-23 16:10:42	4356.29	5366.85	467.13	81282924	-112652936	-48831862	-335096.1	-199944.2	-81135
2033-01-23 16:19:59	508.83	6907.45	163.68	81297038	-112644476	-48828195	-334779.4	-200369.2	-81267.7
2033-01-23 16:29:16	-3521.68	5962.95	-198.81	81311150	-112636014	-48824527	-334462	-200793.7	-81400.2
2033-01-23 16:38:34	-6285.21	2873.16	-489.58	81325261	-112627551	-48820858	-334143.9	-201217.9	-81532.6
2033-01-23 16:47:51	-6787.54	-1250.32	-603.75	81339372	-112619087	-48817188	-333825.2	-201641.7	-81664.8
2033-01-23 16:57:08	-4847.97	-4923.98	-500.13	81353481	-112610621	-48813518	-333505.8	-202065	-81796.8
2033-01-23 17:06:25	-1164.28	-6826.15	-216.1	81367589	-112602154	-48809847	-333185.7	-202488	-81928.7
2033-01-23 17:15:42	2938.26	-6272.47	145.88	81381696	-112593686	-48806176	-332865	-202910.6	-82060.4
2033-01-23 17:24:59	5983.72	-3462.14	455.24	81395802	-112585215	-48802504	-332543.6	-203332.7	-82192
2033-01-23 17:34:17	6876.45	593.77	600.39	81409907	-112576744	-48798831	-332221.6	-203754.5	-82323.4
2033-01-23 17:43:34	5295.28	4436.07	528.96	81424012	-112568271	-48795158	-331898.8	-204175.8	-82454.6
2033-01-23 17:52:51	1809.08	6682.42	266.72	81438115	-112559796	-48791484	-331575.5	-204596.7	-82585.7
2033-01-23 18:02:08	-2327.96	6524.63	-91.73	81452217	-112551320	-48787810	-331251.4	-205017.3	-82716.6
2033-01-23 18:11:25	-5627.48	4019.47	-417.09	81466317	-112542843	-48784134	-330926.7	-205437.4	-82847.3
2033-01-23 18:20:43	-6902.42	68.22	-592	81480417	-112534364	-48780459	-330601.4	-205857.1	-82977.9
2033-01-23 18:30:00	-5694.13	-3907.59	-553.35	81494516	-112525884	-48776782	-330275.4	-206276.4	-83108.3
2033-01-23 18:39:17	-2437.3	-6477.56	-315.1	81508614	-112517402	-48773105	-329948.7	-206695.3	-83238.5
2033-01-23 18:48:34	1696.37	-6717.11	36.81	81522711	-112508919	-48769427	-329621.3	-207113.7	-83368.6
2033-01-23 18:57:51	5219.74	-4540.04	375.45	81536806	-112500434	-48765749	-329293.4	-207531.8	-83498.5
2033-01-23 19:07:08	6865.23	-729.59	578.65	81550901	-112491948	-48762070	-328964.7	-207949.4	-83628.2
2033-01-23 19:16:26	6040.87	3343.35	573.12	81564995	-112483460	-48758390	-328635.4	-208366.7	-83757.8
2033-01-23 19:25:43	3043.22	6213.47	360.85	81579087	-112474971	-48754710	-328305.4	-208783.5	-83887.2
2033-01-23 19:35:00	-1049.25	6848.16	18.41	81593179	-112466481	-48751029	-327974.8	-209199.9	-84016.4
2033-01-23 19:44:17	-4764.24	5019.09	-330.67	81607269	-112457989	-48747348	-327643.5	-209615.8	-84145.5
2033-01-23 19:53:34	-6765.22	1384.29	-560.47	81621359	-112449495	-48743666	-327311.6	-210031.4	-84274.4
2033-01-23 20:02:52	-6332.32	-2748.54	-588.09	81635447	-112441000	-48739983	-326979	-210446.5	-84403.1
2033-01-23 20:12:09	-3621.28	-5892.54	-403.58	81649535	-112432504	-48736300	-326645.8	-210861.2	-84531.7
2033-01-23 20:21:26	392.55	-6916.58	-73.49	81663621	-112424006	-48732615	-326311.9	-211275.5	-84660.1
2033-01-23 20:30:43	4265.15	-5452.24	283.12	81677706	-112415507	-48728931	-325977.3	-211689.4	-84788.3
2033-01-23 20:40:00	6603.29	-2026.35	537.59	81691790	-112407006	-48725246	-325642.1	-212102.9	-84916.4
2033-01-23 20:49:17	6565.82	2128.58	598.15	81705873	-112398504	-48721560	-325306.2	-212515.9	-85044.2
2033-01-23 20:58:35	4166.2	5517.71	442.93	81719956	-112390001	-48717873	-324969.7	-212928.5	-85172
2033-01-23 21:07:52	267.75	6921.74	127.94	81734037	-112381495	-48714186	-324632.6	-213340.7	-85299.5
2033-01-23 21:17:09	-3727.03	5835.53	-233.2	81748117	-112372989	-48710498	-324294.8	-213752.4	-85426.9
2033-01-23 21:26:26	-6380.94	2649.87	-510.22	81762196	-112364481	-48706810	-323956.3	-214163.7	-85554.1
2033-01-23 21:35:43	-6739.23	-1489.15	-603.19	81776274	-112355972	-48703121	-323617.2	-214574.6	-85681.1
2033-01-23 21:45:00	-4672.99	-5092.42	-478.58	81790351	-112347461	-48699431	-323277.4	-214985.1	-85808
2033-01-23 21:54:18	-925.58	-6863.6	-181.33	81804426	-112338948	-48695741	-322937	-215395.1	-85934.7
2033-01-23 22:03:35	3154.8	-6165.46	181.33	81818501	-112330434	-48692050	-322596	-215804.7	-86061.2
2033-01-23 22:12:52	6100.2	-3249.17	478.58	81832575	-112321919	-48688358	-322254.3	-216213.9	-86187.5
2033-01-23 22:22:09	6850.96	836.09	603.19	81846648	-112313403	-48684666	-321911.9	-216622.6	-86313.7
2033-01-23 22:31:26	5137	4620.55	510.22	81860719	-112304884	-48680973	-321568.9	-217030.9	-86439.7
2033-01-23 22:40:44	1574.94	6742.68	233.2	81874790	-112296365	-48677279	-321225.3	-217438.7	-86565.5
2033-01-23 22:50:01	-2553.72	6439	-127.94	81888859	-112287844	-48673585	-320881	-217846.2	-86691.1
2033-01-23 22:59:18	-5763.64	3818.75	-442.93	81902928	-112279321	-48669891	-320536.1	-218253.2	-86816.6
2033-01-23 23:08:35	-6900	-175.37	-598.15	81916995	-112270797	-48666195	-320190.5	-218659.7	-86941.9
2033-01-23 23:17:52	-5554	-4106.41	-537.59	81931062	-112262272	-48662499	-319844.3	-219065.8	-87067.1
2033-01-23 23:27:09	-2209.88	-6560.09	-283.12	81945127	-112253745	-48658803	-319497.4	-219471.5	-87192
2033-01-23 23:36:27	1929.27	-6653.65	73.49	81959191	-112245216	-48655105	-319149.9	-219876.7	-87316.8
2033-01-23 23:45:44	5374.33	-4353.42	403.58	81973255	-112236687	-48651407	-318801.8	-220281.5	-87441.4
2033-01-23 23:55:01	6885.9	-486.95	588.09	81987317	-112228155	-48647709	-318453	-220685.9	-87565.8
2033-01-24 00:04:18	5920.17	3554.72	560.47	82001378	-112219623	-48644010	-318103.6	-221089.8	-87690.1
2033-01-24 00:13:35	2824.59	6317.51	330.67	82015438	-112211089	-48640310	-317753.5	-221493.2	-87814.1
2033-01-24 00:22:53	-1287.17	6807.45	-18.41	82029497	-112202553	-48636610	-317402.8	-221896.2	-87938
2033-01-24 00:32:10	-4935.85	4848.28	-360.85	82043555	-112194016	-48632909	-317051.4	-222298.8	-88061.8
2033-01-24 00:41:27	-6808.78	1144.83	-573.12	82057612	-112185477	-48629207	-316699.5	-222700.9	-88185.3
2033-01-24 00:50:44	-6232.16	-2970.5	-578.65	82071668	-112176937	-48625505	-316346.8	-223102.6	-88308.7
2033-01-24 01:00:01	-3413.45	-6017.14	-375.45	82085723	-112168396	-48621802	-315993.6	-223503.8	-88431.9
2033-01-24 01:09:18	633.3	-6899	-36.81	82099777	-112159853	-48618098	-315639.7	-223904.6	-88554.9
2033-01-24 01:18:36	4452.2	-5298.8	315.1	82113829	-112151309	-48614394	-315285.2	-224304.9	-88677.7
2033-01-24 01:27:53	6669.35	-1792.24	553.35	82127881	-112142763	-48610689	-314930	-224704.8	-88800.4
2033-01-24 01:37:10	6487.12	2359.12	592	82141932	-112134216	-48606984	-314574.2	-225104.2	-88922.8
2033-01-24 01:46:27	3971.06	5661.74	417.09	82155981	-112125667	-48603278	-314217.7	-225503.2	-89045.1
2033-01-24 01:55:44	26.36	6927.44	91.73	82170030	-112117117	-48599571	-313860.7	-225901.7	-89167.3
2033-01-24 02:05:02	-3927.81	5700.86	-266.72	82184077	-112108565	-48595864	-313503	-226299.8	-89289.2
2033-01-24 02:14:19	-6468.89	2423.27	-528.96	82198124	-112100012	-48592156	-313144.6	-226697.4	-89411
2033-01-24 02:23:36	-6682.7	-1726.15	-600.39	82212169	-112091458	-48588447	-312785.7	-227094.5	-89532.5
2033-01-24 02:32:53	-4492.33	-5254.55	-455.24	82226213	-112082902	-48584738	-312426	-227491.2	-89653.9
2033-01-24 02:42:10	-685.78	-6892.53	-145.88	82240257	-112074344	-48581028	-312065.8	-227887.5	-89775.2
2033-01-24 02:51:27	3367.48	-6050.78	216.1	82254299	-112065785	-48577317	-311704.9	-228283.2	-89896.2
2033-01-24 03:00:45	6209.23	-3032.14	500.13	82268340	-112057225	-48573606	-311343.5	-228678.6	-90017.1
2033-01-24 03:10:02	6817.13	1077.39	603.75	82282380	-112048663	-48569895	-310981.3	-229073.4	-90137.7
2033-01-24 03:19:19	4972.48	4799.31	489.58	82296419	-112040100	-48566182	-310618.6	-229467.8	-90258.2
2033-01-24 03:28:36	1338.91	6794.58	198.81	82310457	-112031536	-48562469	-310255.2	-229861.7	-90378.5
2033-01-24 03:37:53	-2776.34	6345.37	-163.68	82324494	-112022969	-48558756	-309891.2	-230255.2	-90498.7
2033-01-24 03:47:10	-5892.76	3613.28	-467.13	82338530	-112014402	-48555041	-309526.6	-230648.2	-90618.6
2033-01-24 03:56:28	-6889.17	-418.77	-602.07	82352565	-112005833	-48551326	-309161.3	-231040.7	-90738.4
2033-01-24 04:05:45	-5407.12	-4300.16	-519.83	82366599	-111997262	-48547611	-308795.4	-231432.8	-90858
2033-01-24 04:15:02	-1979.79	-6634.49	-250.08	82380631	-111988690	-48543895	-308428.9	-231824.4	-90977.4
2033-01-24 04:24:19	2159.79	-6581.93	109.89	82394663	-111980117	-48540178	-308061.8	-232215.5	-91096.6
2033-01-24 04:33:36	5522.35	-4161.38	430.21	82408694	-111971542	-48536461	-307694	-232606.2	-91215.6
2033-01-24 04:42:54	6898.17	-243.69	595.35	82422723	-111962966	-48532743	-307325.6	-232996.4	-91334.4
2033-01-24 04:52:11	5792.28	3761.69	545.73	82436752	-111954388	-48529024	-306956.6	-233386.1	-91453.1
2033-01-24 05:01:28	2602.54	6413.72	299.25	82450779	-111945809	-48525305	-306587	-233775.4	-91571.6
2033-01-24 05:10:45	-1523.49	6758.29	-55.17	82464806	-111937229	-48521585	-306216.7	-234164.2	-91689.9
2033-01-24 05:20:02	-5101.42	4671.43	-389.7	82478831	-111928646	-48517864	-305845.8	-234552.5	-91808
2033-01-24 05:29:19	-6844.04	903.92	-583.64	82492855	-111920063	-48514143	-305474.3	-234940.3	-91925.9
2033-01-24 05:38:37	-6124.42	-3188.8	-567.06	82506879	-111911478	-48510421	-305102.2	-235327.7	-92043.6
2033-01-24 05:47:54	-3201.47	-6134.29	-345.92	82520901	-111902892	-48506699	-304729.5	-235714.6	-92161.2
2033-01-24 05:57:11	873.25	-6872.85	0	82534922	-111894304	-48502976	-304356.1	-236101	-92278.6
2033-01-24 06:06:28	4633.8	-5138.75	345.92	82548942	-111885714	-48499252	-303982.2	-236486.9	-92395.7
2033-01-24 06:15:45	6727.27	-1555.89	567.06	82562961	-111877124	-48495528	-303607.6	-236872.3	-92512.7
2033-01-24 06:25:03	6400.52	2586.75	583.64	82576979	-111868531	-48491803	-303232.4	-237257.3	-92629.5
2033-01-24 06:34:20	3771.1	5798.75	389.7	82590996	-111859938	-48488077	-302856.6	-237641.8	-92746.1
2033-01-24 06:43:37	-215.02	6924.54	55.17	82605011	-111851343	-48484351	-302480.1	-238025.8	-92862.6
2033-01-24 06:52:54	-4123.78	5559.09	-299.25	82619026	-111842746	-48480624	-302103.1	-238409.3	-92978.8
2033-01-24 07:02:11	-6548.95	2193.63	-545.73	82633040	-111834148	-48476897	-301725.4	-238792.4	-93094.9
2033-01-24 07:11:28	-6618.04	-1961.03	-595.35	82647053	-111825549	-48473169	-301347.1	-239174.9	-93210.7
2033-01-24 07:20:46	-4306.21	-5410.18	-430.21	82661064	-111816948	-48469440	-300968.2	-239557	-93326.4
2033-01-24 07:30:03	-445.16	-6912.91	-109.89	82675075	-111808345	-48465711	-300588.7	-239938.6	-93441.9
2033-01-24 07:39:20	3576.03	-5928.58	250.08	82689084	-111799742	-48461981	-300208.6	-240319.7	-93557.2
2033-01-24 07:48:37	6310.69	-2811.32	519.83	82703093	-111791136	-48458250	-299827.9	-240700.3	-93672.3
2033-01-24 07:57:54	6775	1317.38	602.07	82717100	-111782530	-48454519	-299446.6	-241080.5	-93787.2
2033-01-24 08:07:12	4801.91	4972.12	467.13	82731106	-111773921	-48450787	-299064.6	-241460.1	-93901.9
2033-01-24 08:16:29	1101.28	6838.05	163.68	82745111	-111765312	-48447055	-298682.1	-241839.3	-94016.5
2033-01-24 08:25:46	-2995.55	6243.85	-198.81	82759116	-111756701	-48443322	-298298.9	-242217.9	-94130.8
2033-01-24 08:35:03	-6014.68	3403.3	-489.58	82773119	-111748088	-48439588	-297915.1	-242596.1	-94245
2033-01-24 08:44:20	-6869.95	-661.67	-603.75	82787121	-111739474	-48435854	-297530.7	-242973.8	-94358.9
2033-01-24 08:53:37	-5253.66	-4488.59	-500.13	82801122	-111730859	-48432119	-297145.7	-243350.9	-94472.7
2033-01-24 09:02:55	-1747.3	-6700.66	-216.1	82815122	-111722242	-48428383	-296760.1	-243727.6	-94586.3
2033-01-24 09:12:12	2387.67	-6502.03	145.88	82829121	-111713624	-48424647	-296373.9	-244103.8	-94699.6
2033-01-24 09:21:29	5663.64	-3964.16	455.24	82843118	-111705004	-48420910	-295987.1	-244479.5	-94812.8
2033-01-24 09:30:46	6902.04	-0.1	600.39	82857115	-111696383	-48417172	-295599.7	-244854.7	-94925.8
2033-01-24 09:40:03	5657.34	3964	528.96	82871111	-111687760	-48413434	-295211.7	-245229.4	-95038.7
2033-01-24 09:49:20	2377.34	6501.98	266.72	82885105	-111679136	-48409696	-294823.1	-245603.6	-95151.3
2033-01-24 09:58:38	-1757.94	6700.73	-91.73	82899099	-111670511	-48405956	-294433.9	-245977.3	-95263.7
2033-01-24 10:07:55	-5260.76	4488.76	-417.09	82913091	-111661884	-48402216	-294044.1	-246350.5	-95375.9
2033-01-24 10:17:12	-6870.96	661.86	-592	82927083	-111653255	-48398476	-293653.6	-246723.2	-95488
2033-01-24 10:26:29	-6009.23	-3403.16	-553.35	82941073	-111644625	-48394734	-293262.6	-247095.4	-95599.8
2033-01-24 10:35:46	-2985.61	-6243.83	-315.1	82955063	-111635994	-48390992	-292871	-247467.1	-95711.4
2033-01-24 10:45:04	1112.12	-6838.16	36.81	82969051	-111627361	-48387250	-292478.8	-247838.3	-95822.9
2033-01-24 10:54:21	4809.75	-4972.32	375.45	82983038	-111618727	-48383507	-292085.9	-248209	-95934.2
2033-01-24 11:03:38	6777	-1317.58	578.65	82997024	-111610092	-48379763	-291692.5	-248579.2	-96045.2
2033-01-24 11:12:55	6306.13	2811.19	573.12	83011009	-111601455	-48376019	-291298.5	-248948.9	-96156.1
2033-01-24 11:22:12	3566.56	5928.58	360.85	83024993	-111592816	-48372274	-290903.9	-249318.1	-96266.7
2033-01-24 11:31:29	-456.13	6913.04	18.41	83038976	-111584176	-48368528	-290508.7	-249686.7	-96377.2
2033-01-24 11:40:47	-4314.72	5410.4	-330.67	83052958	-111575535	-48364782	-290112.9	-250054.9	-96487.5
2033-01-24 11:50:04	-6621.02	1961.25	-560.47	83066939	-111566892	-48361035	-289716.5	-250422.5	-96597.6
2033-01-24 11:59:21	-6545.33	-2193.5	-588.09	83080918	-111558247	-48357287	-289319.5	-250789.7	-96707.5
2033-01-24 12:08:38	-4114.86	-5559.1	-403.58	83094897	-111549602	-48353539	-288921.9	-251156.3	-96817.1
2033-01-24 12:17:55	-204.03	-6924.71	-73.49	83108875	-111540954	-48349791	-288523.7	-251522.4	-96926.6
2033-01-24 12:27:13	3780.2	-5799.01	283.12	83122851	-111532306	-48346041	-288125	-251888	-97035.9
2033-01-24 12:36:30	6404.45	-2586.99	537.59	83136827	-111523656	-48342291	-287725.6	-252253.1	-97145
2033-01-24 12:45:47	6724.61	1555.75	598.15	83150801	-111515004	-48338540	-287325.7	-252617.6	-97253.9
2033-01-24 12:55:04	4625.51	5138.78	442.93	83164774	-111506351	-48334789	-286925.1	-252981.7	-97362.6
2033-01-24 13:04:21	862.32	6873.04	127.94	83178747	-111497697	-48331037	-286524	-253345.2	-97471.1
2033-01-24 13:13:38	-3211.1	6134.58	-233.2	83192718	-111489041	-48327285	-286122.3	-253708.2	-97579.4
2033-01-24 13:22:56	-6129.28	3189.08	-510.22	83206688	-111480383	-48323532	-285720	-254070.8	-97687.5
2033-01-24 13:32:13	-6842.36	-903.76	-603.19	83220657	-111471725	-48319778	-285317.1	-254432.7	-97795.4
2033-01-24 13:41:30	-5093.82	-4671.46	-478.58	83234625	-111463065	-48316023	-284913.6	-254794.2	-97903.1
2033-01-24 13:50:47	-1512.71	-6758.51	-181.33	83248592	-111454403	-48312268	-284509.5	-255155.1	-98010.6
2033-01-24 14:00:04	2612.61	-6414.04	181.33	83262558	-111445740	-48308513	-284104.9	-255515.6	-98117.9
2033-01-24 14:09:22	5798.01	-3761.99	478.58	83276523	-111437075	-48304757	-283699.6	-255875.5	-98225
2033-01-24 14:18:39	6897.49	243.51	603.19	83290487	-111428409	-48301000	-283293.8	-256234.8	-98331.9
2033-01-24 14:27:56	5515.51	4161.41	510.22	83304449	-111419742	-48297242	-282887.4	-256593.7	-98438.6
2033-01-24 14:37:13	2149.26	6582.16	233.2	83318411	-111411073	-48293484	-282480.4	-256952	-98545.1
2033-01-24 14:46:30	-1990.22	6634.85	-127.94	83332371	-111402403	-48289725	-282072.9	-257309.8	-98651.4
2033-01-24 14:55:47	-5413.69	4300.51	-442.93	83346331	-111393731	-48285966	-281664.7	-257667.1	-98757.5
2033-01-24 15:05:05	-6889.5	418.97	-598.15	83360289	-111385058	-48282206	-281256	-258023.8	-98863.4
2033-01-24 15:14:22	-5886.73	-3613.3	-537.59	83374247	-111376383	-48278445	-280846.7	-258380	-98969.1
2033-01-24 15:23:39	-2766.13	-6345.62	-283.12	83388203	-111367707	-48274684	-280436.8	-258735.7	-99074.6
2033-01-24 15:32:56	1349.62	-6794.98	73.49	83402158	-111359029	-48270922	-280026.3	-259090.9	-99179.9
2033-01-24 15:42:13	4979.82	-4799.7	403.58	83416112	-111350350	-48267159	-279615.3	-259445.5	-99284.9
2033-01-24 15:51:30	6818.46	-1077.63	588.09	83430065	-111341670	-48263396	-279203.7	-259799.6	-99389.8
2033-01-24 16:00:48	6204.07	3032.15	560.47	83444017	-111332988	-48259632	-278791.5	-260153.1	-99494.5
2033-01-24 16:10:05	3357.69	6051.05	330.67	83457968	-111324305	-48255868	-278378.7	-260506.2	-99598.9
2033-01-24 16:19:22	-696.67	6892.96	-18.41	83471918	-111315620	-48252103	-277965.3	-260858.7	-99703.2
2033-01-24 16:28:39	-4500.38	5254.99	-360.85	83485867	-111306934	-48248337	-277551.4	-261210.6	-99807.3
2033-01-24 16:37:56	-6685.02	1726.43	-573.12	83499814	-111298246	-48244571	-277136.9	-261562	-99911.1
2033-01-24 16:47:14	-6464.64	-2423.26	-578.65	83513761	-111289557	-48240804	-276721.9	-261912.9	-100014.8
2033-01-24 16:56:31	-3918.52	-5701.13	-375.45	83527707	-111280867	-48237037	-276306.2	-262263.3	-100118.2
2033-01-24 17:05:48	37.34	-6927.9	-36.81	83541651	-111272175	-48233269	-275890	-262613.1	-100221.5
2033-01-24 17:15:05	3979.76	-5662.22	315.1	83555595	-111263481	-48229500	-275473.2	-262962.3	-100324.5
2033-01-24 17:24:22	6490.41	-2359.44	553.35	83569537	-111254786	-48225730	-275055.9	-263311.1	-100427.3
2033-01-24 17:33:39	6666.04	1792.2	592	83583478	-111246090	-48221960	-274637.9	-263659.3	-100530
2033-01-24 17:42:57	4443.48	5299.06	417.09	83597418	-111237392	-48218190	-274219.5	-264006.9	-100632.4
2033-01-24 17:52:14	622.32	6899.48	91.73	83611358	-111228693	-48214418	-273800.4	-264354	-100734.6
2033-01-24 18:01:31	-3422.72	6017.67	-266.72	83625296	-111219993	-48210646	-273380.8	-264700.6	-100836.6
2033-01-24 18:10:48	-6236.4	2970.88	-528.96	83639233	-111211291	-48206874	-272960.6	-265046.6	-100938.4
2033-01-24 18:20:05	-6806.44	-1144.75	-600.39	83653169	-111202587	-48203101	-272539.8	-265392	-101040
2033-01-24 18:29:23	-4927.78	-4848.54	-455.24	83667103	-111193882	-48199327	-272118.5	-265737	-101141.3
2033-01-24 18:38:40	-1276.29	-6807.96	-145.88	83681037	-111185176	-48195553	-271696.6	-266081.3	-101242.5
2033-01-24 18:47:57	2834.37	-6318.09	216.1	83694970	-111176468	-48191778	-271274.2	-266425.2	-101343.5
2033-01-24 18:57:14	5925.31	-3555.15	500.13	83708902	-111167759	-48188002	-270851.2	-266768.5	-101444.2
2033-01-24 19:06:31	6884.55	486.83	603.75	83722832	-111159048	-48184226	-270427.6	-267111.2	-101544.8
2033-01-24 19:15:48	5366.98	4353.67	489.58	83736762	-111150336	-48180449	-270003.4	-267453.4	-101645.1
2033-01-24 19:25:06	1918.57	6654.18	198.81	83750690	-111141622	-48176671	-269578.8	-267795	-101745.2
2033-01-24 19:34:23	-2220.07	6560.72	-163.68	83764617	-111132907	-48172893	-269153.5	-268136.1	-101845.1
2033-01-24 19:43:40	-5560.01	4106.91	-467.13	83778544	-111124191	-48169114	-268727.7	-268476.6	-101944.9
2033-01-24 19:52:57	-6899.66	175.55	-602.07	83792469	-111115473	-48165335	-268301.3	-268816.6	-102044.4
2033-01-24 20:02:14	-5757.06	-3818.97	-519.83	83806393	-111106753	-48161555	-267874.4	-269156	-102143.6
2033-01-24 20:11:31	-2543.29	-6439.54	-250.08	83820316	-111098033	-48157774	-267446.9	-269494.8	-102242.7
2033-01-24 20:20:49	1585.46	-6743.35	109.89	83834238	-111089310	-48153993	-267018.8	-269833.1	-102341.6
2033-01-24 20:30:06	5143.82	-4621.1	430.21	83848159	-111080587	-48150211	-266590.2	-270170.9	-102440.2
2033-01-24 20:39:23	6851.62	-836.32	595.35	83862079	-111071862	-48146429	-266161.1	-270508.1	-102538.7
2033-01-24 20:48:40	6094.46	3249.35	545.73	83875997	-111063135	-48142646	-265731.4	-270844.7	-102636.9
2033-01-24 20:57:57	3144.74	6166.01	299.25	83889915	-111054407	-48138862	-265301.1	-271180.8	-102734.9
2033-01-24 21:07:15	-936.34	6864.31	-55.17	83903832	-111045678	-48135077	-264870.3	-271516.3	-102832.7
2033-01-24 21:16:32	-4680.56	5093.04	-389.7	83917747	-111036947	-48131292	-264438.9	-271851.2	-102930.3
2033-01-24 21:25:49	-6740.88	1489.44	-583.64	83931662	-111028215	-48127507	-264007	-272185.6	-103027.7
2033-01-24 21:35:06	-6376.08	-2650.02	-567.06	83945575	-111019481	-48123721	-263574.6	-272519.5	-103124.9
2033-01-24 21:44:23	-3717.41	-5836.08	-345.92	83959487	-111010746	-48119934	-263141.5	-272852.7	-103221.8
2033-01-24 21:53:40	278.66	-6922.49	0	83973399	-111002009	-48116146	-262708	-273185.4	-103318.6
2033-01-24 22:02:58	4174.47	-5518.4	345.92	83987309	-110993271	-48112358	-262273.9	-273517.5	-103415.1
2033-01-24 22:12:15	6568.45	-2128.95	567.06	84001218	-110984532	-48108569	-261839.2	-273849.1	-103511.4
2033-01-24 22:21:32	6599.35	2026.44	583.64	84015126	-110975791	-48104780	-261404	-274180.1	-103607.5
2033-01-24 22:30:49	4256.05	5452.77	389.7	84029033	-110967048	-48100990	-260968.2	-274510.5	-103703.4
2033-01-24 22:40:06	381.58	6917.36	55.17	84042938	-110958304	-48097199	-260531.9	-274840.4	-103799.1
2033-01-24 22:49:24	-3630.17	5893.29	-299.25	84056843	-110949559	-48093408	-260095.1	-275169.7	-103894.5
2033-01-24 22:58:41	-6335.92	2748.98	-545.73	84070747	-110940813	-48089616	-259657.7	-275498.4	-103989.8
2033-01-24 23:07:58	-6762.23	-1384.33	-595.35	84084649	-110932064	-48085824	-259219.8	-275826.6	-104084.8
2033-01-24 23:17:15	-4755.74	-5019.6	-430.21	84098551	-110923315	-48082031	-258781.3	-276154.2	-104179.6
2033-01-24 23:26:32	-1038.32	-6848.97	-109.89	84112451	-110914564	-48078237	-258342.3	-276481.2	-104274.2
2033-01-24 23:35:49	3052.66	-6214.28	250.08	84126351	-110905811	-48074443	-257902.7	-276807.6	-104368.6
2033-01-24 23:45:07	6045.4	-3343.88	519.83	84140249	-110897058	-48070648	-257462.6	-277133.5	-104462.8
2033-01-24 23:54:24	6863.22	729.55	602.07	84154146	-110888302	-48066852	-257022	-277458.8	-104556.7
2033-01-25 00:03:41	5211.92	4540.52	467.13	84168042	-110879545	-48063056	-256580.8	-277783.5	-104650.4
2033-01-25 00:12:58	1685.55	6717.94	163.68	84181937	-110870787	-48059259	-256139.1	-278107.6	-104744
2033-01-25 00:22:15	-2447.21	6478.44	-198.81	84195831	-110862028	-48055461	-255696.9	-278431.2	-104837.3
2033-01-25 00:31:33	-5699.55	3908.2	-489.58	84209724	-110853267	-48051663	-255254.1	-278754.1	-104930.3
2033-01-25 00:40:50	-6901.41	-68.11	-603.75	84223616	-110844504	-48047865	-254810.8	-279076.5	-105023.2
2033-01-25 00:50:07	-5620.39	-4019.91	-500.13	84237507	-110835740	-48044065	-254367	-279398.4	-105115.8
2033-01-25 00:59:24	-2317.36	-6525.46	-216.1	84251397	-110826975	-48040265	-253922.6	-279719.6	-105208.3
2033-01-25 01:08:41	1819.36	-6683.35	145.88	84265285	-110818208	-48036465	-253477.7	-280040.2	-105300.5
2033-01-25 01:17:58	5301.55	-4436.77	455.24	84279173	-110809440	-48032664	-253032.2	-280360.3	-105392.4
2033-01-25 01:27:16	6876.43	-593.96	600.39	84293059	-110800670	-48028862	-252586.2	-280679.8	-105484.2
2033-01-25 01:36:33	5977.43	3462.53	528.96	84306944	-110791899	-48025059	-252139.7	-280998.7	-105575.8
2033-01-25 01:45:50	2927.97	6273.31	266.72	84320829	-110783126	-48021256	-251692.7	-281317	-105667.1
2033-01-25 01:55:07	-1174.87	6827.14	-91.73	84334712	-110774352	-48017453	-251245.1	-281634.8	-105758.2
2033-01-25 02:04:24	-4855.03	4924.76	-417.09	84348594	-110765577	-48013648	-250797	-281951.9	-105849.1
2033-01-25 02:13:41	-6788.53	1250.6	-592	84362475	-110756800	-48009843	-250348.4	-282268.5	-105939.8
2033-01-25 02:22:59	-6279.76	-2873.49	-553.35	84376355	-110748022	-48006038	-249899.3	-282584.5	-106030.2
2033-01-25 02:32:16	-3511.77	-5963.79	-315.1	84390234	-110739242	-48002232	-249449.6	-282899.9	-106120.4
2033-01-25 02:41:33	519.62	-6908.49	36.81	84404111	-110730461	-47998425	-248999.4	-283214.7	-106210.4
2033-01-25 02:50:50	4364.08	-5367.72	375.45	84417988	-110721678	-47994617	-248548.7	-283528.9	-106300.2
2033-01-25 03:00:07	6638.5	-1895.81	578.65	84431864	-110712894	-47990809	-248097.4	-283842.5	-106389.8
2033-01-25 03:09:25	6524.63	2258.17	573.12	84445738	-110704109	-47987001	-247645.6	-284155.5	-106479.1
2033-01-25 03:18:42	4063.44	5599.72	360.85	84459611	-110695322	-47983191	-247193.4	-284467.9	-106568.3
2033-01-25 03:27:59	140.37	6926.65	18.41	84473484	-110686534	-47979382	-246740.5	-284779.8	-106657.2
2033-01-25 03:37:16	-3833.19	5761.59	-330.67	84487355	-110677744	-47975571	-246287.2	-285091	-106745.8
2033-01-25 03:46:33	-6427.72	2523.67	-560.47	84501225	-110668953	-47971760	-245833.4	-285401.7	-106834.3
2033-01-25 03:55:50	-6709.79	-1622.19	-588.09	84515094	-110660160	-47967948	-245379	-285711.7	-106922.5
2033-01-25 04:05:08	-4577.92	-5184.43	-403.58	84528962	-110651366	-47964136	-244924.1	-286021.2	-107010.5
2033-01-25 04:14:25	-799.09	-6881.47	-73.49	84542829	-110642570	-47960323	-244468.7	-286330	-107098.3
2033-01-25 04:23:42	3267.22	-6102.76	283.12	84556695	-110633773	-47956509	-244012.8	-286638.3	-107185.9
2033-01-25 04:32:59	6158.11	-3128.45	537.59	84570560	-110624975	-47952695	-243556.3	-286946	-107273.2
2033-01-25 04:42:16	6833.54	971.38	598.15	84584424	-110616175	-47948880	-243099.4	-287253	-107360.3
2033-01-25 04:51:34	5050.51	4721.73	442.93	84598286	-110607374	-47945064	-242641.9	-287559.5	-107447.2
2033-01-25 05:00:51	1450.49	6773.35	127.94	84612148	-110598571	-47941248	-242184	-287865.3	-107533.9
2033-01-25 05:10:08	-2671.36	6388.12	-233.2	84626008	-110589767	-47937432	-241725.5	-288170.6	-107620.3
2033-01-25 05:19:25	-5832.15	3704.63	-510.22	84639867	-110580962	-47933614	-241266.5	-288475.3	-107706.5
2033-01-25 05:28:42	-6894.75	-311.68	-603.19	84653726	-110572155	-47929796	-240807	-288779.3	-107792.5
2033-01-25 05:37:59	-5476.87	-4215.85	-478.58	84667583	-110563346	-47925978	-240346.9	-289082.7	-107878.3
2033-01-25 05:47:17	-2088.62	-6603.28	-181.33	84681439	-110554536	-47922158	-239886.4	-289385.6	-107963.8
2033-01-25 05:56:34	2051.05	-6615.05	181.33	84695294	-110545725	-47918339	-239425.4	-289687.8	-108049.1
2033-01-25 06:05:51	5452.82	-4246.92	478.58	84709148	-110536912	-47914518	-238963.8	-289989.4	-108134.2
2033-01-25 06:15:08	6892.87	-350.87	603.19	84723001	-110528098	-47910697	-238501.8	-290290.5	-108219.1
2033-01-25 06:24:25	5853.12	3671.41	510.22	84736852	-110519283	-47906875	-238039.2	-290590.9	-108303.7
2033-01-25 06:33:43	2707.63	6372.83	233.2	84750703	-110510466	-47903053	-237576.2	-290890.7	-108388.1
2033-01-25 06:43:00	-1411.96	6781.49	-127.94	84764552	-110501647	-47899230	-237112.6	-291189.9	-108472.3
2033-01-25 06:52:17	-5023.58	4750.37	-442.93	84778401	-110492827	-47895406	-236648.6	-291488.4	-108556.2
2033-01-25 07:01:34	-6827.9	1010.21	-598.15	84792248	-110484006	-47891582	-236184	-291786.4	-108639.9
2033-01-25 07:10:51	-6175.8	-3093.4	-537.59	84806095	-110475183	-47887757	-235718.9	-292083.8	-108723.4
2033-01-25 07:20:08	-3301.86	-6084.09	-283.12	84819940	-110466359	-47883932	-235253.4	-292380.5	-108806.7
2033-01-25 07:29:26	759.96	-6885.9	73.49	84833784	-110457533	-47880106	-234787.3	-292676.6	-108889.7
2033-01-25 07:38:43	4548.37	-5210.37	403.58	84847627	-110448706	-47876279	-234320.7	-292972.2	-108972.5
2033-01-25 07:48:00	6700.46	-1660.31	588.09	84861469	-110439878	-47872452	-233853.6	-293267.1	-109055.1
2033-01-25 07:57:17	6441.96	2487.09	560.47	84875310	-110431048	-47868624	-233386.1	-293561.3	-109137.5
2033-01-25 08:06:34	3865.88	5739.7	330.67	84889149	-110422217	-47864796	-232918	-293855	-109219.6
2033-01-25 08:15:51	-101	6927.34	-18.41	84902988	-110413384	-47860966	-232449.5	-294148	-109301.5
2033-01-25 08:25:09	-4031.54	5622.72	-360.85	84916826	-110404550	-47857137	-231980.4	-294440.5	-109383.2
2033-01-25 08:34:26	-6511.69	2295.22	-573.12	84930662	-110395714	-47853306	-231510.9	-294732.3	-109464.6
2033-01-25 08:43:43	-6649.17	-1858.04	-578.65	84944498	-110386877	-47849475	-231040.9	-295023.5	-109545.8
2033-01-25 08:53:00	-4394.52	-5342.83	-375.45	84958332	-110378038	-47845644	-230570.3	-295314	-109626.8
2033-01-25 09:02:17	-558.89	-6905.42	-36.81	84972165	-110369198	-47841811	-230099.3	-295604	-109707.5
2033-01-25 09:11:35	3477.81	-5983.65	315.1	84985997	-110360357	-47837979	-229627.8	-295893.3	-109788
2033-01-25 09:20:52	6263.33	-2909.14	553.35	84999828	-110351514	-47834145	-229155.8	-296182	-109868.3
2033-01-25 09:30:09	6795.53	1211.99	592	85013658	-110342670	-47830311	-228683.3	-296470.1	-109948.4
2033-01-25 09:39:26	4882.95	4897.08	417.09	85027487	-110333824	-47826476	-228210.3	-296757.5	-110028.2
2033-01-25 09:48:43	1213.66	6820.35	91.73	85041315	-110324977	-47822641	-227736.9	-297044.3	-110107.8
2033-01-25 09:58:00	-2892.26	6289.86	-266.72	85055142	-110316129	-47818805	-227262.9	-297330.5	-110187.1
2033-01-25 10:07:18	-5957.65	3496.46	-528.96	85068967	-110307279	-47814968	-226788.5	-297616.1	-110266.2
2033-01-25 10:16:35	-6879.7	-554.86	-600.39	85082792	-110298428	-47811131	-226313.6	-297901.1	-110345.1
2033-01-25 10:25:52	-5326.68	-4406.56	-455.24	85096615	-110289575	-47807293	-225838.2	-298185.4	-110423.8
2033-01-25 10:35:09	-1857.33	-6672.9	-145.88	85110437	-110280721	-47803455	-225362.3	-298469.1	-110502.2
2033-01-25 10:44:26	2280.23	-6538.53	216.1	85124259	-110271865	-47799616	-224885.9	-298752.1	-110580.4
2033-01-25 10:53:44	5597.45	-4051.79	500.13	85138079	-110263008	-47795776	-224409.1	-299034.5	-110658.4
2033-01-25 11:03:01	6900.91	-107.34	603.75	85151898	-110254149	-47791936	-223931.8	-299316.3	-110736.1
2033-01-25 11:12:18	5721.68	3875.73	489.58	85165716	-110245289	-47788095	-223454	-299597.5	-110813.6
2033-01-25 11:21:35	2484	6464.43	198.81	85179533	-110236428	-47784253	-222975.7	-299878	-110890.8
2033-01-25 11:30:52	-1647.34	6727.41	-163.68	85193348	-110227565	-47780411	-222496.9	-300157.9	-110967.8
2033-01-25 11:40:09	-5186.02	4570.07	-467.13	85207163	-110218701	-47776568	-222017.7	-300437.2	-111044.6
2033-01-25 11:49:27	-6858.97	768.56	-602.07	85220977	-110209835	-47772725	-221538	-300715.8	-111121.2
2033-01-25 11:58:44	-6064.31	-3309.46	-519.83	85234789	-110200968	-47768881	-221057.8	-300993.8	-111197.5
2033-01-25 12:08:01	-3087.93	-6196.83	-250.08	85248600	-110192100	-47765036	-220577.1	-301271.1	-111273.6
2033-01-25 12:17:18	999.37	-6854.76	109.89	85262411	-110183230	-47761191	-220096	-301547.8	-111349.4
2033-01-25 12:26:35	4727.13	-5046.55	430.21	85276220	-110174358	-47757345	-219614.4	-301823.9	-111425
2033-01-25 12:35:53	6754.25	-1422.75	595.35	85290028	-110165485	-47753499	-219132.3	-302099.3	-111500.4
2033-01-25 12:45:10	6351.44	2712.92	545.73	85303835	-110156611	-47749652	-218649.8	-302374.1	-111575.6
2033-01-25 12:54:27	3663.61	5872.56	299.25	85317641	-110147735	-47745804	-218166.8	-302648.3	-111650.5
2033-01-25 13:03:44	-342.25	6919.42	-55.17	85331446	-110138858	-47741955	-217683.3	-302921.8	-111725.1
2033-01-25 13:13:01	-4224.98	5476.88	-389.7	85345250	-110129980	-47738106	-217199.3	-303194.6	-111799.6
2033-01-25 13:22:18	-6587.73	2063.92	-583.64	85359052	-110121100	-47734257	-216714.9	-303466.9	-111873.8
2033-01-25 13:31:36	-6580.45	-2091.57	-567.06	85372854	-110112218	-47730407	-216230	-303738.4	-111947.7
2033-01-25 13:40:53	-4205.77	-5494.58	-345.92	85386654	-110103336	-47726556	-215744.7	-304009.4	-112021.4
2033-01-25 13:50:10	-318	-6920.8	0	85400454	-110094451	-47722704	-215258.9	-304279.7	-112094.9
2033-01-25 13:59:27	3684.17	-5857.12	345.92	85414252	-110085566	-47718852	-214772.6	-304549.3	-112168.2
2033-01-25 14:08:44	6360.92	-2686.22	567.06	85428049	-110076679	-47715000	-214285.9	-304818.3	-112241.2
2033-01-25 14:18:01	6749.24	1451.1	583.64	85441845	-110067790	-47711146	-213798.7	-305086.7	-112313.9
2033-01-25 14:27:19	4709.44	5066.35	389.7	85455640	-110058900	-47707292	-213311	-305354.4	-112386.5
2033-01-25 14:36:36	975.35	6858.88	55.17	85469434	-110050009	-47703438	-212822.9	-305621.4	-112458.7
2033-01-25 14:45:53	-3109.64	6183.78	-299.25	85483227	-110041116	-47699583	-212334.3	-305887.8	-112530.8
2033-01-25 14:55:10	-6075.89	3283.95	-545.73	85497018	-110032222	-47695727	-211845.3	-306153.6	-112602.6
2033-01-25 15:04:27	-6856.26	-797.35	-595.35	85510809	-110023326	-47691871	-211355.8	-306418.7	-112674.2
2033-01-25 15:13:45	-5170.01	-4591.79	-430.21	85524598	-110014429	-47688014	-210865.8	-306683.1	-112745.5
2033-01-25 15:23:02	-1623.77	-6734.23	-109.89	85538387	-110005530	-47684156	-210375.4	-306946.9	-112816.6
2033-01-25 15:32:19	2506.64	-6453.9	250.08	85552174	-109996631	-47680298	-209884.6	-307210	-112887.5
2033-01-25 15:41:36	5735.26	-3851.64	519.83	85565960	-109987729	-47676439	-209393.3	-307472.5	-112958.1
2033-01-25 15:50:53	6900.54	136.32	602.07	85579745	-109978826	-47672579	-208901.5	-307734.4	-113028.5
2033-01-25 16:00:10	5583.26	4075.23	467.13	85593529	-109969922	-47668719	-208409.3	-307995.5	-113098.6
2033-01-25 16:09:28	2257.33	6547.99	163.68	85607312	-109961017	-47664859	-207916.6	-308256.1	-113168.5
2033-01-25 16:18:45	-1880.71	6664.98	-198.81	85621094	-109952109	-47660997	-207423.5	-308515.9	-113238.1
2033-01-25 16:28:02	-5342.14	4384.1	-489.58	85634875	-109943201	-47657135	-206930	-308775.1	-113307.5
2033-01-25 16:37:19	-6881.67	525.96	-603.75	85648654	-109934291	-47653273	-206435.9	-309033.7	-113376.7
2033-01-25 16:46:36	-5945.43	-3521.41	-500.13	85662433	-109925380	-47649410	-205941.5	-309291.6	-113445.6
2033-01-25 16:55:54	-2870.24	-6301.87	-216.1	85676210	-109916467	-47645546	-205446.6	-309548.8	-113514.3
2033-01-25 17:05:11	1237.56	-6815.11	145.88	85689986	-109907553	-47641681	-204951.2	-309805.3	-113582.8
2033-01-25 17:14:28	4900.14	-4876.47	455.24	85703762	-109898637	-47637816	-204455.4	-310061.2	-113651
2033-01-25 17:23:45	6799.82	-1183.43	600.39	85717536	-109889720	-47633951	-203959.2	-310316.5	-113718.9
2033-01-25 17:33:02	6253.19	2935.38	528.96	85731309	-109880802	-47630084	-203462.5	-310571.1	-113786.6
2033-01-25 17:42:19	3456.88	5998.12	266.72	85745081	-109871882	-47626218	-202965.4	-310825	-113854.1
2033-01-25 17:51:37	-583.09	6902.91	-91.73	85758851	-109862960	-47622350	-202467.9	-311078.2	-113921.3
2033-01-25 18:00:54	-4413.29	5324.24	-417.09	85772621	-109854038	-47618482	-201969.9	-311330.8	-113988.3
2033-01-25 18:10:11	-6655.75	1830.07	-592	85786390	-109845113	-47614613	-201471.4	-311582.7	-114055.1
2033-01-25 18:19:28	-6503.72	-2322.51	-553.35	85800157	-109836188	-47610744	-200972.6	-311834	-114121.6
2033-01-25 18:28:45	-4011.89	-5639.51	-315.1	85813924	-109827261	-47606874	-200473.3	-312084.6	-114187.8
2033-01-25 18:38:03	-76.73	-6927.58	36.81	85827689	-109818332	-47603003	-199973.5	-312334.5	-114253.8
2033-01-25 18:47:20	3886.04	-5723.31	375.45	85841453	-109809402	-47599132	-199473.3	-312583.7	-114319.6
2033-01-25 18:56:37	6450.76	-2459.97	578.65	85855216	-109800471	-47595260	-198972.7	-312832.3	-114385.1
2033-01-25 19:05:54	6694.73	1688.4	573.12	85868978	-109791538	-47591388	-198471.7	-313080.2	-114450.4
2033-01-25 19:15:11	4530.18	5229.32	360.85	85882739	-109782604	-47587515	-197970.2	-313327.5	-114515.4
2033-01-25 19:24:28	735.84	6888.89	18.41	85896499	-109773669	-47583641	-197468.3	-313574	-114580.2
2033-01-25 19:33:46	-3323.24	6070.04	-330.67	85910257	-109764732	-47579767	-196966	-313819.9	-114644.8
2033-01-25 19:43:03	-6186.74	3067.37	-560.47	85924015	-109755793	-47575892	-196463.2	-314065.1	-114709.1
2033-01-25 19:52:20	-6824.48	-1038.85	-588.09	85937771	-109746853	-47572016	-195960	-314309.7	-114773.1
2033-01-25 20:01:37	-5007.02	-4771.31	-403.58	85951527	-109737912	-47568140	-195456.4	-314553.6	-114836.9
2033-01-25 20:10:54	-1388.22	-6787.19	-73.49	85965281	-109728970	-47564263	-194952.3	-314796.7	-114900.5
2033-01-25 20:20:11	2730.01	-6361.25	283.12	85979034	-109720025	-47560386	-194447.9	-315039.3	-114963.8
2033-01-25 20:29:29	5866.09	-3646.71	537.59	85992786	-109711080	-47556508	-193943	-315281.1	-115026.8
2033-01-25 20:38:46	6891.77	379.8	598.15	86006537	-109702133	-47552629	-193437.6	-315522.3	-115089.7
2033-01-25 20:48:03	5438.05	4269.66	442.93	86020287	-109693185	-47548750	-192931.9	-315762.8	-115152.2
2033-01-25 20:57:20	2027.91	6623.43	127.94	86034036	-109684235	-47544870	-192425.7	-316002.6	-115214.6
2033-01-25 21:06:37	-2111.8	6594.28	-233.2	86047784	-109675284	-47540990	-191919.1	-316241.7	-115276.6
2033-01-25 21:15:55	-5491.77	4192.7	-510.22	86061530	-109666331	-47537109	-191412.1	-316480.2	-115338.5
2033-01-25 21:25:12	-6896	282.72	-603.19	86075275	-109657377	-47533227	-190904.7	-316717.9	-115400
2033-01-25 21:34:29	-5819.3	-3728.97	-478.58	86089020	-109648421	-47529345	-190396.9	-316955	-115461.4
2033-01-25 21:43:46	-2649.03	-6399.09	-181.33	86102763	-109639464	-47525462	-189888.6	-317191.4	-115522.5
2033-01-25 21:53:03	1474.26	-6767	181.33	86116505	-109630506	-47521578	-189380	-317427.1	-115583.3
2033-01-25 22:02:20	5067.18	-4700.34	478.58	86130246	-109621546	-47517694	-188870.9	-317662.2	-115643.9
2033-01-25 22:11:38	6837.12	-942.65	603.19	86143986	-109612585	-47513810	-188361.4	-317896.5	-115704.2
2033-01-25 22:20:55	6147.31	3154.18	510.22	86157725	-109603623	-47509924	-187851.5	-318130.2	-115764.3
2033-01-25 22:30:12	3245.92	6116.22	233.2	86171463	-109594658	-47506038	-187341.1	-318363.2	-115824.2
2033-01-25 22:39:29	-823.23	6877.83	-127.94	86185199	-109585693	-47502152	-186830.4	-318595.5	-115883.7
2033-01-25 22:48:46	-4596.22	5164.99	-442.93	86198935	-109576726	-47498264	-186319.3	-318827.1	-115943.1
2033-01-25 22:58:04	-6715.66	1593.95	-598.15	86212669	-109567758	-47494376	-185807.7	-319058	-116002.2
2033-01-25 23:07:21	-6419.06	-2550.54	-537.59	86226402	-109558788	-47490488	-185295.8	-319288.2	-116061
2033-01-25 23:16:38	-3813.11	-5777.42	-283.12	86240134	-109549817	-47486599	-184783.4	-319517.8	-116119.6
2033-01-25 23:25:55	164.66	-6925.75	73.49	86253865	-109540844	-47482709	-184270.6	-319746.6	-116178
2033-01-25 23:35:12	4083.19	-5582.4	403.58	86267595	-109531871	-47478819	-183757.4	-319974.8	-116236
2033-01-25 23:44:29	6532.75	-2230.67	588.09	86281324	-109522895	-47474928	-183243.9	-320202.3	-116293.9
2033-01-25 23:53:47	6632.06	1923.58	560.47	86295052	-109513918	-47471036	-182729.9	-320429	-116351.5
2033-01-26 00:03:04	4345.4	5385.79	330.67	86308779	-109504940	-47467144	-182215.5	-320655.1	-116408.8
2033-01-26 00:12:21	495.42	6910.34	-18.41	86322504	-109495960	-47463252	-181700.7	-320880.5	-116465.9
2033-01-26 00:21:38	-3532.8	5948.76	-360.85	86336229	-109486979	-47459358	-181185.5	-321105.2	-116522.7
2033-01-26 00:30:55	-6290.05	2846.99	-573.12	86349952	-109477997	-47455464	-180670	-321329.2	-116579.3
2033-01-26 00:40:12	-6784.38	-1279.04	-578.65	86363674	-109469013	-47451570	-180154	-321552.5	-116635.6
2033-01-26 00:49:30	-4837.93	-4944.9	-375.45	86377395	-109460028	-47447674	-179637.6	-321775.2	-116691.7
2033-01-26 00:58:47	-1150.98	-6831.73	-36.81	86391115	-109451041	-47443779	-179120.8	-321997.1	-116747.5
2033-01-26 01:08:04	2950.07	-6260.7	315.1	86404834	-109442053	-47439882	-178603.7	-322218.3	-116803.1
2033-01-26 01:17:21	5989.79	-3437.26	553.35	86418552	-109433063	-47435985	-178086.1	-322438.8	-116858.4
2033-01-26 01:26:38	6874.61	622.79	592	86432268	-109424072	-47432087	-177568.1	-322658.6	-116913.5
2033-01-26 01:35:56	5286.19	4458.78	417.09	86445984	-109415080	-47428189	-177049.8	-322877.7	-116968.3
2033-01-26 01:45:13	1796	6690.63	91.73	86459698	-109406086	-47424290	-176531.1	-323096.2	-117022.9
2033-01-26 01:54:30	-2340.34	6515.39	-266.72	86473412	-109397091	-47420391	-176011.9	-323313.9	-117077.2
2033-01-26 02:03:47	-5634.71	3996.1	-528.96	86487124	-109388094	-47416490	-175492.4	-323530.9	-117131.2
2033-01-26 02:13:04	-6901.93	39.14	-600.39	86500835	-109379096	-47412590	-174972.5	-323747.2	-117185
2033-01-26 02:22:21	-5686.08	-3931.9	-455.24	86514545	-109370096	-47408688	-174452.2	-323962.8	-117238.6
2033-01-26 02:31:39	-2424.59	-6488.35	-145.88	86528254	-109361095	-47404786	-173931.6	-324177.8	-117291.9
2033-01-26 02:40:56	1709.18	-6710.48	216.1	86541962	-109352093	-47400884	-173410.5	-324392	-117344.9
2033-01-26 02:50:13	5228.06	-4518.38	500.13	86555668	-109343089	-47396981	-172889.1	-324605.5	-117397.7
2033-01-26 02:59:30	6866.08	-700.71	603.75	86569374	-109334084	-47393077	-172367.2	-324818.3	-117450.2
2033-01-26 03:08:47	6033.93	3369.05	489.58	86583078	-109325077	-47389172	-171845	-325030.3	-117502.5
2033-01-26 03:18:05	3031	6226.72	198.81	86596781	-109316069	-47385267	-171322.4	-325241.7	-117554.5
2033-01-26 03:27:22	-1062.39	6844.2	-163.68	86610484	-109307060	-47381362	-170799.5	-325452.4	-117606.3
2033-01-26 03:36:39	-4773.57	4999.34	-467.13	86624185	-109298049	-47377455	-170276.1	-325662.4	-117657.8
2033-01-26 03:45:56	-6767.4	1355.87	-602.07	86637885	-109289037	-47373548	-169752.4	-325871.6	-117709
2033-01-26 03:55:13	-6326.57	-2775.4	-519.83	86651584	-109280023	-47369641	-169228.3	-326080.2	-117760
2033-01-26 04:04:30	-3609.67	-5908.16	-250.08	86665281	-109271008	-47365733	-168703.8	-326288	-117810.8
2033-01-26 04:13:48	405.86	-6915.33	109.89	86678978	-109261991	-47361824	-168179	-326495.1	-117861.3
2033-01-26 04:23:05	4275.38	-5434.57	430.21	86692674	-109252973	-47357915	-167653.7	-326701.6	-117911.5
2033-01-26 04:32:22	6606.79	-1998.62	595.35	86706368	-109243954	-47354005	-167128.2	-326907.3	-117961.5
2033-01-26 04:41:39	6561.31	2156.37	545.73	86720061	-109234933	-47350094	-166602.2	-327112.3	-118011.2
2033-01-26 04:50:56	4155.32	5535.55	299.25	86733753	-109225911	-47346183	-166075.8	-327316.5	-118060.6
2033-01-26 05:00:14	254.39	6923.21	-55.17	86747444	-109216887	-47342271	-165549.1	-327520.1	-118109.8
2033-01-26 05:09:31	-3738.07	5820.1	-389.7	86761134	-109207862	-47338359	-165022.1	-327723	-118158.8
2033-01-26 05:18:48	-6385.71	2623.09	-583.64	86774823	-109198836	-47334446	-164494.6	-327925.1	-118207.5
2033-01-26 05:28:05	-6736.01	-1517.62	-567.06	86788511	-109189808	-47330532	-163966.8	-328126.5	-118255.9
2033-01-26 05:37:22	-4662.94	-5112.33	-345.92	86802198	-109180779	-47326618	-163438.6	-328327.2	-118304.1
2033-01-26 05:46:39	-912.31	-6867.77	0	86815883	-109171748	-47322703	-162910.1	-328527.2	-118352
2033-01-26 05:55:57	3166.55	-6152.39	345.92	86829568	-109162716	-47318787	-162381.2	-328726.5	-118399.6
2033-01-26 06:05:14	6106.2	-3223.57	567.06	86843251	-109153682	-47314871	-161852	-328925	-118447
2033-01-26 06:14:31	6849.07	865	583.64	86856933	-109144647	-47310954	-161322.3	-329122.8	-118494.1
2033-01-26 06:23:48	5127.89	4642.35	389.7	86870614	-109135611	-47307037	-160792.3	-329319.9	-118541
2033-01-26 06:33:05	1561.89	6749.52	55.17	86884294	-109126573	-47303119	-160262	-329516.3	-118587.6
2033-01-26 06:42:22	-2566.04	6428.41	-299.25	86897973	-109117534	-47299201	-159731.3	-329712	-118634
2033-01-26 06:51:40	-5770.8	3794.55	-545.73	86911650	-109108493	-47295281	-159200.3	-329906.9	-118680.1
2033-01-26 07:00:57	-6899.44	-204.47	-595.35	86925327	-109099451	-47291362	-158668.8	-330101.2	-118725.9
2033-01-26 07:10:14	-5545.92	-4129.92	-430.21	86939002	-109090408	-47287441	-158137.1	-330294.7	-118771.5
2033-01-26 07:19:31	-2197.18	-6569.54	-109.89	86952677	-109081363	-47283520	-157605	-330487.4	-118816.8
2033-01-26 07:28:48	1942.04	-6645.64	250.08	86966350	-109072316	-47279599	-157072.5	-330679.5	-118861.9
2033-01-26 07:38:06	5382.59	-4330.83	519.83	86980022	-109063269	-47275676	-156539.7	-330870.8	-118906.7
2033-01-26 07:47:23	6886.68	-457.92	602.07	86993693	-109054220	-47271754	-156006.5	-331061.4	-118951.2
2033-01-26 07:56:40	5913.2	3579.72	467.13	87007363	-109045169	-47267830	-155473	-331251.3	-118995.5
2033-01-26 08:05:57	2812.36	6329.49	163.68	87021032	-109036117	-47263906	-154939.1	-331440.4	-119039.5
2033-01-26 08:15:14	-1300.27	6802.08	-198.81	87034699	-109027064	-47259981	-154404.9	-331628.9	-119083.3
2033-01-26 08:24:31	-4945.11	4827.5	-489.58	87048366	-109018009	-47256056	-153870.3	-331816.5	-119126.8
2033-01-26 08:33:49	-6810.9	1116.12	-603.75	87062031	-109008953	-47252130	-153335.4	-332003.5	-119170
2033-01-26 08:43:06	-6226.37	-2996.79	-500.13	87075696	-108999895	-47248204	-152800.2	-332189.7	-119213
2033-01-26 08:52:23	-3401.82	-6031.54	-216.1	87089359	-108990836	-47244277	-152264.6	-332375.2	-119255.7
2033-01-26 09:01:40	646.59	-6896.32	145.88	87103021	-108981776	-47240349	-151728.6	-332560	-119298.2
2033-01-26 09:10:57	4462.38	-5280.01	455.24	87116682	-108972714	-47236420	-151192.3	-332744.1	-119340.3
2033-01-26 09:20:15	6672.78	-1764.11	600.39	87130342	-108963651	-47232491	-150655.7	-332927.4	-119382.3
2033-01-26 09:29:32	6482.56	2386.45	528.96	87144000	-108954586	-47228562	-150118.8	-333109.9	-119423.9
2033-01-26 09:38:49	3960.15	5678.44	266.72	87157658	-108945520	-47224632	-149581.5	-333291.8	-119465.3
2033-01-26 09:48:06	13.02	6927.48	-91.73	87171314	-108936452	-47220701	-149043.8	-333472.9	-119506.5
2033-01-26 09:57:23	-3938.81	5684.22	-417.09	87184970	-108927383	-47216769	-148505.9	-333653.3	-119547.3
2033-01-26 10:06:40	-6473.6	2395.96	-592	87198624	-108918313	-47212837	-147967.6	-333832.9	-119588
2033-01-26 10:15:58	-6679.43	-1754.3	-553.35	87212277	-108909241	-47208905	-147428.9	-334011.8	-119628.3
2033-01-26 10:25:15	-4482.25	-5273.4	-315.1	87225929	-108900168	-47204972	-146890	-334190	-119668.4
2033-01-26 10:34:32	-672.51	-6895.28	36.81	87239580	-108891094	-47201038	-146350.7	-334367.4	-119708.2
2033-01-26 10:43:49	3379.18	-6036.45	375.45	87253229	-108882018	-47197103	-145811.1	-334544.1	-119747.8
2033-01-26 10:53:06	6215.17	-3005.88	578.65	87266878	-108872940	-47193168	-145271.1	-334720.1	-119787.1
2033-01-26 11:02:24	6815.18	1106.1	573.12	87280525	-108863861	-47189232	-144730.8	-334895.3	-119826.1
2033-01-26 11:11:41	4963.33	4820.14	360.85	87294172	-108854781	-47185296	-144190.2	-335069.8	-119864.9
2033-01-26 11:20:58	1325.85	6800.03	18.41	87307817	-108845700	-47181359	-143649.3	-335243.5	-119903.4
2033-01-26 11:30:15	-2788.63	6333.46	-330.67	87321461	-108836617	-47177422	-143108	-335416.5	-119941.6
2033-01-26 11:39:32	-5899.87	3588.31	-560.47	87335104	-108827532	-47173483	-142566.4	-335588.8	-119979.6
2033-01-26 11:48:49	-6888.56	-447.8	-588.09	87348746	-108818446	-47169545	-142024.5	-335760.3	-120017.3
2033-01-26 11:58:07	-5398.99	-4322.8	-403.58	87362387	-108809359	-47165605	-141482.3	-335931.1	-120054.8
2033-01-26 12:07:24	-1967.06	-6642.58	-73.49	87376026	-108800270	-47161665	-140939.8	-336101.1	-120091.9
2033-01-26 12:16:41	2172.55	-6572.55	283.12	87389665	-108791180	-47157725	-140396.9	-336270.4	-120128.9
2033-01-26 12:25:58	5530.57	-4137.92	537.59	87403302	-108782089	-47153784	-139853.7	-336438.9	-120165.5
2033-01-26 12:35:15	6898.89	-214.59	598.15	87416939	-108772996	-47149842	-139310.2	-336606.7	-120201.9
2033-01-26 12:44:32	5785.25	3785.93	442.93	87430574	-108763901	-47145899	-138766.4	-336773.8	-120238
2033-01-26 12:53:50	2590.28	6424.38	127.94	87444208	-108754806	-47141956	-138222.3	-336940.1	-120273.9
2033-01-26 13:03:07	-1536.58	6751.53	-233.2	87457841	-108745708	-47138013	-137677.8	-337105.7	-120309.4
2033-01-26 13:12:24	-5110.65	4649.68	-510.22	87471472	-108736610	-47134068	-137133.1	-337270.5	-120344.8
2033-01-26 13:21:41	-6846.1	875.02	-603.19	87485103	-108727510	-47130124	-136588	-337434.5	-120379.8
2033-01-26 13:30:58	-6118.57	-3214.44	-478.58	87498733	-108718408	-47126178	-136042.6	-337597.9	-120414.6
2033-01-26 13:40:16	-3189.8	-6147.43	-181.33	87512361	-108709306	-47122232	-135496.9	-337760.4	-120449.1
2033-01-26 13:49:33	886.55	-6868.75	181.33	87525988	-108700201	-47118285	-134951	-337922.3	-120483.4
2033-01-26 13:58:50	4643.96	-5118.9	478.58	87539614	-108691096	-47114338	-134404.7	-338083.3	-120517.4
2033-01-26 14:08:07	6730.65	-1527.43	603.19	87553239	-108681989	-47110390	-133858.1	-338243.6	-120551.1
2033-01-26 14:17:24	6395.9	2613.55	510.22	87566863	-108672880	-47106441	-133311.1	-338403.2	-120584.6
2033-01-26 14:26:41	3760.14	5814.25	233.2	87580486	-108663770	-47102492	-132763.9	-338562	-120617.7
2033-01-26 14:35:59	-228.39	6923.15	-127.94	87594108	-108654659	-47098543	-132216.4	-338720.1	-120650.7
2033-01-26 14:45:16	-4134.77	5541.31	-442.93	87607728	-108645547	-47094592	-131668.6	-338877.4	-120683.3
2033-01-26 14:54:33	-6553.61	2165.87	-598.15	87621348	-108636432	-47090641	-131120.5	-339034	-120715.7
2033-01-26 15:03:50	-6614.71	-1988.77	-537.59	87634966	-108627317	-47086690	-130572.1	-339189.8	-120747.8
2033-01-26 15:13:07	-4296.07	-5427.91	-283.12	87648583	-108618200	-47082737	-130023.4	-339344.8	-120779.7
2033-01-26 15:22:25	-431.86	-6914.24	73.49	87662199	-108609082	-47078785	-129474.3	-339499.1	-120811.2
2033-01-26 15:31:42	3587.73	-5913.03	403.58	87675814	-108599962	-47074831	-128925	-339652.7	-120842.5
2033-01-26 15:40:59	6316.59	-2784.49	588.09	87689428	-108590841	-47070877	-128375.4	-339805.5	-120873.6
2033-01-26 15:50:16	6772.98	1345.81	560.47	87703040	-108581718	-47066923	-127825.5	-339957.5	-120904.4
2033-01-26 15:59:33	4792.69	4991.92	330.67	87716652	-108572594	-47062967	-127275.4	-340108.8	-120934.9
2033-01-26 16:08:50	1088.17	6842.08	-18.41	87730262	-108563469	-47059011	-126724.9	-340259.3	-120965.1
2033-01-26 16:18:08	-3007.85	6230.67	-360.85	87743872	-108554342	-47055055	-126174.1	-340409	-120995.1
2033-01-26 16:27:25	-6021.76	3377.64	-573.12	87757480	-108545214	-47051098	-125623.1	-340558	-121024.8
2033-01-26 16:36:42	-6869.27	-690.55	-578.65	87771087	-108536084	-47047140	-125071.7	-340706.3	-121054.2
2033-01-26 16:45:59	-5245.46	-4510.29	-375.45	87784693	-108526953	-47043182	-124520.1	-340853.8	-121083.3
2033-01-26 16:55:16	-1734.52	-6707.36	-36.81	87798297	-108517821	-47039223	-123968.2	-341000.5	-121112.2
2033-01-26 17:04:34	2400.44	-6491.31	315.1	87811901	-108508687	-47035264	-123416	-341146.4	-121140.9
2033-01-26 17:13:51	5671.83	-3939.89	553.35	87825503	-108499552	-47031303	-122863.5	-341291.6	-121169.2
2033-01-26 17:23:08	6902.7	28.98	592	87839105	-108490415	-47027343	-122310.8	-341436	-121197.3
2033-01-26 17:32:25	5650.24	3987.41	417.09	87852705	-108481277	-47023381	-121757.7	-341579.7	-121225.1
2033-01-26 17:41:42	2365.02	6511.29	91.73	87866304	-108472138	-47019419	-121204.4	-341722.6	-121252.6
2033-01-26 17:50:59	-1771.06	6692.59	-266.72	87879902	-108462997	-47015457	-120650.8	-341864.8	-121279.9
2033-01-26 18:00:17	-5269.98	4466.1	-528.96	87893499	-108453855	-47011494	-120096.9	-342006.1	-121306.9
2033-01-26 18:09:34	-6872.96	632.85	-600.39	87907095	-108444711	-47007530	-119542.8	-342146.7	-121333.6
2033-01-26 18:18:51	-6003.3	-3428.07	-455.24	87920689	-108435566	-47003565	-118988.3	-342286.6	-121360.1
2033-01-26 18:28:08	-2973.87	-6255.67	-145.88	87934283	-108426420	-46999600	-118433.6	-342425.7	-121386.3
2033-01-26 18:37:25	1125.46	-6832.66	216.1	87947875	-108417272	-46995635	-117878.7	-342564	-121412.2
2033-01-26 18:46:42	4819.9	-4951.46	500.13	87961466	-108408122	-46991669	-117323.4	-342701.5	-121437.8
2033-01-26 18:56:00	6780.33	-1288.89	603.75	87975056	-108398972	-46987702	-116767.9	-342838.3	-121463.2
2033-01-26 19:05:17	6301.44	2837.38	489.58	87988645	-108389820	-46983734	-116212.1	-342974.3	-121488.3
2033-01-26 19:14:34	3555.52	5942.84	198.81	88002233	-108380666	-46979766	-115656.1	-343109.6	-121513.1
2033-01-26 19:23:51	-469.55	6910.23	-163.68	88015820	-108371511	-46975798	-115099.7	-343244	-121537.7
2033-01-26 19:33:08	-4325.71	5391.53	-467.13	88029405	-108362355	-46971828	-114543.2	-343377.7	-121561.9
2033-01-26 19:42:26	-6625.64	1933.12	-602.07	88042989	-108353197	-46967859	-113986.3	-343510.7	-121585.9
2033-01-26 19:51:43	-6541.91	-2220.75	-519.83	88056573	-108344038	-46963888	-113429.2	-343642.8	-121609.7
2033-01-26 20:01:00	-4104.64	-5575.66	-250.08	88070155	-108334877	-46959917	-112871.8	-343774.2	-121633.1
2033-01-26 20:10:17	-190.66	-6924.6	109.89	88083736	-108325715	-46955945	-112314.2	-343904.8	-121656.3
2033-01-26 20:19:34	3791.93	-5782.28	430.21	88097316	-108316552	-46951973	-111756.3	-344034.7	-121679.3
2033-01-26 20:28:51	6410.32	-2559.67	595.35	88110894	-108307387	-46948000	-111198.1	-344163.8	-121701.9
2033-01-26 20:38:09	6722.52	1583.82	545.73	88124472	-108298221	-46944027	-110639.7	-344292	-121724.3
2033-01-26 20:47:26	4616.2	5157.49	299.25	88138049	-108289054	-46940052	-110081.1	-344419.6	-121746.4
2033-01-26 20:56:43	849.13	6875.65	-55.17	88151624	-108279885	-46936078	-109522.1	-344546.3	-121768.2
2033-01-26 21:06:00	-3223.43	6120.15	-389.7	88165198	-108270714	-46932102	-108963	-344672.3	-121789.8
2033-01-26 21:15:17	-6136.33	3162.81	-583.64	88178771	-108261542	-46928126	-108403.5	-344797.5	-121811
2033-01-26 21:24:35	-6841.61	-932.41	-567.06	88192343	-108252369	-46924150	-107843.9	-344921.9	-121832
2033-01-26 21:33:52	-5085.52	-4692.16	-345.92	88205914	-108243195	-46920173	-107283.9	-345045.6	-121852.8
2033-01-26 21:43:09	-1499.84	-6763.8	0	88219484	-108234019	-46916195	-106723.8	-345168.4	-121873.2
2033-01-26 21:52:26	2625.44	-6402.03	345.92	88233052	-108224841	-46912216	-106163.3	-345290.5	-121893.4
2033-01-26 22:01:43	5806.19	-3737	567.06	88246620	-108215662	-46908237	-105602.7	-345411.8	-121913.3
2033-01-26 22:11:00	6898.09	272.48	583.64	88260186	-108206482	-46904258	-105041.7	-345532.4	-121933
2033-01-26 22:20:18	5508.31	4183.92	389.7	88273751	-108197301	-46900278	-104480.6	-345652.1	-121952.3
2033-01-26 22:29:35	2136.84	6590.1	55.17	88287315	-108188118	-46896297	-103919.2	-345771.1	-121971.4
2033-01-26 22:38:52	-2003.4	6625.36	-299.25	88300878	-108178933	-46892315	-103357.5	-345889.3	-121990.2
2033-01-26 22:48:09	-5422.91	4277.01	-545.73	88314440	-108169747	-46888333	-102795.6	-346006.7	-122008.8
2033-01-26 22:57:26	-6891.45	389.93	-595.35	88328000	-108160560	-46884351	-102233.5	-346123.3	-122027
2033-01-26 23:06:43	-5880.7	-3637.42	-430.21	88341560	-108151371	-46880367	-101671.1	-346239.2	-122045
2033-01-26 23:16:01	-2754.29	-6356.13	-109.89	88355118	-108142181	-46876384	-101108.5	-346354.3	-122062.7
2033-01-26 23:25:18	1363.03	-6788.09	250.08	88368675	-108132990	-46872399	-100545.7	-346468.5	-122080.2
2033-01-26 23:34:35	4989.99	-4777.9	519.83	88382231	-108123797	-46868414	-99982.6	-346582	-122097.3
2033-01-26 23:43:52	6821.74	-1048.77	602.07	88395786	-108114603	-46864428	-99419.3	-346694.8	-122114.2
2033-01-26 23:53:09	6199.28	3057.66	467.13	88409340	-108105407	-46860442	-98855.8	-346806.7	-122130.8
2033-01-27 00:02:27	3346.54	6064.03	163.68	88422893	-108096210	-46856455	-98292	-346917.8	-122147.1
2033-01-27 00:11:44	-710.18	6888.74	-198.81	88436444	-108087012	-46852468	-97728	-347028.2	-122163.2
2033-01-27 00:21:01	-4511.41	5235.08	-489.58	88449994	-108077812	-46848479	-97163.8	-347137.8	-122179
2033-01-27 00:30:18	-6689.6	1698.01	-603.75	88463544	-108068610	-46844491	-96599.3	-347246.6	-122194.5
2033-01-27 00:39:35	-6461.13	-2449.94	-500.13	88477092	-108059408	-46840501	-96034.6	-347354.6	-122209.7
2033-01-27 00:48:52	-3908.17	-5716.47	-216.1	88490639	-108050204	-46836512	-95469.7	-347461.8	-122224.7
2033-01-27 00:58:10	50.81	-6926.38	145.88	88504184	-108040998	-46832521	-94904.6	-347568.2	-122239.3
2033-01-27 01:07:27	3991.53	-5644.38	455.24	88517729	-108031791	-46828530	-94339.2	-347673.9	-122253.7
2033-01-27 01:16:44	6496.25	-2331.71	600.39	88531273	-108022583	-46824538	-93773.7	-347778.7	-122267.9
2033-01-27 01:26:01	6663.86	1819.83	528.96	88544815	-108013373	-46820546	-93207.9	-347882.8	-122281.7
2033-01-27 01:35:18	4434.05	5316.64	266.72	88558356	-108004162	-46816553	-92641.8	-347986.1	-122295.3
2033-01-27 01:44:36	609.03	6900.67	-91.73	88571896	-107994950	-46812559	-92075.6	-348088.6	-122308.6
2033-01-27 01:53:53	-3435.12	6002.05	-417.09	88585435	-107985736	-46808565	-91509.2	-348190.3	-122321.6
2033-01-27 02:03:10	-6243.44	2944.07	-592	88598973	-107976521	-46804570	-90942.5	-348291.2	-122334.3
2033-01-27 02:12:27	-6805.6	-1173.08	-553.35	88612510	-107967304	-46800575	-90375.6	-348391.3	-122346.8
2033-01-27 02:21:44	-4919.36	-4868.18	-315.1	88626046	-107958086	-46796579	-89808.5	-348490.6	-122359
2033-01-27 02:31:01	-1263.3	-6811.85	36.81	88639580	-107948866	-46792582	-89241.2	-348589.1	-122370.9
2033-01-27 02:40:19	2847.26	-6304.82	375.45	88653113	-107939645	-46788585	-88673.7	-348686.9	-122382.5
2033-01-27 02:49:36	5933.49	-3529.5	578.65	88666645	-107930423	-46784587	-88106	-348783.8	-122393.9
2033-01-27 02:58:53	6885.07	515.61	573.12	88680176	-107921199	-46780589	-87538	-348880	-122404.9
2033-01-27 03:08:10	5359.66	4375.21	360.85	88693706	-107911974	-46776590	-86969.9	-348975.3	-122415.7
2033-01-27 03:17:27	1906.02	6660.73	18.41	88707235	-107902748	-46772590	-86401.6	-349069.9	-122426.2
2033-01-27 03:26:45	-2233.34	6549.92	-330.67	88720763	-107893520	-46768590	-85833	-349163.7	-122436.5
2033-01-27 03:36:02	-5569.24	4082.64	-560.47	88734289	-107884291	-46764589	-85264.3	-349256.6	-122446.4
2033-01-27 03:45:19	-6901.54	146.57	-588.09	88747814	-107875060	-46760587	-84695.3	-349348.8	-122456.1
2033-01-27 03:54:36	-5750.91	-3842.23	-403.58	88761339	-107865828	-46756585	-84126.2	-349440.2	-122465.5
2033-01-27 04:03:53	-2531.31	-6448.69	-73.49	88774862	-107856594	-46752583	-83556.8	-349530.8	-122474.6
2033-01-27 04:13:10	1598.98	-6735.11	283.12	88788383	-107847359	-46748579	-82987.2	-349620.5	-122483.5
2033-01-27 04:22:28	5154.02	-4598.44	537.59	88801904	-107838123	-46744576	-82417.5	-349709.5	-122492.1
2033-01-27 04:31:45	6854.85	-807.4	598.15	88815424	-107828885	-46740571	-81847.6	-349797.7	-122500.3
2033-01-27 04:41:02	6089.55	3274.11	442.93	88828942	-107819646	-46736566	-81277.4	-349885.1	-122508.3
2033-01-27 04:50:19	3133.44	6177.68	127.94	88842459	-107810406	-46732560	-80707.1	-349971.7	-122516.1
2033-01-27 04:59:36	-949.97	6858.7	-233.2	88855976	-107801164	-46728554	-80136.6	-350057.5	-122523.5
2033-01-27 05:08:53	-4691.63	5072.17	-510.22	88869491	-107791921	-46724547	-79565.9	-350142.5	-122530.7
2033-01-27 05:18:11	-6745.42	1460.83	-603.19	88883005	-107782676	-46720540	-78995	-350226.7	-122537.6
2033-01-27 05:27:28	-6372.46	-2676.06	-478.58	88896517	-107773430	-46716531	-78423.9	-350310.1	-122544.2
2033-01-27 05:36:45	-3706.91	-5850.17	-181.33	88910029	-107764182	-46712523	-77852.6	-350392.7	-122550.5
2033-01-27 05:46:02	292.26	-6919.56	181.33	88923539	-107754933	-46708513	-77281.1	-350474.4	-122556.6
2033-01-27 05:55:19	4186.3	-5499.5	478.58	88937049	-107745683	-46704503	-76709.5	-350555.4	-122562.3
2033-01-27 06:04:37	6574.27	-2100.89	603.19	88950557	-107736432	-46700493	-76137.6	-350635.6	-122567.8
2033-01-27 06:13:54	6597.06	2053.54	510.22	88964064	-107727178	-46696482	-75565.6	-350715	-122573
2033-01-27 06:23:11	4246.47	5469.16	233.2	88977570	-107717924	-46692470	-74993.4	-350793.6	-122578
2033-01-27 06:32:28	368.14	6917.13	-127.94	88991074	-107708668	-46688458	-74421.1	-350871.3	-122582.6
2033-01-27 06:41:45	-3642.65	5876.52	-442.93	89004578	-107699411	-46684445	-73848.5	-350948.3	-122587
2033-01-27 06:51:02	-6342.95	2721.73	-598.15	89018080	-107690152	-46680431	-73275.8	-351024.5	-122591.1
2033-01-27 07:00:20	-6761.29	-1412.25	-537.59	89031582	-107680892	-46676417	-72702.9	-351099.8	-122594.9
2033-01-27 07:09:37	-4747.17	-5038.13	-283.12	89045082	-107671631	-46672402	-72129.8	-351174.4	-122598.4
2033-01-27 07:18:54	-1025.18	-6851.44	73.49	89058581	-107662368	-46668387	-71556.6	-351248.1	-122601.7
2033-01-27 07:28:11	3065.65	-6199.8	403.58	89072079	-107653103	-46664371	-70983.1	-351321.1	-122604.6
2033-01-27 07:37:28	6053.58	-3317.66	588.09	89085575	-107643838	-46660354	-70409.5	-351393.2	-122607.3
2033-01-27 07:46:46	6863.66	758.06	560.47	89099071	-107634571	-46656337	-69835.8	-351464.5	-122609.7
2033-01-27 07:56:03	5204.44	4561.04	330.67	89112565	-107625302	-46652319	-69261.8	-351535	-122611.8
2033-01-27 08:05:20	1672.84	6723.08	-18.41	89126059	-107616032	-46648301	-68687.8	-351604.7	-122613.7
2033-01-27 08:14:37	-2460.6	6466.36	-360.85	89139551	-107606761	-46644282	-68113.5	-351673.6	-122615.2
2033-01-27 08:23:54	-5708.81	3883.24	-573.12	89153042	-107597488	-46640262	-67539.1	-351741.7	-122616.5
2033-01-27 08:33:11	-6903.21	-96.94	-578.65	89166532	-107588214	-46636242	-66964.5	-351809	-122617.5
2033-01-27 08:42:29	-5614.09	-4042.23	-375.45	89180020	-107578939	-46632221	-66389.7	-351875.5	-122618.2
2033-01-27 08:51:46	-2305.21	-6533.24	-36.81	89193508	-107569662	-46628200	-65814.8	-351941.2	-122618.7
2033-01-27 09:01:03	1833.01	-6673.78	315.1	89206994	-107560384	-46624177	-65239.7	-352006	-122618.8
2033-01-27 09:10:20	5311.79	-4413.3	553.35	89220479	-107551104	-46620155	-64664.5	-352070.1	-122618.7
2033-01-27 09:19:37	6879.59	-565.06	592	89233963	-107541823	-46616132	-64089.1	-352133.3	-122618.3
2033-01-27 09:28:55	5972.37	3486.46	417.09	89247446	-107532541	-46612108	-63513.6	-352195.7	-122617.6
2033-01-27 09:38:12	2916.49	6283.65	91.73	89260928	-107523257	-46608083	-62937.9	-352257.3	-122616.6
2033-01-27 09:47:29	-1188.64	6820.16	-266.72	89274409	-107513972	-46604058	-62362.1	-352318.1	-122615.4
2033-01-27 09:56:46	-4866.16	4902.98	-528.96	89287888	-107504685	-46600033	-61786.1	-352378.1	-122613.8
2033-01-27 10:06:03	-6793.02	1221.87	-600.39	89301367	-107495397	-46596006	-61209.9	-352437.3	-122612
2033-01-27 10:15:20	-6276	-2898.82	-455.24	89314844	-107486108	-46591979	-60633.6	-352495.6	-122609.9
2033-01-27 10:24:38	-3501.1	-5976.59	-145.88	89328320	-107476817	-46587952	-60057.2	-352553.2	-122607.5
2033-01-27 10:33:55	533.39	-6904.16	216.1	89341795	-107467525	-46583924	-59480.6	-352609.9	-122604.8
2033-01-27 10:43:12	4375.99	-5347.82	500.13	89355269	-107458231	-46579895	-58903.9	-352665.8	-122601.9
2033-01-27 10:52:29	6644.28	-1867.5	603.75	89368741	-107448936	-46575866	-58327	-352720.9	-122598.7
2033-01-27 11:01:46	6522.21	2284.67	489.58	89382213	-107439640	-46571836	-57750	-352775.2	-122595.1
2033-01-27 11:11:03	4053.67	5614.87	198.81	89395683	-107430342	-46567806	-57172.8	-352828.7	-122591.3
2033-01-27 11:20:21	126.76	6925.01	-163.68	89409152	-107421043	-46563774	-56595.5	-352881.3	-122587.3
2033-01-27 11:29:38	-3845.77	5743.73	-467.13	89422620	-107411742	-46559743	-56018.1	-352933.2	-122582.9
2033-01-27 11:38:55	-6434.74	2496.04	-602.07	89436087	-107402440	-46555710	-55440.5	-352984.2	-122578.2
2033-01-27 11:48:12	-6708.73	-1649.64	-519.83	89449553	-107393137	-46551678	-54862.8	-353034.4	-122573.3
2033-01-27 11:57:29	-4569.16	-5201.81	-250.08	89463017	-107383832	-46547644	-54284.9	-353083.8	-122568.1
2033-01-27 12:06:47	-785.76	-6882.52	109.89	89476480	-107374526	-46543610	-53706.9	-353132.3	-122562.6
2033-01-27 12:16:04	3280.34	-6087.11	430.21	89489943	-107365219	-46539575	-53128.8	-353180.1	-122556.8
2033-01-27 12:25:21	6166.31	-3101.74	595.35	89503404	-107355910	-46535540	-52550.6	-353227	-122550.8
2033-01-27 12:34:38	6833.86	999.52	545.73	89516864	-107346599	-46531504	-51972.2	-353273.1	-122544.4
2033-01-27 12:43:55	5042.84	4741.18	299.25	89530323	-107337288	-46527467	-51393.7	-353318.4	-122537.8
2033-01-27 12:53:12	1437.58	6777.09	-55.17	89543780	-107327974	-46523430	-50815.1	-353362.9	-122530.9
2033-01-27 13:02:30	-2684.89	6374.8	-389.7	89557237	-107318660	-46519393	-50236.3	-353406.5	-122523.7
2033-01-27 13:11:47	-5841.44	3679.06	-583.64	89570692	-107309344	-46515354	-49657.5	-353449.4	-122516.2
2033-01-27 13:21:04	-6896.46	-340.28	-567.06	89584146	-107300027	-46511315	-49078.5	-353491.4	-122508.4
2033-01-27 13:30:21	-5470.39	-4237.19	-345.92	89597599	-107290708	-46507276	-48499.3	-353532.6	-122500.4
2033-01-27 13:39:38	-2076.25	-6609.67	0	89611051	-107281388	-46503236	-47920.1	-353572.9	-122492
2033-01-27 13:48:56	2064.85	-6604.19	345.92	89624502	-107272067	-46499195	-47340.7	-353612.5	-122483.4
2033-01-27 13:58:13	5463.12	-4222.72	567.06	89637951	-107262744	-46495153	-46761.3	-353651.2	-122474.5
2033-01-27 14:07:30	6895.96	-322.06	583.64	89651400	-107253419	-46491111	-46181.7	-353689.1	-122465.3
2033-01-27 14:16:47	5847.88	3694.45	389.7	89664847	-107244094	-46487069	-45602	-353726.2	-122455.8
2033-01-27 14:26:04	2695.94	6381.8	55.17	89678293	-107234767	-46483026	-45022.1	-353762.4	-122446.1
2033-01-27 14:35:21	-1425.91	6773.17	-299.25	89691738	-107225438	-46478982	-44442.2	-353797.9	-122436
2033-01-27 14:44:39	-5034.79	4727.75	-545.73	89705182	-107216109	-46474938	-43862.2	-353832.5	-122425.7
2033-01-27 14:53:56	-6832.34	981.45	-595.35	89718624	-107206777	-46470893	-43282	-353866.2	-122415.1
2033-01-27 15:03:13	-6171.87	-3117.94	-430.21	89732066	-107197445	-46466847	-42701.8	-353899.2	-122404.2
2033-01-27 15:12:30	-3290.97	-6095.57	-109.89	89745506	-107188111	-46462801	-42121.4	-353931.3	-122393
2033-01-27 15:21:47	773.91	-6880.2	250.08	89758945	-107178775	-46458754	-41540.9	-353962.7	-122381.6
2033-01-27 15:31:05	4560.38	-5189.53	519.83	89772383	-107169439	-46454707	-40960.3	-353993.1	-122369.8
2033-01-27 15:40:22	6706.2	-1631.84	602.07	89785820	-107160100	-46450659	-40379.6	-354022.8	-122357.8
2033-01-27 15:49:39	6439.38	2512.92	467.13	89799256	-107150761	-46446610	-39798.9	-354051.6	-122345.5
2033-01-27 15:58:56	3855.89	5753.6	163.68	89812691	-107141420	-46442561	-39218	-354079.6	-122332.9
2033-01-27 16:08:13	-114.82	6924.29	-198.81	89826124	-107132078	-46438511	-38637	-354106.8	-122320
2033-01-27 16:17:30	-4044.24	5603.84	-489.58	89839556	-107122734	-46434461	-38055.9	-354133.2	-122306.8
2033-01-27 16:26:48	-6518.7	2267.3	-603.75	89852987	-107113389	-46430410	-37474.7	-354158.7	-122293.3
2033-01-27 16:36:05	-6647.97	-1884.93	-500.13	89866417	-107104042	-46426358	-36893.5	-354183.4	-122279.6
2033-01-27 16:45:22	-4385.54	-5359	-216.1	89879846	-107094694	-46422306	-36312.1	-354207.3	-122265.6
2033-01-27 16:54:39	-545.34	-6905.06	145.88	89893274	-107085345	-46418253	-35730.6	-354230.3	-122251.3
2033-01-27 17:03:56	3491.07	-5966.89	455.24	89906700	-107075994	-46414200	-35149.1	-354252.5	-122236.7
2033-01-27 17:13:13	6271.53	-2882.02	600.39	89920125	-107066642	-46410146	-34567.5	-354273.9	-122221.8
2033-01-27 17:22:31	6795.73	1239.71	528.96	89933549	-107057289	-46406091	-33985.7	-354294.4	-122206.6
2033-01-27 17:31:48	4875.06	4915.4	266.72	89946972	-107047934	-46402036	-33403.9	-354314.2	-122191.2
2033-01-27 17:41:05	1200.52	6822.68	-91.73	89960394	-107038578	-46397980	-32822	-354333.1	-122175.4
2033-01-27 17:50:22	-2905.95	6275.35	-417.09	89973815	-107029220	-46393924	-32240	-354351.1	-122159.4
2033-01-27 17:59:39	-5966.97	3470.36	-592	89987234	-107019861	-46389867	-31658	-354368.4	-122143.1
2033-01-27 18:08:57	-6881.3	-583.16	-553.35	90000653	-107010501	-46385809	-31075.8	-354384.8	-122126.5
2033-01-27 18:18:14	-5319.99	-4426.85	-315.1	90014070	-107001139	-46381751	-30493.6	-354400.3	-122109.6
2033-01-27 18:27:31	-1844.72	-6677.89	36.81	90027486	-106991776	-46377692	-29911.3	-354415.1	-122092.4
2033-01-27 18:36:48	2294.22	-6526.42	375.45	90040901	-106982411	-46373633	-29328.9	-354429	-122075
2033-01-27 18:46:05	5607.8	-4026.95	578.65	90054314	-106973045	-46369573	-28746.4	-354442.1	-122057.2
2033-01-27 18:55:22	6903.91	-78.71	573.12	90067727	-106963678	-46365512	-28163.9	-354454.3	-122039.2
2033-01-27 19:04:40	5716.23	3897.82	360.85	90081138	-106954309	-46361451	-27581.3	-354465.7	-122020.9
2033-01-27 19:13:57	2472.06	6472.03	18.41	90094549	-106944939	-46357389	-26998.6	-354476.3	-122002.3
2033-01-27 19:23:14	-1661.49	6717.79	-330.67	90107958	-106935567	-46353327	-26415.9	-354486.1	-121983.4
2033-01-27 19:32:31	-5197.31	4546.69	-560.47	90121366	-106926195	-46349264	-25833	-354495	-121964.3
2033-01-27 19:41:48	-6863.33	739.85	-588.09	90134772	-106916820	-46345200	-25250.2	-354503.1	-121944.8
2033-01-27 19:51:06	-6060.18	-3333.15	-403.58	90148178	-106907445	-46341136	-24667.2	-354510.3	-121925.1
2033-01-27 20:00:23	-3076.78	-6206.98	-73.49	90161582	-106898067	-46337071	-24084.2	-354516.7	-121905
2033-01-27 20:09:40	1013.54	-6847.71	283.12	90174986	-106888689	-46333006	-23501.1	-354522.3	-121884.7
2033-01-27 20:18:57	4739.25	-5024.85	537.59	90188388	-106879309	-46328940	-22918	-354527.1	-121864.1
2033-01-27 20:28:14	6759.95	-1394.21	598.15	90201789	-106869928	-46324873	-22334.7	-354531	-121843.2
2033-01-27 20:37:31	6348.68	2738.01	442.93	90215188	-106860545	-46320806	-21751.5	-354534.1	-121822.1
2033-01-27 20:46:49	3653.37	5885.16	127.94	90228587	-106851161	-46316738	-21168.1	-354536.3	-121800.6
2033-01-27 20:56:06	-356.31	6915	-233.2	90241984	-106841776	-46312670	-20584.8	-354537.7	-121778.9
2033-01-27 21:05:23	-4237.81	5457.03	-510.22	90255381	-106832389	-46308601	-20001.3	-354538.3	-121756.8
2033-01-27 21:14:40	-6594.71	2035.8	-603.19	90268776	-106823001	-46304531	-19417.8	-354538	-121734.5
2033-01-27 21:23:57	-6579.08	-2117.83	-478.58	90282170	-106813611	-46300461	-18834.3	-354536.9	-121711.9
2033-01-27 21:33:15	-4196.53	-5509.52	-181.33	90295563	-106804221	-46296390	-18250.7	-354535	-121689
2033-01-27 21:42:32	-304.2	-6919.04	181.33	90308954	-106794828	-46292319	-17667	-354532.2	-121665.9
2033-01-27 21:51:49	3697.58	-5839.3	478.58	90322345	-106785434	-46288247	-17083.3	-354528.6	-121642.4
2033-01-27 22:01:06	6369.12	-2658.76	603.19	90335734	-106776039	-46284174	-16499.6	-354524.1	-121618.6
2033-01-27 22:10:23	6749.29	1478.3	510.22	90349122	-106766643	-46280101	-15915.8	-354518.9	-121594.6
2033-01-27 22:19:40	4701.3	5083.5	233.2	90362509	-106757245	-46276027	-15331.9	-354512.7	-121570.3
2033-01-27 22:28:58	961.94	6859.8	-127.94	90375895	-106747846	-46271952	-14748.1	-354505.8	-121545.7
2033-01-27 22:38:15	-3123.51	6168.15	-442.93	90389280	-106738445	-46267877	-14164.1	-354498	-121520.8
2033-01-27 22:47:32	-6085.24	3257.39	-598.15	90402663	-106729043	-46263802	-13580.2	-354489.3	-121495.6
2033-01-27 22:56:49	-6857.73	-825.26	-537.59	90416046	-106719640	-46259726	-12996.2	-354479.9	-121470.1
2033-01-27 23:06:06	-5163.06	-4610.99	-283.12	90429427	-106710235	-46255649	-12412.1	-354469.6	-121444.4
2033-01-27 23:15:23	-1610.89	-6737.82	73.49	90442807	-106700829	-46251571	-11828.1	-354458.4	-121418.3
2033-01-27 23:24:41	2520.84	-6440.58	403.58	90456186	-106691421	-46247493	-11243.9	-354446.4	-121392
2033-01-27 23:33:58	5745.67	-3826.22	588.09	90469563	-106682012	-46243415	-10659.8	-354433.6	-121365.4
2033-01-27 23:43:15	6903.43	164.68	560.47	90482940	-106672602	-46239336	-10075.6	-354419.9	-121338.5
2033-01-27 23:52:32	5577.58	4096.32	330.67	90496315	-106663190	-46235256	-9491.4	-354405.4	-121311.3
2033-01-28 00:01:49	2245.11	6554.21	-18.41	90509689	-106653777	-46231175	-8907.2	-354390	-121283.8
2033-01-28 00:11:07	-1895.09	6654.1	-360.85	90523062	-106644363	-46227094	-8322.9	-354373.9	-121256.1
2033-01-28 00:20:24	-5353.52	4360.04	-573.12	90536434	-106634947	-46223013	-7738.6	-354356.8	-121228
2033-01-28 00:29:41	-6885.95	497.39	-578.65	90549805	-106625529	-46218930	-7154.3	-354338.9	-121199.7
2033-01-28 00:38:58	-5941.07	-3544.19	-375.45	90563174	-106616111	-46214848	-6569.9	-354320.2	-121171
2033-01-28 00:48:15	-2858.8	-6310.67	-36.81	90576543	-106606691	-46210764	-5985.6	-354300.7	-121142.1
2033-01-28 00:57:32	1251.99	-6806.75	315.1	90589910	-106597269	-46206680	-5401.2	-354280.3	-121112.9
2033-01-28 01:06:50	4912.36	-4853.97	553.35	90603276	-106587847	-46202596	-4816.8	-354259	-121083.5
2033-01-28 01:16:07	6805.46	-1154.9	592	90616641	-106578422	-46198510	-4232.3	-354237	-121053.7
2033-01-28 01:25:24	6250.2	2959.66	417.09	90630004	-106568997	-46194425	-3647.9	-354214	-121023.6
2033-01-28 01:34:41	3446.34	6009.4	91.73	90643367	-106559570	-46190338	-3063.4	-354190.3	-120993.3
2033-01-28 01:43:58	-597.41	6897.14	-266.72	90656728	-106550141	-46186251	-2478.9	-354165.7	-120962.6
2033-01-28 01:53:16	-4426.25	5303.5	-528.96	90670088	-106540712	-46182164	-1894.5	-354140.2	-120931.7
2033-01-28 02:02:33	-6662.7	1801.83	-600.39	90683447	-106531281	-46178075	-1310	-354113.9	-120900.5
2033-01-28 02:11:50	-6502.15	-2348.07	-455.24	90696805	-106521848	-46173987	-725.4	-354086.8	-120869
2033-01-28 02:21:07	-4002.35	-5653.18	-145.88	90710162	-106512414	-46169897	-140.9	-354058.8	-120837.2
2033-01-28 02:30:24	-62.64	-6924.45	216.1	90723517	-106502979	-46165807	443.6	-354030	-120805.2
2033-01-28 02:39:41	3899.62	-5704.5	500.13	90736872	-106493542	-46161717	1028.1	-354000.3	-120772.8
2033-01-28 02:48:59	6458.96	-2432.27	603.75	90750225	-106484104	-46157625	1612.7	-353969.8	-120740.2
2033-01-28 02:58:16	6694.6	1715.01	489.58	90763577	-106474665	-46153534	2197.2	-353938.5	-120707.3
2033-01-28 03:07:33	4521.75	5245.26	198.81	90776928	-106465224	-46149441	2781.8	-353906.3	-120674
2033-01-28 03:16:50	722.13	6888.42	-163.68	90790277	-106455782	-46145348	3366.3	-353873.2	-120640.5
2033-01-28 03:26:07	-3337.3	6053.33	-467.13	90803626	-106446339	-46141255	3950.9	-353839.4	-120606.7
2033-01-28 03:35:24	-6196.11	3040.44	-602.07	90816973	-106436894	-46137160	4535.4	-353804.6	-120572.7
2033-01-28 03:44:42	-6825.79	-1066.28	-519.83	90830319	-106427447	-46133066	5119.9	-353769.1	-120538.3
2033-01-28 03:53:59	-4999.79	-4789.38	-250.08	90843664	-106418000	-46128970	5704.5	-353732.6	-120503.7
2033-01-28 04:03:16	-1375.03	-6789.39	109.89	90857008	-106408551	-46124874	6289	-353695.4	-120468.7
2033-01-28 04:12:33	2744.43	-6346.78	430.21	90870351	-106399100	-46120778	6873.5	-353657.3	-120433.5
2033-01-28 04:21:50	5876.56	-3620.8	595.35	90883692	-106389648	-46116681	7458	-353618.3	-120398
2033-01-28 04:31:08	6894.52	407.82	545.73	90897032	-106380195	-46112583	8042.5	-353578.5	-120362.2
2033-01-28 04:40:25	5432.08	4289.7	299.25	90910371	-106370741	-46108484	8627	-353537.9	-120326.1
2033-01-28 04:49:42	2015.36	6628.26	-55.17	90923709	-106361285	-46104386	9211.5	-353496.4	-120289.7
2033-01-28 04:58:59	-2126.43	6582.17	-389.7	90937046	-106351827	-46100286	9795.9	-353454.1	-120253.1
2033-01-28 05:08:16	-5503.22	4168.03	-583.64	90950382	-106342369	-46096186	10380.4	-353410.9	-120216.1
2033-01-28 05:17:33	-6900.17	254.37	-567.06	90963716	-106332908	-46092085	10964.8	-353366.9	-120178.9
2033-01-28 05:26:51	-5814.68	-3750.79	-345.92	90977049	-106323447	-46087984	11549.2	-353322	-120141.4
2033-01-28 05:36:08	-2637.27	-6406.51	0	90990381	-106313984	-46083882	12133.6	-353276.3	-120103.6
2033-01-28 05:45:25	1488.96	-6757.36	345.92	91003712	-106304520	-46079779	12717.9	-353229.7	-120065.5
2033-01-28 05:54:42	5079.52	-4677.12	567.06	91017042	-106295054	-46075676	13302.3	-353182.3	-120027.1
2033-01-28 06:03:59	6842.67	-914.21	583.64	91030371	-106285587	-46071572	13886.6	-353134	-119988.4
2033-01-28 06:13:17	6144.07	3177.59	389.7	91043698	-106276119	-46067468	14470.9	-353084.9	-119949.5
2033-01-28 06:22:34	3235.05	6126.17	55.17	91057024	-106266649	-46063363	15055.1	-353035	-119910.2
2033-01-28 06:31:51	-837.85	6870.74	-299.25	91070349	-106257178	-46059257	15639.4	-352984.2	-119870.7
2033-01-28 06:41:08	-4609.33	5143.42	-545.73	91083673	-106247705	-46055151	16223.6	-352932.5	-119830.9
2033-01-28 06:50:25	-6722.56	1565.68	-595.35	91096996	-106238231	-46051045	16807.7	-352880	-119790.8
2033-01-28 06:59:42	-6417.25	-2575.34	-430.21	91110317	-106228756	-46046937	17391.9	-352826.7	-119750.4
2033-01-28 07:09:00	-3803.24	-5789.81	-109.89	91123638	-106219279	-46042829	17976	-352772.5	-119709.7
2033-01-28 07:18:17	179.05	-6921.27	250.08	91136957	-106209801	-46038721	18560	-352717.5	-119668.7
2033-01-28 07:27:34	4096.95	-5562.67	519.83	91150275	-106200322	-46034612	19144	-352661.6	-119627.5
2033-01-28 07:36:51	6540.93	-2202.81	602.07	91163592	-106190841	-46030502	19728	-352604.9	-119585.9
2033-01-28 07:46:08	6631.72	1949.54	467.13	91176907	-106181359	-46026392	20312	-352547.3	-119544.1
2033-01-28 07:55:26	4336.64	5400.49	163.68	91190222	-106171875	-46022281	20895.9	-352488.8	-119502
2033-01-28 08:04:43	481.39	6908.5	-198.81	91203535	-106162390	-46018169	21479.7	-352429.6	-119459.6
2033-01-28 08:14:00	-3547.07	5931.03	-489.58	91216847	-106152904	-46014057	22063.6	-352369.4	-119416.9
2033-01-28 08:23:17	-6299.44	2819.78	-603.75	91230158	-106143416	-46009945	22647.3	-352308.5	-119373.9
2033-01-28 08:32:34	-6785.5	-1305.93	-500.13	91243468	-106133927	-46005831	23231.1	-352246.6	-119330.7
2033-01-28 08:41:51	-4830.38	-4961.79	-216.1	91256777	-106124437	-46001717	23814.7	-352184	-119287.1
2033-01-28 08:51:09	-1137.44	-6832.53	145.88	91270084	-106114945	-45997603	24398.3	-352120.5	-119243.3
2033-01-28 09:00:26	2964.72	-6245.14	455.24	91283390	-106105452	-45993488	24981.9	-352056.1	-119199.2
2033-01-28 09:09:43	6000.3	-3410.94	600.39	91296695	-106095957	-45989372	25565.4	-351990.9	-119154.8
2033-01-28 09:19:00	6877.19	650.39	528.96	91309999	-106086461	-45985256	26148.9	-351924.8	-119110.1
2033-01-28 09:28:17	5279.92	4477.71	266.72	91323302	-106076964	-45981139	26732.3	-351857.9	-119065.1
2033-01-28 09:37:34	1783.1	6694.08	-91.73	91336603	-106067465	-45977022	27315.6	-351790.1	-119019.9
2033-01-28 09:46:52	-2355.22	6502.12	-417.09	91349904	-106057965	-45972903	27898.9	-351721.5	-118974.3
2033-01-28 09:56:09	-5646.24	3970.9	-592	91363203	-106048464	-45968785	28482.2	-351652.1	-118928.5
2033-01-28 10:05:26	-6905.96	11.09	-553.35	91376501	-106038961	-45964666	29065.3	-351581.7	-118882.3
2033-01-28 10:14:43	-5681.15	-3952.69	-315.1	91389798	-106029457	-45960546	29648.4	-351510.6	-118835.9
2033-01-28 10:24:00	-2412.46	-6494.4	36.81	91403093	-106019951	-45956425	30231.5	-351438.6	-118789.2
2033-01-28 10:33:18	1724.16	-6699.62	375.45	91416388	-106010444	-45952304	30814.4	-351365.7	-118742.2
2033-01-28 10:42:35	5240.52	-4494.52	578.65	91429681	-106000936	-45948183	31397.4	-351292	-118695
2033-01-28 10:51:52	6871.53	-672.45	573.12	91442973	-105991426	-45944060	31980.2	-351217.4	-118647.4
2033-01-28 11:01:09	6030.41	3391.53	360.85	91456264	-105981915	-45939938	32563	-351142	-118599.6
2033-01-28 11:10:26	3019.76	6235.33	18.41	91469554	-105972403	-45935814	33145.6	-351065.8	-118551.5
2033-01-28 11:19:43	-1077.31	6835.83	-330.67	91482843	-105962889	-45931690	33728.3	-350988.7	-118503
2033-01-28 11:29:01	-4786.83	4977.02	-560.47	91496130	-105953373	-45927566	34310.8	-350910.7	-118454.3
2033-01-28 11:38:18	-6774.22	1327.64	-588.09	91509416	-105943857	-45923440	34893.3	-350831.9	-118405.3
2033-01-28 11:47:35	-6324.5	-2799.36	-403.58	91522701	-105934339	-45919315	35475.7	-350752.2	-118356.1
2033-01-28 11:56:52	-3599.44	-5919.23	-73.49	91535985	-105924820	-45915188	36058	-350671.7	-118306.5
2033-01-28 12:06:09	420.59	-6909.52	283.12	91549268	-105915299	-45911061	36640.2	-350590.4	-118256.7
2033-01-28 12:15:27	4289.32	-5413.99	537.59	91562549	-105905777	-45906934	37222.4	-350508.2	-118206.5
2033-01-28 12:24:44	6614.92	-1970.68	598.15	91575830	-105896253	-45902805	37804.4	-350425.1	-118156.1
2033-01-28 12:34:01	6560.72	2181.6	442.93	91589109	-105886728	-45898677	38386.4	-350341.2	-118105.4
2033-01-28 12:43:18	4146.19	5548.99	127.94	91602387	-105877202	-45894547	38968.3	-350256.4	-118054.4
2033-01-28 12:52:35	240	6920.01	-233.2	91615663	-105867675	-45890417	39550.1	-350170.8	-118003.2
2033-01-28 13:01:52	-3752.56	5801.43	-510.22	91628939	-105858146	-45886287	40131.8	-350084.4	-117951.6
2033-01-28 13:11:10	-6395.09	2595.68	-603.19	91642213	-105848615	-45882156	40713.4	-349997	-117899.8
2033-01-28 13:20:27	-6736.91	-1543.9	-478.58	91655487	-105839083	-45878024	41295	-349908.9	-117847.6
2033-01-28 13:29:44	-4655.02	-5128.01	-181.33	91668759	-105829550	-45873891	41876.4	-349819.9	-117795.2
2033-01-28 13:39:01	-898.4	-6867.21	181.33	91682029	-105820016	-45869759	42457.8	-349730	-117742.5
2033-01-28 13:48:18	3181.44	-6135.79	478.58	91695299	-105810480	-45865625	43039	-349639.3	-117689.5
2033-01-28 13:57:36	6116.73	-3196.92	603.19	91708568	-105800943	-45861491	43620.2	-349547.7	-117636.2
2033-01-28 14:06:53	6851.45	892.09	510.22	91721835	-105791404	-45857356	44201.2	-349455.3	-117582.7
2033-01-28 14:16:10	5121.26	4660.14	233.2	91735101	-105781864	-45853221	44782.2	-349362.1	-117528.8
2033-01-28 14:25:27	1548.61	6751.59	-127.94	91748366	-105772323	-45849085	45363	-349267.9	-117474.7
2033-01-28 14:34:44	-2581.2	6414.03	-442.93	91761630	-105762780	-45844948	45943.8	-349173	-117420.3
2033-01-28 14:44:01	-5782.4	3768.9	-598.15	91774892	-105753236	-45840811	46524.4	-349077.2	-117365.6
2033-01-28 14:53:19	-6903.31	-232.14	-537.59	91788154	-105743691	-45836674	47104.9	-348980.5	-117310.6
2033-01-28 15:02:36	-5540.65	-4149.65	-283.12	91801414	-105734144	-45832535	47685.3	-348883	-117255.3
2033-01-28 15:11:53	-2184.65	-6574.23	73.49	91814673	-105724596	-45828396	48265.7	-348784.6	-117199.8
2033-01-28 15:21:10	1957.33	-6633.59	403.58	91827931	-105715046	-45824257	48845.9	-348685.4	-117144
2033-01-28 15:30:27	5395.15	-4306.4	588.09	91841187	-105705495	-45820117	49426	-348585.3	-117087.8
2033-01-28 15:39:44	6892	-429.92	560.47	91854443	-105695943	-45815976	50005.9	-348484.4	-117031.4
2033-01-28 15:49:02	5909.35	3601.22	330.67	91867697	-105686389	-45811835	50585.8	-348382.6	-116974.7
2033-01-28 15:58:19	2800.72	6336.73	-18.41	91880950	-105676834	-45807693	51165.5	-348280	-116917.7
2033-01-28 16:07:36	-1315.53	6792.48	-360.85	91894202	-105667278	-45803551	51745.2	-348176.6	-116860.5
2033-01-28 16:16:53	-4958.51	4804.5	-573.12	91907453	-105657720	-45799408	52324.7	-348072.2	-116802.9
2033-01-28 16:26:10	-6817.62	1088.03	-578.65	91920703	-105648161	-45795264	52904	-347967.1	-116745.1
2033-01-28 16:35:28	-6223.99	-3019.86	-375.45	91933951	-105638600	-45791120	53483.3	-347861	-116687
2033-01-28 16:44:45	-3391.18	-6041.28	-36.81	91947198	-105629038	-45786975	54062.4	-347754.2	-116628.6
2033-01-28 16:54:02	661.67	-6889.23	315.1	91960444	-105619475	-45782830	54641.5	-347646.5	-116569.9
2033-01-28 17:03:19	4476.5	-5258.64	553.35	91973689	-105609910	-45778684	55220.3	-347537.9	-116510.9
2033-01-28 17:12:36	6680.85	-1736.17	592	91986932	-105600344	-45774537	55799.1	-347428.5	-116451.7
2033-01-28 17:21:53	6481.68	2410.9	417.09	92000175	-105590777	-45770390	56377.7	-347318.2	-116392.1
2033-01-28 17:31:11	3950.62	5690.59	91.73	92013416	-105581208	-45766242	56956.2	-347207.1	-116332.3
2033-01-28 17:40:28	-1.75	6922.96	-266.72	92026656	-105571638	-45762094	57534.6	-347095.1	-116272.2
2033-01-28 17:49:45	-3953.51	5664.67	-528.96	92039895	-105562066	-45757945	58112.8	-346982.3	-116211.8
2033-01-28 17:59:02	-6482.95	2368.42	-600.39	92053133	-105552494	-45753795	58690.9	-346868.6	-116151.2
2033-01-28 18:08:19	-6680.07	-1779.9	-455.24	92066369	-105542919	-45749645	59268.9	-346754.1	-116090.2
2033-01-28 18:17:37	-4473.92	-5287.85	-145.88	92079605	-105533344	-45745494	59846.7	-346638.7	-116029
2033-01-28 18:26:54	-658.2	-6893.38	216.1	92092839	-105523767	-45741343	60424.3	-346522.5	-115967.4
2033-01-28 18:36:11	3394.33	-6018.88	500.13	92106072	-105514188	-45737191	61001.9	-346405.4	-115905.6
2033-01-28 18:45:28	6225.73	-2978.99	603.75	92119303	-105504609	-45733039	61579.3	-346287.5	-115843.5
2033-01-28 18:54:45	6817.33	1132.63	489.58	92132534	-105495027	-45728885	62156.5	-346168.7	-115781.2
2033-01-28 19:04:02	4956.3	4836.75	198.81	92145763	-105485445	-45724732	62733.6	-346049.1	-115718.5
2033-01-28 19:13:20	1312.15	6800.74	-163.68	92158991	-105475861	-45720577	63310.6	-345928.6	-115655.6
2033-01-28 19:22:37	-2804.08	6318.03	-467.13	92172218	-105466276	-45716422	63887.4	-345807.3	-115592.3
2033-01-28 19:31:54	-5911.52	3562.3	-602.07	92185444	-105456689	-45712267	64464	-345685.2	-115528.8
2033-01-28 19:41:11	-6892.22	-475.02	-519.83	92198669	-105447101	-45708111	65040.5	-345562.1	-115465
2033-01-28 19:50:28	-5393.34	-4341.42	-250.08	92211892	-105437512	-45703954	65616.9	-345438.3	-115401
2033-01-28 19:59:46	-1954.11	-6645.9	109.89	92225115	-105427921	-45699797	66193	-345313.6	-115336.6
2033-01-28 20:09:03	2188.16	-6559.38	430.21	92238336	-105418329	-45695639	66769.1	-345188	-115272
2033-01-28 20:18:20	5543.22	-4113.01	595.35	92251555	-105408736	-45691481	67345	-345061.6	-115207.1
2033-01-28 20:27:37	6904.04	-186.92	545.73	92264774	-105399141	-45687322	67920.7	-344934.3	-115141.8
2033-01-28 20:36:54	5781.03	3806.4	299.25	92277992	-105389545	-45683162	68496.2	-344806.2	-115076.4
2033-01-28 20:46:11	2578.2	6430.27	-55.17	92291208	-105379948	-45679002	69071.6	-344677.2	-115010.6
2033-01-28 20:55:29	-1552.2	6740.73	-389.7	92304423	-105370349	-45674841	69646.8	-344547.4	-114944.5
2033-01-28 21:04:46	-5124.19	4626.08	-583.64	92317637	-105360748	-45670680	70221.9	-344416.8	-114878.2
2033-01-28 21:14:03	-6852.69	847.13	-567.06	92330850	-105351147	-45666518	70796.8	-344285.3	-114811.6
2033-01-28 21:23:20	-6115.84	-3236.57	-345.92	92344061	-105341544	-45662355	71371.5	-344152.9	-114744.7
2033-01-28 21:32:37	-3178.72	-6155.84	0	92357271	-105331939	-45658192	71946.1	-344019.7	-114677.5
2033-01-28 21:41:54	902.01	-6860.41	345.92	92370480	-105322334	-45654028	72520.5	-343885.7	-114610.1
2033-01-28 21:51:12	4658.25	-5096.83	567.06	92383688	-105312727	-45649864	73094.7	-343750.8	-114542.3
2033-01-28 22:00:29	6738.63	-1499.58	583.64	92396895	-105303118	-45645699	73668.7	-343615	-114474.3
2033-01-28 22:09:46	6394.7	2637.15	389.7	92410101	-105293508	-45641533	74242.6	-343478.4	-114406
2033-01-28 22:19:03	3750.16	5825.1	55.17	92423305	-105283897	-45637367	74816.3	-343341	-114337.4
2033-01-28 22:28:20	-243.56	6917.35	-299.25	92436508	-105274285	-45633200	75389.8	-343202.7	-114268.5
2033-01-28 22:37:38	-4149.69	5520.95	-545.73	92449710	-105264671	-45629033	75963.1	-343063.5	-114199.4
2033-01-28 22:46:55	-6562.91	2138.3	-595.35	92462911	-105255055	-45624865	76536.3	-342923.6	-114130
2033-01-28 22:56:12	-6615.04	-2013.63	-430.21	92476111	-105245439	-45620697	77109.3	-342782.7	-114060.2
2033-01-28 23:05:29	-4287.31	-5441.09	-109.89	92489309	-105235821	-45616528	77682	-342641.1	-113990.2
2033-01-28 23:14:46	-417.13	-6911.01	250.08	92502506	-105226201	-45612358	78254.6	-342498.5	-113920
2033-01-28 23:24:03	3603.13	-5894.56	519.83	92515702	-105216580	-45608188	78827	-342355.2	-113849.4
2033-01-28 23:33:21	6327.13	-2757.44	602.07	92528897	-105206958	-45604017	79399.3	-342210.9	-113778.6
2033-01-28 23:42:38	6774.86	1371.7	467.13	92542091	-105197335	-45599845	79971.3	-342065.9	-113707.5
2033-01-28 23:51:55	4785.23	5007.33	163.68	92555283	-105187710	-45595673	80543.1	-341920	-113636.1
2033-01-29 00:01:12	1074.03	6841.46	-198.81	92568474	-105178084	-45591501	81114.8	-341773.2	-113564.4
2033-01-29 00:10:29	-3023.59	6214.24	-489.58	92581664	-105168456	-45587327	81686.2	-341625.6	-113492.4
2033-01-29 00:19:47	-6033.45	3351.34	-603.75	92594853	-105158827	-45583154	82257.5	-341477.1	-113420.2
2033-01-29 00:29:04	-6872.7	-717.25	-500.13	92608041	-105149197	-45578979	82828.5	-341327.8	-113347.7
2033-01-29 00:38:21	-5239.39	-4527.77	-216.1	92621227	-105139565	-45574804	83399.4	-341177.7	-113274.9
2033-01-29 00:47:38	-1721.11	-6709.33	145.88	92634413	-105129932	-45570629	83970	-341026.7	-113201.8
2033-01-29 00:56:55	2416.38	-6477.07	455.24	92647597	-105120298	-45566452	84540.5	-340874.9	-113128.5
2033-01-29 01:06:12	5684.56	-3914.58	600.39	92660779	-105110662	-45562276	85110.8	-340722.2	-113054.8
2033-01-29 01:15:30	6907.65	56.25	528.96	92673961	-105101025	-45558098	85680.8	-340568.7	-112980.9
2033-01-29 01:24:47	5645.61	4006.81	266.72	92687142	-105091386	-45553920	86250.6	-340414.3	-112906.7
2033-01-29 01:34:04	2352.47	6515.83	-91.73	92700321	-105081747	-45549742	86820.3	-340259.1	-112832.2
2033-01-29 01:43:21	-1787.03	6680.65	-417.09	92713499	-105072105	-45545563	87389.7	-340103	-112757.5
2033-01-29 01:52:38	-5283.64	4441.99	-592	92726676	-105062463	-45541383	87958.9	-339946.1	-112682.5
2033-01-29 02:01:56	-6879.39	605.25	-553.35	92739852	-105052819	-45537203	88527.9	-339788.4	-112607.1
2033-01-29 02:11:13	-6000.18	-3449.21	-315.1	92753026	-105043173	-45533022	89096.7	-339629.8	-112531.6
2033-01-29 02:20:30	-2962.31	-6262.74	36.81	92766199	-105033527	-45528840	89665.2	-339470.4	-112455.7
2033-01-29 02:29:47	1141.32	-6823.12	375.45	92779371	-105023879	-45524658	90233.6	-339310.1	-112379.5
2033-01-29 02:39:04	4834.36	-4928.76	578.65	92792542	-105014229	-45520475	90801.7	-339149	-112303.1
2033-01-29 02:48:21	6788.19	-1261.2	573.12	92805712	-105004579	-45516292	91369.6	-338987	-112226.4
2033-01-29 02:57:39	6299.86	2860.08	360.85	92818881	-104994926	-45512108	91937.3	-338824.2	-112149.4
2033-01-29 03:06:56	3545.06	5952.37	18.41	92832048	-104985273	-45507924	92504.8	-338660.5	-112072.2
2033-01-29 03:16:13	-485.15	6903.18	-330.67	92845214	-104975618	-45503739	93072	-338496.1	-111994.6
2033-01-29 03:25:30	-4340.84	5370.43	-560.47	92858379	-104965962	-45499553	93639.1	-338330.7	-111916.8
2033-01-29 03:34:47	-6634.87	1905.59	-588.09	92871543	-104956304	-45495367	94205.8	-338164.5	-111838.7
2033-01-29 03:44:04	-6541.91	-2244.81	-403.58	92884705	-104946645	-45491180	94772.4	-337997.5	-111760.3
2033-01-29 03:53:22	-4095.39	-5587.57	-73.49	92897866	-104936985	-45486993	95338.7	-337829.7	-111681.7
2033-01-29 04:02:39	-175.48	-6920.09	283.12	92911026	-104927323	-45482805	95904.8	-337661	-111602.8
2033-01-29 04:11:56	3807.58	-5762.98	537.59	92924185	-104917660	-45478616	96470.7	-337491.4	-111523.6
2033-01-29 04:21:13	6420.83	-2532.54	598.15	92937343	-104907996	-45474427	97036.3	-337321	-111444.1
2033-01-29 04:30:30	6724.1	1609.01	442.93	92950500	-104898330	-45470237	97601.7	-337149.8	-111364.3
2033-01-29 04:39:48	4608.26	5171.66	127.94	92963655	-104888663	-45466047	98166.9	-336977.7	-111284.3
2033-01-29 04:49:05	834.52	6873.7	-233.2	92976809	-104878995	-45461856	98731.8	-336804.8	-111204
2033-01-29 04:58:22	-3239.47	6102.79	-510.22	92989962	-104869325	-45457665	99296.5	-336631.1	-111123.4
2033-01-29 05:07:39	-6148.04	3136.3	-603.19	93003114	-104859654	-45453473	99860.9	-336456.5	-111042.5
2033-01-29 05:16:56	-6844.76	-958.52	-478.58	93016264	-104849981	-45449280	100425.1	-336281.1	-110961.4
2033-01-29 05:26:13	-5078.98	-4708.47	-181.33	93029413	-104840307	-45445087	100989.1	-336104.8	-110880
2033-01-29 05:35:31	-1485.94	-6764.44	181.33	93042562	-104830632	-45440893	101552.8	-335927.7	-110798.3
2033-01-29 05:44:48	2641.7	-6386.78	478.58	93055708	-104820955	-45436698	102116.2	-335749.7	-110716.3
2033-01-29 05:54:05	5818.98	-3711.36	603.19	93068854	-104811277	-45432503	102679.4	-335570.9	-110634.1
2033-01-29 06:03:22	6902.8	299.27	510.22	93081999	-104801598	-45428308	103242.4	-335391.3	-110551.6
2033-01-29 06:12:39	5503.24	4202.21	233.2	93095142	-104791917	-45424111	103805.1	-335210.9	-110468.8
2033-01-29 06:21:57	2123.79	6593.31	-127.94	93108284	-104782235	-45419915	104367.5	-335029.6	-110385.7
2033-01-29 06:31:14	-2019.75	6612.34	-442.93	93121425	-104772552	-45415717	104929.7	-334847.4	-110302.4
2033-01-29 06:40:31	-5436.67	4252.46	-598.15	93134565	-104762867	-45411519	105491.6	-334664.4	-110218.7
2033-01-29 06:49:48	-6897.68	362.7	-537.59	93147703	-104753181	-45407321	106053.3	-334480.6	-110134.8
2033-01-29 06:59:05	-5877.15	-3657.53	-283.12	93160840	-104743493	-45403121	106614.7	-334296	-110050.7
2033-01-29 07:08:22	-2742.21	-6361.87	73.49	93173977	-104733804	-45398922	107175.9	-334110.5	-109966.2
2033-01-29 07:17:40	1379.3	-6777.41	403.58	93187111	-104724114	-45394721	107736.8	-333924.2	-109881.5
2033-01-29 07:26:57	5004.61	-4754.64	588.09	93200245	-104714422	-45390520	108297.4	-333737	-109796.5
2033-01-29 07:36:14	6829.45	-1021.33	560.47	93213378	-104704729	-45386319	108857.7	-333549	-109711.3
2033-01-29 07:45:31	6197.29	3079.41	330.67	93226509	-104695035	-45382117	109417.8	-333360.2	-109625.7
2033-01-29 07:54:48	3335.56	6072.25	-18.41	93239639	-104685339	-45377914	109977.7	-333170.5	-109539.9
2033-01-29 08:04:05	-726.21	6880.48	-360.85	93252768	-104675642	-45373711	110537.2	-332980	-109453.8
2033-01-29 08:13:23	-4526.74	5213.33	-573.12	93265895	-104665944	-45369507	111096.5	-332788.6	-109367.5
2033-01-29 08:22:40	-6698.72	1670.6	-578.65	93279022	-104656244	-45365302	111655.5	-332596.5	-109280.8
2033-01-29 08:31:57	-6460.74	-2473.14	-375.45	93292147	-104646543	-45361097	112214.2	-332403.5	-109193.9
2033-01-29 08:41:14	-3898.41	-5727.1	-36.81	93305271	-104636841	-45356892	112772.7	-332209.6	-109106.7
2033-01-29 08:50:31	66.45	-6920.61	315.1	93318394	-104627137	-45352686	113330.9	-332014.9	-109019.3
2033-01-29 08:59:49	4007.43	-5624.31	553.35	93331516	-104617432	-45348479	113888.8	-331819.4	-108931.6
2033-01-29 09:09:06	6506.69	-2304.57	592	93344636	-104607725	-45344271	114446.4	-331623.1	-108843.6
2033-01-29 09:18:23	6665.08	1844.26	417.09	93357755	-104598017	-45340063	115003.7	-331425.9	-108755.3
2033-01-29 09:27:40	4425.6	5329.56	91.73	93370873	-104588308	-45335855	115560.8	-331227.9	-108666.7
2033-01-29 09:36:57	593.92	6897.44	-266.72	93383990	-104578597	-45331646	116117.6	-331029	-108577.9
2033-01-29 09:46:14	-3451.45	5983.84	-528.96	93397106	-104568885	-45327436	116674	-330829.4	-108488.8
2033-01-29 09:55:32	-6255.13	2917.45	-600.39	93410220	-104559172	-45323226	117230.2	-330628.9	-108399.5
2033-01-29 10:04:49	-6808.44	-1198.53	-455.24	93423333	-104549457	-45319015	117786.1	-330427.5	-108309.8
2033-01-29 10:14:06	-4912.31	-4883.29	-145.88	93436445	-104539741	-45314803	118341.7	-330225.4	-108219.9
2033-01-29 10:23:23	-1248.89	-6811.18	216.1	93449556	-104530024	-45310591	118897.1	-330022.4	-108129.8
2033-01-29 10:32:40	2863.87	-6288.62	500.13	93462666	-104520305	-45306379	119452.1	-329818.5	-108039.3
2033-01-29 10:41:58	5946.32	-3503.62	603.75	93475774	-104510585	-45302165	120006.8	-329613.9	-107948.6
2033-01-29 10:51:15	6889.5	541.85	489.58	93488881	-104500864	-45297951	120561.3	-329408.4	-107857.6
2033-01-29 11:00:32	5354.08	4392.36	198.81	93501987	-104491141	-45293737	121115.4	-329202	-107766.4
2033-01-29 11:09:49	1892.44	6662.62	-163.68	93515092	-104481417	-45289522	121669.2	-328994.9	-107674.8
2033-01-29 11:19:06	-2250.06	6535.87	-467.13	93528195	-104471691	-45285306	122222.8	-328786.9	-107583
2033-01-29 11:28:23	-5583.09	4057.73	-602.07	93541298	-104461964	-45281090	122776	-328578.1	-107491
2033-01-29 11:37:41	-6907.53	119.76	-519.83	93554399	-104452236	-45276873	123328.9	-328368.5	-107398.6
2033-01-29 11:46:58	-5746.88	-3861.27	-250.08	93567499	-104442507	-45272656	123881.5	-328158	-107306
2033-01-29 11:56:15	-2518.69	-6453.11	109.89	93580597	-104432776	-45268438	124433.9	-327946.7	-107213.1
2033-01-29 12:05:32	1615.66	-6723.33	430.21	93593695	-104423043	-45264220	124985.9	-327734.6	-107120
2033-01-29 12:14:49	5168.77	-4574.71	595.35	93606791	-104413310	-45260000	125537.6	-327521.6	-107026.6
2033-01-29 12:24:07	6862.36	-780.26	545.73	93619886	-104403575	-45255781	126088.9	-327307.9	-106932.9
2033-01-29 12:33:24	6087.11	3294.87	299.25	93632980	-104393838	-45251560	126640	-327093.3	-106838.9
2033-01-29 12:42:41	3121.92	6184.59	-55.17	93646073	-104384101	-45247340	127190.8	-326877.8	-106744.7
2033-01-29 12:51:58	-966.45	6849.28	-389.7	93659164	-104374361	-45243118	127741.2	-326661.6	-106650.2
2033-01-29 13:01:15	-4707.15	5049.82	-583.64	93672254	-104364621	-45238896	128291.3	-326444.5	-106555.5
2033-01-29 13:10:32	-6754.39	1433.61	-567.06	93685343	-104354879	-45234673	128841.1	-326226.6	-106460.4
2033-01-29 13:19:50	-6371.64	-2698.35	-345.92	93698431	-104345136	-45230450	129390.6	-326007.9	-106365.1
2033-01-29 13:29:07	-3696.59	-5859.5	0	93711518	-104335392	-45226226	129939.8	-325788.3	-106269.6
2033-01-29 13:38:24	308.38	-6912.58	345.92	93724603	-104325646	-45222002	130488.6	-325568	-106173.7
2033-01-29 13:47:41	4202.44	-5478.74	567.06	93737687	-104315899	-45217777	131037.1	-325346.8	-106077.6
2033-01-29 13:56:58	6584.62	-2073.83	583.64	93750770	-104306150	-45213551	131585.3	-325124.7	-105981.3
2033-01-29 14:06:15	6597.89	2077.16	389.7	93763852	-104296400	-45209325	132133.1	-324901.9	-105884.6
2033-01-29 14:15:33	4237.46	5480.83	55.17	93776933	-104286649	-45205098	132680.7	-324678.2	-105787.7
2033-01-29 14:24:50	352.52	6912.65	-299.25	93790012	-104276896	-45200871	133227.9	-324453.7	-105690.6
2033-01-29 14:34:07	-3659.26	5857.52	-545.73	93803090	-104267142	-45196643	133774.7	-324228.4	-105593.1
2033-01-29 14:43:24	-6354.59	2695.05	-595.35	93816167	-104257387	-45192415	134321.3	-324002.3	-105495.4
2033-01-29 14:52:41	-6763.77	-1436.99	-430.21	93829243	-104247630	-45188186	134867.4	-323775.4	-105397.5
2033-01-29 15:01:59	-4739.57	-5052.02	-109.89	93842317	-104237872	-45183956	135413.3	-323547.6	-105299.2
2033-01-29 15:11:16	-1010.23	-6849.49	250.08	93855391	-104228113	-45179726	135958.8	-323319	-105200.7
2033-01-29 15:20:33	3082.59	-6182.72	519.83	93868463	-104218352	-45175495	136504	-323089.6	-105102
2033-01-29 15:29:50	6066.41	-3291.61	602.07	93881533	-104208590	-45171263	137048.8	-322859.4	-105002.9
2033-01-29 15:39:07	6867.76	783.69	467.13	93894603	-104198827	-45167031	137593.3	-322628.3	-104903.6
2033-01-29 15:48:24	5198.33	4577.02	163.68	93907672	-104189062	-45162799	138137.5	-322396.4	-104804.1
2033-01-29 15:57:42	1658.7	6723.67	-198.81	93920739	-104179296	-45158566	138681.3	-322163.8	-104704.3
2033-01-29 16:06:59	-2477.69	6451.35	-489.58	93933805	-104169528	-45154332	139224.7	-321930.3	-104604.2
2033-01-29 16:16:16	-5722.72	3858.04	-603.75	93946870	-104159760	-45150098	139767.8	-321695.9	-104503.8
2033-01-29 16:25:33	-6908.93	-123.24	-500.13	93959933	-104149989	-45145863	140310.6	-321460.8	-104403.2
2033-01-29 16:34:50	-5609.54	-4060.17	-216.1	93972995	-104140218	-45141627	140853	-321224.9	-104302.3
2033-01-29 16:44:08	-2292.02	-6536.36	145.88	93986057	-104130445	-45137391	141395.1	-320988.1	-104201.2
2033-01-29 16:53:25	1850.11	-6660.96	455.24	93999117	-104120671	-45133154	141936.8	-320750.5	-104099.7
2033-01-29 17:02:42	5326.66	-4389.17	600.39	94012175	-104110895	-45128917	142478.1	-320512.1	-103998.1
2033-01-29 17:11:59	6886.87	-538.31	528.96	94025233	-104101118	-45124679	143019.1	-320272.9	-103896.1
2033-01-29 17:21:16	5969.43	3506.19	266.72	94038289	-104091340	-45120441	143559.7	-320032.9	-103793.9
2033-01-29 17:30:33	2904.38	6289.26	-91.73	94051344	-104081560	-45116202	144100	-319792	-103691.5
2033-01-29 17:39:51	-1205.59	6809.64	-417.09	94064398	-104071779	-45111962	144639.9	-319550.4	-103588.7
2033-01-29 17:49:08	-4881.85	4880.13	-592	94077451	-104061997	-45107722	145179.4	-319307.9	-103485.8
2033-01-29 17:58:25	-6801.8	1194.93	-553.35	94090502	-104052213	-45103481	145718.6	-319064.6	-103382.5
2033-01-29 18:07:42	-6274.71	-2920.15	-315.1	94103552	-104042428	-45099240	146257.4	-318820.6	-103279
2033-01-29 18:16:59	-3490.18	-5984.63	36.81	94116601	-104032642	-45094998	146795.9	-318575.7	-103175.2
2033-01-29 18:26:17	550.01	-6896.02	375.45	94129649	-104022854	-45090755	147333.9	-318329.9	-103071.2
2033-01-29 18:35:34	4392.35	-5326.44	578.65	94142695	-104013065	-45086512	147871.6	-318083.4	-102966.9
2033-01-29 18:44:51	6654.5	-1840.59	573.12	94155741	-104003275	-45082269	148409	-317836.1	-102862.3
2033-01-29 18:54:08	6522.59	2307.42	360.85	94168785	-103993483	-45078024	148945.9	-317587.9	-102757.5
2033-01-29 19:03:25	4044.07	5625.27	18.41	94181828	-103983690	-45073780	149482.5	-317339	-102652.4
2033-01-29 19:12:42	110.62	6919.32	-330.67	94194869	-103973895	-45069534	150018.7	-317089.2	-102547.1
2033-01-29 19:22:00	-3862.66	5724.01	-560.47	94207910	-103964099	-45065288	150554.5	-316838.7	-102441.5
2033-01-29 19:31:17	-6446.3	2469.4	-588.09	94220949	-103954302	-45061041	151090	-316587.3	-102335.6
2033-01-29 19:40:34	-6710.79	-1673.6	-403.58	94233987	-103944504	-45056794	151625	-316335.1	-102229.5
2033-01-29 19:49:51	-4560.97	-5214.47	-73.49	94247024	-103934704	-45052546	152159.7	-316082.1	-102123.1
2033-01-29 19:59:08	-770.25	-6879.33	283.12	94260060	-103924902	-45048298	152694	-315828.3	-102016.5
2033-01-29 20:08:25	3297.6	-6069.22	537.59	94273094	-103915100	-45044049	153227.9	-315573.7	-101909.6
2033-01-29 20:17:43	6179.11	-3075.61	598.15	94286127	-103905296	-45039800	153761.5	-315318.3	-101802.4
2033-01-29 20:27:00	6837.6	1024.49	442.93	94299159	-103895491	-45035550	154294.6	-315062.1	-101695
2033-01-29 20:36:17	5036.16	4755.98	127.94	94312190	-103885684	-45031299	154827.4	-314805.1	-101587.3
2033-01-29 20:45:34	1422.86	6776.41	-233.2	94325219	-103875876	-45027048	155359.7	-314547.3	-101479.4
2033-01-29 20:54:51	-2702.36	6358.89	-510.22	94338248	-103866067	-45022796	155891.7	-314288.6	-101371.2
2033-01-29 21:04:09	-5855.38	3653.66	-603.19	94351275	-103856256	-45018543	156423.2	-314029.2	-101262.8
2033-01-29 21:13:26	-6901.85	-366.02	-478.58	94364300	-103846444	-45014290	156954.4	-313769	-101154.1
2033-01-29 21:22:43	-5465.27	-4254	-181.33	94377325	-103836631	-45010037	157485.2	-313508	-101045.1
2033-01-29 21:32:00	-2062.46	-6611.5	181.33	94390349	-103826816	-45005782	158015.6	-313246.1	-100935.9
2033-01-29 21:41:17	2082.37	-6590.39	478.58	94403371	-103817000	-45001528	158545.6	-312983.5	-100826.4
2033-01-29 21:50:34	5478.07	-4198.28	603.19	94416392	-103807183	-44997272	159075.1	-312720.1	-100716.7
2033-01-29 21:59:52	6902.95	-295.77	510.22	94429411	-103797364	-44993016	159604.3	-312455.8	-100606.7
2033-01-29 22:09:09	5844.4	3713.11	233.2	94442430	-103787544	-44988760	160133.1	-312190.8	-100496.4
2033-01-29 22:18:26	2683.21	6386.12	-127.94	94455447	-103777722	-44984503	160661.5	-311925	-100385.9
2033-01-29 22:27:43	-1443.32	6761.6	-442.93	94468463	-103767900	-44980245	161189.4	-311658.3	-100275.2
2033-01-29 22:37:00	-5050.62	4704.47	-598.15	94481478	-103758076	-44975987	161717	-311390.9	-100164.1
2033-01-29 22:46:18	-6840.89	954.84	-537.59	94494492	-103748250	-44971728	162244.1	-311122.7	-100052.9
2033-01-29 22:55:35	-6170.06	-3138.28	-283.12	94507504	-103738423	-44967469	162770.8	-310853.7	-99941.3
2033-01-29 23:04:52	-3279.43	-6102.33	73.49	94520515	-103728595	-44963209	163297.2	-310583.8	-99829.6
2033-01-29 23:14:09	791.04	-6870.95	403.58	94533525	-103718766	-44958948	163823.1	-310313.2	-99717.5
2033-01-29 23:23:26	4576.94	-5167.62	588.09	94546534	-103708935	-44954687	164348.5	-310041.8	-99605.2
2033-01-29 23:32:43	6716.24	-1605.16	560.47	94559542	-103699103	-44950425	164873.6	-309769.6	-99492.7
2033-01-29 23:42:01	6439.27	2534.76	330.67	94572548	-103689269	-44946163	165398.3	-309496.6	-99379.9
2033-01-29 23:51:18	3845.66	5762.73	-18.41	94585553	-103679434	-44941900	165922.5	-309222.8	-99266.8
2033-01-30 00:00:35	-131.5	6917.45	-360.85	94598557	-103669598	-44937636	166446.3	-308948.3	-99153.5
2033-01-30 00:09:52	-4061.38	5583.48	-573.12	94611559	-103659760	-44933372	166969.7	-308672.9	-99040
2033-01-30 00:19:09	-6530.13	2240.78	-578.65	94624561	-103649921	-44929107	167492.7	-308396.7	-98926.2
2033-01-30 00:28:27	-6649.58	-1908.07	-375.45	94637561	-103640081	-44924842	168015.2	-308119.8	-98812.1
2033-01-30 00:37:44	-4376.72	-5370.43	-36.81	94650560	-103630240	-44920576	168537.3	-307842	-98697.8
2033-01-30 00:47:01	-529.26	-6900.66	315.1	94663558	-103620397	-44916310	169059	-307563.5	-98583.2
2033-01-30 00:56:18	3508.64	-5948.26	553.35	94676554	-103610552	-44912043	169580.2	-307284.1	-98468.4
2033-01-30 01:05:35	6284.27	-2855.88	592	94689550	-103600707	-44907775	170101	-307004	-98353.3
2033-01-30 01:14:52	6799.05	1263.94	417.09	94702544	-103590860	-44903507	170621.4	-306723.1	-98238
2033-01-30 01:24:10	4867.76	4929.01	91.73	94715536	-103581011	-44899239	171141.4	-306441.4	-98122.4
2033-01-30 01:33:27	1185.19	6820.76	-266.72	94728528	-103571162	-44894969	171660.9	-306158.9	-98006.6
2033-01-30 01:42:44	-2923.78	6258.61	-528.96	94741518	-103561311	-44890699	172180	-305875.7	-97890.5
2033-01-30 01:52:01	-5980.91	3444.83	-600.39	94754508	-103551458	-44886429	172698.6	-305591.6	-97774.2
2033-01-30 02:01:18	-6886.31	-608.27	-455.24	94767496	-103541605	-44882158	173216.8	-305306.8	-97657.6
2033-01-30 02:10:35	-5314.26	-4442.51	-145.88	94780482	-103531750	-44877886	173734.5	-305021.1	-97540.8
2033-01-30 02:19:53	-1830.3	-6678.46	216.1	94793468	-103521893	-44873614	174251.9	-304734.7	-97423.7
2033-01-30 02:29:10	2312.16	-6511.71	500.13	94806452	-103512035	-44869341	174768.7	-304447.5	-97306.4
2033-01-30 02:38:27	5622.81	-4002.26	603.75	94819435	-103502176	-44865068	175285.1	-304159.6	-97188.8
2033-01-30 02:47:44	6910.58	-52.95	489.58	94832417	-103492316	-44860794	175801.1	-303870.8	-97071
2033-01-30 02:57:01	5712.16	3915.39	198.81	94845397	-103482454	-44856519	176316.6	-303581.3	-96952.9
2033-01-30 03:06:19	2458.69	6475.08	-163.68	94858377	-103472591	-44852244	176831.7	-303290.9	-96834.6
2033-01-30 03:15:36	-1679.36	6705.23	-467.13	94871355	-103462727	-44847968	177346.3	-302999.8	-96716
2033-01-30 03:24:53	-5213.25	4523.06	-602.07	94884332	-103452861	-44843692	177860.5	-302708	-96597.2
2033-01-30 03:34:10	-6871.61	713.66	-519.83	94897308	-103442994	-44839415	178374.2	-302415.3	-96478.1
2033-01-30 03:43:27	-6057.8	-3352.47	-250.08	94910282	-103433125	-44835138	178887.5	-302121.9	-96358.8
2033-01-30 03:52:44	-3064.59	-6212.47	109.89	94923255	-103423256	-44830860	179400.3	-301827.6	-96239.2
2033-01-30 04:02:02	1031.18	-6837.41	430.21	94936227	-103413384	-44826581	179912.6	-301532.6	-96119.4
2033-01-30 04:11:19	4755.98	-5002.47	595.35	94949198	-103403512	-44822302	180424.5	-301236.9	-95999.4
2033-01-30 04:20:36	6769.77	-1367.82	545.73	94962168	-103393638	-44818022	180935.9	-300940.3	-95879.1
2033-01-30 04:29:53	6348.03	2758.9	299.25	94975136	-103383763	-44813742	181446.9	-300643	-95758.5
2033-01-30 04:39:10	3642.48	5893.04	-55.17	94988103	-103373886	-44809461	181957.4	-300344.9	-95637.7
2033-01-30 04:48:28	-373.54	6907.04	-389.7	95001069	-103364009	-44805179	182467.4	-300046	-95516.7
2033-01-30 04:57:45	-4255.19	5436.11	-583.64	95014033	-103354129	-44800897	182977	-299746.4	-95395.4
2033-01-30 05:07:02	-6605.99	2009.46	-567.06	95026997	-103344249	-44796615	183486	-299445.9	-95273.9
2033-01-30 05:16:19	-6580.19	-2140.11	-345.92	95039959	-103334367	-44792331	183994.7	-299144.7	-95152.1
2033-01-30 05:25:36	-4187.05	-5519.71	0	95052920	-103324484	-44788048	184502.8	-298842.8	-95030.1
2033-01-30 05:34:53	-287.54	-6913.48	345.92	95065880	-103314599	-44783763	185010.5	-298540	-94907.8
2033-01-30 05:44:11	3715.45	-5820.01	567.06	95078838	-103304713	-44779478	185517.7	-298236.5	-94785.3
2033-01-30 05:53:28	6381.76	-2632.69	583.64	95091795	-103294826	-44775193	186024.4	-297932.2	-94662.6
2033-01-30 06:02:45	6752.14	1501.76	389.7	95104751	-103284938	-44770906	186530.7	-297627.2	-94539.6
2033-01-30 06:12:02	4693.33	5095.9	55.17	95117706	-103275048	-44766620	187036.4	-297321.4	-94416.3
2033-01-30 06:21:19	946	6856.68	-299.25	95130660	-103265157	-44762332	187541.7	-297014.8	-94292.8
2033-01-30 06:30:36	-3141.69	6150.65	-545.73	95143612	-103255264	-44758045	188046.5	-296707.4	-94169.1
2033-01-30 06:39:54	-6099.14	3231.82	-595.35	95156563	-103245370	-44753756	188550.8	-296399.3	-94045.2
2033-01-30 06:49:11	-6862.33	-849.69	-430.21	95169513	-103235475	-44749467	189054.7	-296090.4	-93921
2033-01-30 06:58:28	-5156.68	-4625.49	-109.89	95182462	-103225578	-44745177	189558	-295780.7	-93796.5
2033-01-30 07:07:45	-1595.82	-6737.16	250.08	95195409	-103215680	-44740887	190060.9	-295470.3	-93671.8
2033-01-30 07:17:02	2539.18	-6425.02	519.83	95208355	-103205781	-44736596	190563.3	-295159.1	-93546.9
2033-01-30 07:26:20	5760.7	-3801.37	602.07	95221300	-103195880	-44732305	191065.2	-294847.2	-93421.7
2033-01-30 07:35:37	6909.73	189.87	467.13	95234244	-103185978	-44728013	191566.6	-294534.5	-93296.3
2033-01-30 07:44:54	5572.87	4112.77	163.68	95247186	-103176075	-44723721	192067.5	-294221	-93170.6
2033-01-30 07:54:11	2231.07	6556.02	-198.81	95260128	-103166171	-44719428	192567.9	-293906.8	-93044.8
2033-01-30 08:03:28	-1913.42	6640.61	-489.58	95273068	-103156265	-44715134	193067.8	-293591.8	-92918.6
2033-01-30 08:12:45	-5369.54	4336.13	-603.75	95286006	-103146357	-44710840	193567.2	-293276	-92792.3
2033-01-30 08:22:03	-6893.91	471.67	-500.13	95298944	-103136449	-44706545	194066.1	-292959.5	-92665.6
2033-01-30 08:31:20	-5938.08	-3562.45	-216.1	95311880	-103126539	-44702249	194564.5	-292642.3	-92538.8
2033-01-30 08:40:37	-2845.92	-6314.9	145.88	95324815	-103116627	-44697953	195062.4	-292324.2	-92411.7
2033-01-30 08:49:54	1270.13	-6795.45	455.24	95337749	-103106715	-44693657	195559.9	-292005.4	-92284.4
2033-01-30 08:59:11	4929.25	-4831.21	600.39	95350682	-103096801	-44689360	196056.8	-291685.9	-92156.8
2033-01-30 09:08:29	6815.01	-1128.88	528.96	95363613	-103086885	-44685062	196553.2	-291365.6	-92029
2033-01-30 09:17:46	6248.97	2979.56	266.72	95376543	-103076969	-44680764	197049.1	-291044.5	-91901
2033-01-30 09:27:03	3434.75	6016.03	-91.73	95389472	-103067051	-44676465	197544.5	-290722.7	-91772.7
2033-01-30 09:36:20	-615.2	6888.12	-417.09	95402400	-103057131	-44672165	198039.3	-290400.2	-91644.2
2033-01-30 09:45:37	-4443.84	5282.08	-592	95415326	-103047211	-44667865	198533.7	-290076.8	-91515.4
2033-01-30 09:54:54	-6673.76	1775.74	-553.35	95428251	-103037289	-44663565	199027.6	-289752.8	-91386.5
2033-01-30 10:04:12	-6502.7	-2369.43	-315.1	95441175	-103027365	-44659264	199520.9	-289428	-91257.2
2033-01-30 10:13:29	-3992.17	-5662.13	36.81	95454098	-103017441	-44654962	200013.7	-289102.4	-91127.8
2033-01-30 10:22:46	-45.38	-6917.77	375.45	95467020	-103007515	-44650659	200506.1	-288776.1	-90998.1
2033-01-30 10:32:03	3917.76	-5684.62	578.65	95479940	-102997587	-44646356	200997.8	-288449	-90868.2
2033-01-30 10:41:20	6471.45	-2406.34	573.12	95492859	-102987659	-44642053	201489.1	-288121.2	-90738
2033-01-30 10:50:38	6696.94	1737.64	360.85	95505777	-102977729	-44637749	201979.9	-287792.6	-90607.6
2033-01-30 10:59:55	4513.09	5256.45	18.41	95518693	-102967797	-44633444	202470.1	-287463.3	-90477
2033-01-30 11:09:12	705.56	6884.14	-330.67	95531609	-102957865	-44629139	202959.8	-287133.2	-90346.1
2033-01-30 11:18:29	-3355.82	6035.14	-560.47	95544523	-102947931	-44624833	203449	-286802.4	-90215
2033-01-30 11:27:46	-6209.92	3014.9	-588.09	95557436	-102937995	-44620527	203937.7	-286470.9	-90083.7
2033-01-30 11:37:03	-6829.91	-1089.98	-403.58	95570347	-102928059	-44616220	204425.8	-286138.6	-89952.1
2033-01-30 11:46:21	-4992.72	-4802.7	-73.49	95583258	-102918121	-44611912	204913.4	-285805.5	-89820.3
2033-01-30 11:55:38	-1359.31	-6787.54	283.12	95596167	-102908181	-44607604	205400.5	-285471.8	-89688.3
2033-01-30 12:04:55	2763.16	-6330.44	537.59	95609075	-102898241	-44603295	205887	-285137.2	-89556
2033-01-30 12:14:12	5891.56	-3595.87	598.15	95621981	-102888299	-44598986	206373	-284802	-89423.5
2033-01-30 12:23:29	6900.39	432.36	442.93	95634887	-102878355	-44594676	206858.5	-284466	-89290.8
2033-01-30 12:32:46	5426.69	4305.02	127.94	95647791	-102868411	-44590366	207343.4	-284129.2	-89157.8
2033-01-30 12:42:04	2000.64	6628.85	-233.2	95660694	-102858465	-44586055	207827.8	-283791.7	-89024.7
2033-01-30 12:51:21	-2145.2	6567.83	-510.22	95673596	-102848517	-44581743	208311.7	-283453.5	-88891.2
2033-01-30 13:00:38	-5519.3	4143.92	-603.19	95686496	-102838569	-44577431	208795	-283114.6	-88757.6
2033-01-30 13:09:55	-6907.75	229.19	-478.58	95699395	-102828619	-44573118	209277.8	-282774.9	-88623.7
2033-01-30 13:19:12	-5811.03	-3767.98	-181.33	95712293	-102818667	-44568805	209760	-282434.4	-88489.6
2033-01-30 13:28:30	-2623.68	-6409.52	181.33	95725190	-102808715	-44564491	210241.7	-282093.3	-88355.3
2033-01-30 13:37:47	1507.6	-6745.12	478.58	95738086	-102798761	-44560177	210722.8	-281751.4	-88220.7
2033-01-30 13:47:04	5096.52	-4654.05	603.19	95750980	-102788805	-44555862	211203.4	-281408.7	-88085.9
2033-01-30 13:56:21	6851.9	-888.62	510.22	95763873	-102778849	-44551546	211683.5	-281065.3	-87950.9
2033-01-30 14:05:38	6142.21	3196.48	233.2	95776765	-102768891	-44547230	212163	-280721.2	-87815.7
2033-01-30 14:14:55	3222.74	6131.57	-127.94	95789655	-102758931	-44542913	212642	-280376.4	-87680.2
2033-01-30 14:24:13	-856.18	6860.71	-442.93	95802545	-102748971	-44538596	213120.4	-280030.9	-87544.5
2033-01-30 14:33:30	-4627.1	5121.59	-598.15	95815433	-102739009	-44534278	213598.2	-279684.6	-87408.5
2033-01-30 14:42:47	-6733.37	1539.91	-537.59	95828320	-102729045	-44529959	214075.5	-279337.5	-87272.4
2033-01-30 14:52:04	-6417.2	-2595.76	-283.12	95841205	-102719081	-44525640	214552.2	-278989.8	-87136
2033-01-30 15:01:21	-3792.33	-5797.53	73.49	95854090	-102709115	-44521321	215028.4	-278641.3	-86999.4
2033-01-30 15:10:39	196.91	-6913.53	403.58	95866973	-102699147	-44517001	215504	-278292.1	-86862.6
2033-01-30 15:19:56	4115.34	-5542.27	588.09	95879855	-102689179	-44512680	215979.1	-277942.2	-86725.5
2033-01-30 15:29:13	6553.22	-2177.09	560.47	95892735	-102679209	-44508358	216453.6	-277591.5	-86588.2
2033-01-30 15:38:30	6633.49	1971.31	330.67	95905615	-102669237	-44504036	216927.5	-277240.2	-86450.7
2033-01-30 15:47:47	4327.24	5410.47	-18.41	95918493	-102659265	-44499714	217400.9	-276888.1	-86313
2033-01-30 15:57:04	464.18	6903.11	-360.85	95931370	-102649291	-44495391	217873.7	-276535.2	-86175
2033-01-30 16:06:22	-3565.9	5912.23	-573.12	95944245	-102639315	-44491067	218346	-276181.7	-86036.8
2033-01-30 16:15:39	-6313.12	2794.33	-578.65	95957120	-102629339	-44486743	218817.6	-275827.4	-85898.4
2033-01-30 16:24:56	-6789.09	-1328.85	-375.45	95969993	-102619361	-44482418	219288.7	-275472.5	-85759.8
2033-01-30 16:34:13	-4822.58	-4973.93	-36.81	95982865	-102609381	-44478093	219759.3	-275116.7	-85621
2033-01-30 16:43:30	-1121.04	-6829.53	315.1	95995736	-102599401	-44473767	220229.2	-274760.3	-85481.9
2033-01-30 16:52:48	2983.83	-6228.09	553.35	96008605	-102589419	-44469440	220698.6	-274403.2	-85342.6
2033-01-30 17:02:05	6015.24	-3386	592	96021473	-102579436	-44465113	221167.4	-274045.3	-85203.1
2033-01-30 17:11:22	6882.59	674.25	417.09	96034340	-102569451	-44460785	221635.7	-273686.8	-85063.3
2033-01-30 17:20:39	5273.81	4491.89	91.73	96047206	-102559465	-44456457	222103.3	-273327.5	-84923.4
2033-01-30 17:29:56	1767.67	6693.49	-266.72	96060071	-102549478	-44452128	222570.4	-272967.5	-84783.2
2033-01-30 17:39:13	-2374.43	6486.97	-528.96	96072934	-102539489	-44447799	223036.9	-272606.8	-84642.8
2033-01-30 17:48:31	-5662.32	3946.67	-600.39	96085796	-102529499	-44443469	223502.8	-272245.3	-84502.2
2033-01-30 17:57:48	-6913.11	-13.5	-455.24	96098657	-102519508	-44439138	223968.2	-271883.2	-84361.3
2033-01-30 18:07:05	-5676.8	-3968.78	-145.88	96111516	-102509515	-44434807	224432.9	-271520.4	-84220.3
2033-01-30 18:16:22	-2398.15	-6496.21	216.1	96124374	-102499521	-44430475	224897.1	-271156.8	-84079
2033-01-30 18:25:39	1743.3	-6686.5	500.13	96137231	-102489526	-44426143	225360.7	-270792.5	-83937.5
2033-01-30 18:34:56	5257.59	-4471.22	603.75	96150087	-102479530	-44421810	225823.7	-270427.6	-83795.8
2033-01-30 18:44:14	6880.39	-647.35	489.58	96162942	-102469532	-44417477	226286.1	-270061.9	-83653.9
2033-01-30 18:53:31	6027.86	3409.38	198.81	96175795	-102459533	-44413143	226747.9	-269695.5	-83511.7
2033-01-30 19:02:48	3006.7	6239.51	-163.68	96188647	-102449532	-44408808	227209.1	-269328.4	-83369.4
2033-01-30 19:12:05	-1096.2	6824.86	-467.13	96201498	-102439530	-44404473	227669.7	-268960.6	-83226.8
2033-01-30 19:21:22	-4804.74	4954.85	-602.07	96214347	-102429527	-44400137	228129.8	-268592.1	-83084
2033-01-30 19:30:40	-6784.72	1302.26	-519.83	96227196	-102419522	-44395801	228589.2	-268222.9	-82941
2033-01-30 19:39:57	-6323.79	-2818.81	-250.08	96240043	-102409516	-44391464	229048	-267853	-82797.7
2033-01-30 19:49:14	-3587.76	-5925.74	109.89	96252889	-102399509	-44387126	229506.3	-267482.4	-82654.3
2033-01-30 19:58:31	439.04	-6900.78	430.21	96265733	-102389501	-44382788	229963.9	-267111.1	-82510.6
2033-01-30 20:07:48	4307.92	-5393.14	595.35	96278577	-102379491	-44378450	230421	-266739.1	-82366.7
2033-01-30 20:17:05	6626.97	-1945.24	545.73	96291419	-102369480	-44374110	230877.4	-266366.4	-82222.6
2033-01-30 20:26:23	6561.87	2202.47	299.25	96304259	-102359467	-44369771	231333.2	-265993	-82078.3
2033-01-30 20:35:40	4136.02	5557.78	-55.17	96317099	-102349453	-44365430	231788.5	-265618.9	-81933.8
2033-01-30 20:44:57	222.15	6913.56	-389.7	96329937	-102339438	-44361089	232243.1	-265244.1	-81789.1
2033-01-30 20:54:14	-3771.67	5782.08	-583.64	96342775	-102329422	-44356748	232697.1	-264868.6	-81644.1
2033-01-30 21:03:31	-6408.59	2570.4	-567.06	96355610	-102319404	-44352406	233150.5	-264492.4	-81499
2033-01-30 21:12:49	-6739.92	-1566	-345.92	96368445	-102309385	-44348063	233603.3	-264115.6	-81353.6
2033-01-30 21:22:06	-4646.45	-5138.98	0	96381278	-102299364	-44343720	234055.5	-263738	-81208
2033-01-30 21:31:23	-881.32	-6863.1	345.92	96394110	-102289343	-44339376	234507.1	-263359.7	-81062.2
2033-01-30 21:40:40	3200.9	-6118.11	567.06	96406941	-102279320	-44335032	234958	-262980.8	-80916.2
2033-01-30 21:49:57	6131.57	-3172.03	583.64	96419771	-102269295	-44330687	235408.4	-262601.2	-80770
2033-01-30 21:59:14	6856.32	915.22	389.7	96432599	-102259269	-44326342	235858.1	-262220.8	-80623.6
2033-01-30 22:08:32	5114.39	4673.18	55.17	96445426	-102249242	-44321995	236307.2	-261839.8	-80476.9
2033-01-30 22:17:49	1532.46	6749.86	-299.25	96458252	-102239214	-44317649	236755.7	-261458.1	-80330.1
2033-01-30 22:27:06	-2600.83	6398.16	-545.73	96471077	-102229184	-44313302	237203.6	-261075.7	-80183
2033-01-30 22:36:23	-5798.44	3744.62	-595.35	96483900	-102219153	-44308954	237650.8	-260692.7	-80035.8
2033-01-30 22:45:40	-6909.99	-256.09	-430.21	96496722	-102209121	-44304605	238097.5	-260308.9	-79888.3
2033-01-30 22:54:58	-5535.55	-4164.64	-109.89	96509543	-102199087	-44300256	238543.5	-259924.5	-79740.6
2033-01-30 23:04:15	-2169.59	-6574.87	250.08	96522363	-102189052	-44295907	238988.8	-259539.4	-79592.7
2033-01-30 23:13:32	1976.94	-6619.67	519.83	96535181	-102179016	-44291557	239433.6	-259153.6	-79444.6
2033-01-30 23:22:49	5412.25	-4282.94	602.07	96547998	-102168978	-44287206	239877.7	-258767.1	-79296.3
2033-01-30 23:32:06	6900.44	-405.37	467.13	96560814	-102158939	-44282855	240321.2	-258379.9	-79147.8
2033-01-30 23:41:23	5906.08	3618.02	163.68	96573629	-102148899	-44278503	240764.1	-257992.1	-78999.1
2033-01-30 23:50:41	2786.89	6339.74	-198.81	96586442	-102138857	-44274151	241206.3	-257603.6	-78850.2
2033-01-30 23:59:58	-1334.95	6780.62	-489.58	96599254	-102128814	-44269798	241647.9	-257214.4	-78701
2033-01-31 00:09:15	-4976.54	4782.06	-603.75	96612065	-102118770	-44265444	242088.9	-256824.5	-78551.7
2033-01-31 00:18:32	-6827.76	1063.09	-500.13	96624875	-102108724	-44261090	242529.2	-256434	-78402.1
2033-01-31 00:27:49	-6222.58	-3038.32	-216.1	96637683	-102098677	-44256736	242968.9	-256042.8	-78252.4
2033-01-31 00:37:06	-3378.72	-6046.62	145.88	96650490	-102088629	-44252380	243407.9	-255650.9	-78102.5
2033-01-31 00:46:24	680.72	-6879.53	455.24	96663296	-102078580	-44248025	243846.4	-255258.3	-77952.3
2033-01-31 00:55:41	4495.28	-5237.42	600.39	96676101	-102068529	-44243668	244284.1	-254865.1	-77801.9
2033-01-31 01:04:58	6692.61	-1711.07	528.96	96688904	-102058477	-44239311	244721.3	-254471.2	-77651.4
2033-01-31 01:14:15	6482.17	2430.84	266.72	96701706	-102048423	-44234954	245157.8	-254076.6	-77500.6
2033-01-31 01:23:32	3939.65	5698.19	-91.73	96714507	-102038368	-44230596	245593.6	-253681.4	-77349.6
2033-01-31 01:32:50	-20.25	6915.5	-417.09	96727307	-102028312	-44226237	246028.8	-253285.5	-77198.5
2033-01-31 01:42:07	-3972.88	5644.85	-592	96740105	-102018254	-44221878	246463.4	-252888.9	-77047.1
2033-01-31 01:51:24	-6496.22	2343.38	-553.35	96752902	-102008196	-44217518	246897.3	-252491.7	-76895.5
2033-01-31 02:00:41	-6682.45	-1801.14	-315.1	96765698	-101998136	-44213158	247330.5	-252093.8	-76743.8
2033-01-31 02:09:58	-4464.55	-5297.64	36.81	96778492	-101988074	-44208797	247763.2	-251695.2	-76591.8
2033-01-31 02:19:15	-640.43	-6888.21	375.45	96791286	-101978011	-44204435	248195.1	-251296	-76439.6
2033-01-31 02:28:33	3414.12	-6000.63	578.65	96804078	-101967947	-44200073	248626.4	-250896.1	-76287.2
2033-01-31 02:37:50	6240.4	-2954.23	573.12	96816869	-101957882	-44195710	249057.1	-250495.6	-76134.7
2033-01-31 02:47:07	6821.61	1154.98	360.85	96829658	-101947815	-44191347	249487.1	-250094.4	-75981.9
2033-01-31 02:56:24	4948.63	4848.64	18.41	96842447	-101937747	-44186983	249916.4	-249692.6	-75828.9
2033-01-31 03:05:41	1295.27	6797.9	-330.67	96855234	-101927678	-44182619	250345.1	-249290	-75675.8
2033-01-31 03:14:59	-2824.1	6301.5	-560.47	96868019	-101917607	-44178254	250773.1	-248886.9	-75522.4
2033-01-31 03:24:16	-5927.48	3538.04	-588.09	96880804	-101907535	-44173888	251200.5	-248483	-75368.8
2033-01-31 03:33:33	-6898.36	-498.28	-403.58	96893587	-101897462	-44169522	251627.2	-248078.6	-75215.1
2033-01-31 03:42:50	-5387.44	-4355.3	-73.49	96906369	-101887387	-44165156	252053.2	-247673.4	-75061.1
2033-01-31 03:52:07	-1938.28	-6645.41	283.12	96919150	-101877311	-44160788	252478.6	-247267.7	-74907
2033-01-31 04:01:24	2208.23	-6544.71	537.59	96931930	-101867234	-44156421	252903.3	-246861.2	-74752.6
2033-01-31 04:10:42	5560.32	-4089.46	598.15	96944708	-101857155	-44152052	253327.3	-246454.1	-74598.1
2033-01-31 04:19:59	6912.01	-162.97	442.93	96957485	-101847075	-44147683	253750.7	-246046.4	-74443.3
2033-01-31 04:29:16	5776.98	3822.13	127.94	96970261	-101836994	-44143314	254173.4	-245638	-74288.4
2033-01-31 04:38:33	2563.58	6432.13	-233.2	96983035	-101826911	-44138944	254595.5	-245229	-74133.3
2033-01-31 04:47:50	-1572.14	6728.05	-510.22	96995808	-101816827	-44134573	255016.8	-244819.3	-73977.9
2033-01-31 04:57:08	-5142.28	4603.45	-603.19	97008580	-101806742	-44130202	255437.5	-244409	-73822.4
2033-01-31 05:06:25	-6862.41	822.7	-478.58	97021351	-101796656	-44125830	255857.5	-243998.1	-73666.7
2033-01-31 05:15:42	-6113.68	-3254.01	-181.33	97034121	-101786568	-44121458	256276.9	-243586.5	-73510.8
2033-01-31 05:24:59	-3165.44	-6160	181.33	97046889	-101776479	-44117085	256695.6	-243174.2	-73354.7
2033-01-31 05:34:16	921.64	-6849.83	478.58	97059656	-101766388	-44112711	257113.6	-242761.3	-73198.4
2033-01-31 05:43:33	4677.17	-5075.31	603.19	97072422	-101756296	-44108337	257530.9	-242347.8	-73042
2033-01-31 05:52:51	6750.03	-1474.88	510.22	97085186	-101746203	-44103962	257947.5	-241933.7	-72885.3
2033-01-31 06:02:08	6394.46	2656.13	233.2	97097949	-101736109	-44099587	258363.5	-241518.9	-72728.4
2033-01-31 06:11:25	3738.36	5831.54	-127.94	97110711	-101726013	-44095211	258778.8	-241103.4	-72571.4
2033-01-31 06:20:42	-262.69	6908.93	-442.93	97123472	-101715916	-44090835	259193.3	-240687.4	-72414.1
2033-01-31 06:29:59	-4169.27	5500.73	-598.15	97136231	-101705818	-44086458	259607.3	-240270.6	-72256.7
2033-01-31 06:39:16	-6575.9	2113.55	-537.59	97148989	-101695718	-44082081	260020.5	-239853.3	-72099.1
2033-01-31 06:48:34	-6616.75	-2033.98	-283.12	97161746	-101685617	-44077703	260433	-239435.3	-71941.3
2033-01-31 06:57:51	-4277.1	-5449.73	73.49	97174502	-101675515	-44073324	260844.9	-239016.7	-71783.3
2033-01-31 07:07:08	-398.68	-6904.84	403.58	97187256	-101665411	-44068945	261256	-238597.5	-71625.1
2033-01-31 07:16:25	3623.21	-5875.81	588.09	97200009	-101655306	-44064565	261666.5	-238177.6	-71466.7
2033-01-31 07:25:42	6341.6	-2732.87	560.47	97212761	-101645200	-44060185	262076.3	-237757.2	-71308.2
2033-01-31 07:35:00	6778.5	1393.24	330.67	97225512	-101635092	-44055804	262485.4	-237336	-71149.4
2033-01-31 07:44:17	4776.72	5018.08	-18.41	97238261	-101624983	-44051422	262893.8	-236914.3	-70990.5
2033-01-31 07:53:34	1056.42	6837.57	-360.85	97251009	-101614873	-44047040	263301.5	-236491.9	-70831.4
2033-01-31 08:02:51	-3043.98	6197.12	-573.12	97263756	-101604761	-44042658	263708.5	-236068.9	-70672.1
2033-01-31 08:12:08	-6049.27	3327.17	-578.65	97276502	-101594649	-44038274	264114.8	-235645.3	-70512.6
2033-01-31 08:21:25	-6878.25	-739.77	-375.45	97289246	-101584534	-44033891	264520.4	-235221.1	-70352.9
2033-01-31 08:30:43	-5232.66	-4540.54	-36.81	97301989	-101574419	-44029506	264925.3	-234796.2	-70193.1
2033-01-31 08:40:00	-1704.52	-6707.75	315.1	97314731	-101564302	-44025121	265329.5	-234370.8	-70033
2033-01-31 08:49:17	2436.88	-6461.73	553.35	97327471	-101554184	-44020736	265733	-233944.7	-69872.8
2033-01-31 08:58:34	5701.59	-3891.01	592	97340211	-101544065	-44016350	266135.8	-233518	-69712.4
2033-01-31 09:07:51	6915.08	79.55	417.09	97352949	-101533944	-44011963	266537.9	-233090.6	-69551.8
2033-01-31 09:17:09	5640.74	4021.47	91.73	97365685	-101523822	-44007576	266939.3	-232662.7	-69391
2033-01-31 09:26:26	2337.04	6516.57	-266.72	97378421	-101513698	-44003188	267340	-232234.1	-69230.1
2033-01-31 09:35:43	-1807.47	6667.22	-528.96	97391155	-101503574	-43998800	267740	-231805	-69068.9
2033-01-31 09:45:00	-5301.74	4419.23	-600.39	97403888	-101493448	-43994411	268139.3	-231375.2	-68907.6
2033-01-31 09:54:17	-6888.64	581.37	-455.24	97416620	-101483320	-43990022	268537.9	-230944.8	-68746.1
2033-01-31 10:03:34	-5997.23	-3465.62	-145.88	97429350	-101473192	-43985632	268935.7	-230513.8	-68584.4
2033-01-31 10:12:52	-2948.2	-6265.78	216.1	97442079	-101463062	-43981241	269332.9	-230082.2	-68422.6
2033-01-31 10:22:09	1161.51	-6811.7	500.13	97454807	-101452931	-43976850	269729.3	-229650	-68260.5
2033-01-31 10:31:26	4853.38	-4907.01	603.75	97467534	-101442798	-43972458	270125	-229217.2	-68098.3
2033-01-31 10:40:43	6799.18	-1236.96	489.58	97480259	-101432664	-43968066	270520	-228783.7	-67935.9
2033-01-31 10:50:00	6298.86	2878.09	198.81	97492983	-101422529	-43963673	270914.3	-228349.7	-67773.4
2033-01-31 10:59:17	3532.41	5957.67	-163.68	97505706	-101412392	-43959280	271307.9	-227915.1	-67610.6
2033-01-31 11:08:35	-504.9	6893.87	-467.13	97518428	-101402255	-43954886	271700.7	-227479.8	-67447.7
2033-01-31 11:17:52	-4360.6	5349.89	-602.07	97531148	-101392116	-43950491	272092.9	-227044	-67284.6
2033-01-31 11:27:09	-6647.51	1881.21	-519.83	97543867	-101381975	-43946096	272484.3	-226607.6	-67121.3
2033-01-31 11:36:26	-6542.88	-2264.24	-250.08	97556585	-101371833	-43941700	272875	-226170.5	-66957.8
2033-01-31 11:45:43	-4084.32	-5595.07	109.89	97569302	-101361690	-43937304	273265	-225732.9	-66794.2
2033-01-31 11:55:01	-156.34	-6912.96	430.21	97582017	-101351546	-43932907	273654.2	-225294.7	-66630.4
2033-01-31 12:04:18	3827.91	-5743.8	595.35	97594731	-101341400	-43928510	274042.7	-224855.8	-66466.4
2033-01-31 12:13:35	6435.03	-2508.23	545.73	97607444	-101331253	-43924112	274430.5	-224416.4	-66302.3
2033-01-31 12:22:52	6727.04	1629.7	299.25	97620155	-101321105	-43919713	274817.6	-223976.4	-66137.9
2033-01-31 12:32:09	4598.88	5181.29	-55.17	97632865	-101310955	-43915314	275203.9	-223535.8	-65973.4
2033-01-31 12:41:26	816.18	6868.81	-389.7	97645574	-101300804	-43910915	275589.5	-223094.6	-65808.8
2033-01-31 12:50:44	-3260.18	6085.16	-583.64	97658282	-101290652	-43906514	275974.4	-222652.8	-65643.9
2033-01-31 13:00:01	-6163.66	3112.28	-567.06	97670988	-101280499	-43902114	276358.6	-222210.5	-65478.9
2033-01-31 13:09:18	-6849.67	-980.27	-345.92	97683694	-101270344	-43897712	276742	-221767.5	-65313.7
2033-01-31 13:18:35	-5071.39	-4720.13	0	97696397	-101260188	-43893310	277124.7	-221324	-65148.3
2033-01-31 13:27:52	-1468.57	-6761.82	345.92	97709100	-101250030	-43888908	277506.6	-220879.8	-64982.8
2033-01-31 13:37:10	2662.61	-6370.83	567.06	97721801	-101239871	-43884505	277887.8	-220435.1	-64817.1
2033-01-31 13:46:27	5835.9	-3687.84	583.64	97734502	-101229711	-43880101	278268.3	-219989.8	-64651.2
2033-01-31 13:55:44	6909.64	321.89	389.7	97747200	-101219550	-43875697	278648	-219544	-64485.2
2033-01-31 14:05:01	5497.51	4215.79	55.17	97759898	-101209387	-43871292	279027	-219097.5	-64319
2033-01-31 14:14:18	2107.55	6592.97	-299.25	97772594	-101199223	-43866887	279405.3	-218650.5	-64152.6
2033-01-31 14:23:35	-2040.67	6598.21	-545.73	97785289	-101189058	-43862481	279782.8	-218202.9	-63986
2033-01-31 14:32:53	-5454.74	4229.65	-595.35	97797983	-101178891	-43858074	280159.6	-217754.7	-63819.3
2033-01-31 14:42:10	-6906.39	339.41	-430.21	97810676	-101168723	-43853667	280535.6	-217305.9	-63652.4
2033-01-31 14:51:27	-5873.35	-3672.9	-109.89	97823367	-101158554	-43849260	280910.9	-216856.6	-63485.4
2033-01-31 15:00:44	-2727.26	-6363.81	250.08	97836057	-101148383	-43844852	281285.4	-216406.6	-63318.1
2033-01-31 15:10:01	1400.04	-6765.22	519.83	97848745	-101138211	-43840443	281659.2	-215956.2	-63150.8
2033-01-31 15:19:19	5023.67	-4732.74	602.07	97861433	-101128038	-43836034	282032.3	-215505.1	-62983.2
2033-01-31 15:28:36	6839.97	-997.59	467.13	97874119	-101117864	-43831624	282404.6	-215053.5	-62815.5
2033-01-31 15:37:53	6195.48	3096.43	163.68	97886804	-101107688	-43827213	282776.1	-214601.3	-62647.6
2033-01-31 15:47:10	3322.04	6076.44	-198.81	97899487	-101097511	-43822802	283146.9	-214148.5	-62479.6
2033-01-31 15:56:27	-746.57	6870.34	-489.58	97912170	-101087332	-43818391	283516.9	-213695.2	-62311.3
2033-01-31 16:05:44	-4546.62	5192.52	-603.75	97924851	-101077153	-43813979	283886.2	-213241.3	-62143
2033-01-31 16:15:02	-6710.97	1646.63	-500.13	97937531	-101066972	-43809566	284254.8	-212786.8	-61974.4
2033-01-31 16:24:19	-6460.93	-2491.64	-216.1	97950209	-101056789	-43805153	284622.6	-212331.8	-61805.7
2033-01-31 16:33:36	-3886.45	-5733.48	145.88	97962886	-101046606	-43800739	284989.6	-211876.2	-61636.9
2033-01-31 16:42:53	86.26	-6912.59	455.24	97975562	-101036421	-43796324	285355.9	-211420.1	-61467.9
2033-01-31 16:52:10	4027.97	-5604.78	600.39	97988237	-101026234	-43791910	285721.4	-210963.4	-61298.7
2033-01-31 17:01:27	6520.56	-2280.58	528.96	98000911	-101016047	-43787494	286086.1	-210506.1	-61129.3
2033-01-31 17:10:45	6667.28	1864.08	266.72	98013583	-101005858	-43783078	286450.1	-210048.3	-60959.8
2033-01-31 17:20:02	4415.32	5338.08	-91.73	98026254	-100995668	-43778661	286813.3	-209589.9	-60790.2
2033-01-31 17:29:19	574.86	6891.6	-417.09	98038923	-100985476	-43774244	287175.8	-209131	-60620.3
2033-01-31 17:38:36	-3472.45	5965.75	-592	98051592	-100975283	-43769826	287537.5	-208671.5	-60450.3
2033-01-31 17:47:53	-6270.5	2893.64	-553.35	98064259	-100965089	-43765408	287898.5	-208211.5	-60280.2
2033-01-31 17:57:11	-6812.65	-1219.48	-315.1	98076925	-100954894	-43760989	288258.6	-207750.9	-60109.9
2033-01-31 18:06:28	-4903.82	-4893.85	36.81	98089589	-100944697	-43756570	288618.1	-207289.8	-59939.4
2033-01-31 18:15:45	-1230.74	-6807.56	375.45	98102253	-100934499	-43752150	288976.7	-206828.1	-59768.8
2033-01-31 18:25:02	2885.15	-6272.13	578.65	98114915	-100924300	-43747729	289334.6	-206365.9	-59598.1
2033-01-31 18:34:19	5963.07	-3480.21	573.12	98127575	-100914099	-43743308	289691.7	-205903.1	-59427.1
2033-01-31 18:43:36	6895.69	563.75	360.85	98140235	-100903897	-43738886	290048	-205439.8	-59256
2033-01-31 18:52:54	5347.46	4404.87	18.41	98152893	-100893694	-43734464	290403.6	-204975.9	-59084.8
2033-01-31 19:02:11	1875.38	6661.25	-330.67	98165550	-100883489	-43730041	290758.4	-204511.5	-58913.4
2033-01-31 19:11:28	-2271.43	6521.12	-560.47	98178206	-100873284	-43725617	291112.4	-204046.6	-58741.9
2033-01-31 19:20:45	-5601.08	4034.93	-588.09	98190860	-100863076	-43721193	291465.6	-203581.1	-58570.2
2033-01-31 19:30:02	-6915.65	97.12	-403.58	98203513	-100852868	-43716769	291818.1	-203115	-58398.3
2033-01-31 19:39:20	-5742.2	-3875.6	-73.49	98216165	-100842658	-43712344	292169.8	-202648.5	-58226.3
2033-01-31 19:48:37	-2502.88	-6453.99	283.12	98228815	-100832447	-43707918	292520.7	-202181.4	-58054.1
2033-01-31 19:57:54	1636.92	-6710.44	537.59	98241465	-100822235	-43703492	292870.9	-201713.8	-57881.8
2033-01-31 20:07:11	5187.83	-4552.71	598.15	98254113	-100812021	-43699065	293220.2	-201245.6	-57709.3
2033-01-31 20:16:28	6872.35	-757.09	442.93	98266760	-100801806	-43694638	293568.8	-200776.9	-57536.7
2033-01-31 20:25:45	6084.42	3310.89	127.94	98279405	-100791590	-43690210	293916.6	-200307.7	-57364
2033-01-31 20:35:03	3107.51	6187.7	-233.2	98292049	-100781372	-43685781	294263.6	-199837.9	-57191
2033-01-31 20:44:20	-987.41	6838.37	-510.22	98304692	-100771153	-43681352	294609.9	-199367.6	-57018
2033-01-31 20:53:37	-4727.11	5028.83	-603.19	98317334	-100760933	-43676922	294955.3	-198896.8	-56844.7
2033-01-31 21:02:54	-6766.18	1410.1	-478.58	98329974	-100750712	-43672492	295300	-198425.4	-56671.4
2033-01-31 21:12:11	-6370.99	-2715.9	-181.33	98342613	-100740489	-43668061	295643.8	-197953.6	-56497.9
2033-01-31 21:21:29	-3683.73	-5864.8	181.33	98355251	-100730265	-43663630	295986.9	-197481.2	-56324.2
2033-01-31 21:30:46	328.85	-6903.72	478.58	98367888	-100720039	-43659198	296329.2	-197008.3	-56150.4
2033-01-31 21:40:03	4223.14	-5458.92	603.19	98380523	-100709813	-43654766	296670.8	-196534.8	-55976.4
2033-01-31 21:49:20	6598.1	-2050.2	510.22	98393157	-100699585	-43650333	297011.5	-196060.9	-55802.3
2033-01-31 21:58:37	6599.29	2096.09	233.2	98405790	-100689355	-43645899	297351.4	-195586.4	-55628.1
2033-01-31 22:07:54	4226.26	5488.25	-127.94	98418421	-100679125	-43641465	297690.6	-195111.4	-55453.7
2033-01-31 22:17:12	332.74	6905.92	-442.93	98431051	-100668893	-43637030	298028.9	-194635.9	-55279.1
2033-01-31 22:26:29	-3680.51	5839.06	-598.15	98443680	-100658660	-43632595	298366.5	-194159.9	-55104.4
2033-01-31 22:35:46	-6369.66	2671.52	-537.59	98456308	-100648425	-43628159	298703.2	-193683.3	-54929.6
2033-01-31 22:45:03	-6767.22	-1457.12	-283.12	98468934	-100638189	-43623723	299039.2	-193206.3	-54754.6
2033-01-31 22:54:20	-4730.15	-5061.51	73.49	98481559	-100627952	-43619286	299374.4	-192728.7	-54579.5
2033-01-31 23:03:37	-991.31	-6844.93	403.58	98494183	-100617714	-43614848	299708.7	-192250.6	-54404.2
2033-01-31 23:12:55	3104.2	-6165.77	588.09	98506806	-100607474	-43610410	300042.3	-191772.1	-54228.8
2033-01-31 23:22:12	6082.94	-3268.38	560.47	98519427	-100597233	-43605972	300375.1	-191293	-54053.3
2033-01-31 23:31:29	6873.24	804.83	330.67	98532047	-100586991	-43601532	300707.1	-190813.4	-53877.6
2033-01-31 23:40:46	5190.78	4588.47	-18.41	98544665	-100576747	-43597093	301038.3	-190333.3	-53701.8
2033-01-31 23:50:03	1640.82	6721.31	-360.85	98557283	-100566502	-43592652	301368.6	-189852.7	-53525.8
2033-01-31 23:59:21	-2499.47	6436.05	-573.12	98569899	-100556256	-43588211	301698.2	-189371.6	-53349.7
2033-02-01 00:08:38	-5740.56	3835.32	-578.65	98582514	-100546009	-43583770	302027	-188890	-53173.4
2033-02-01 00:17:55	-6916.4	-145.2	-375.45	98595127	-100535760	-43579328	302354.9	-188407.8	-52997
2033-02-01 00:27:12	-5603.93	-4073.47	-36.81	98607740	-100525510	-43574885	302682.1	-187925.2	-52820.5
2033-02-01 00:36:29	-2275.35	-6536.21	315.1	98620351	-100515258	-43570442	303008.4	-187442.1	-52643.8
2033-02-01 00:45:46	1871.86	-6647.44	553.35	98632960	-100505005	-43565999	303334	-186958.5	-52467
2033-02-01 00:55:04	5345.66	-4367.16	592	98645569	-100494751	-43561554	303658.7	-186474.4	-52290.1
2033-02-01 01:04:21	6896.28	-515.73	417.09	98658176	-100484496	-43557109	303982.6	-185989.9	-52113
2033-02-01 01:13:38	5965.84	3521.21	91.73	98670782	-100474240	-43552664	304305.8	-185504.8	-51935.8
2033-02-01 01:22:55	2889.07	6291.32	-266.72	98683387	-100463982	-43548218	304628.1	-185019.2	-51758.4
2033-02-01 01:32:12	-1227.11	6798.01	-528.96	98695990	-100453722	-43543772	304949.6	-184533.1	-51580.9
2033-02-01 01:41:30	-4901.84	4859.02	-600.39	98708592	-100443462	-43539324	305270.2	-184046.6	-51403.3
2033-02-01 01:50:47	-6813.07	1171.93	-455.24	98721193	-100433200	-43534877	305590.1	-183559.6	-51225.5
2033-02-01 02:00:04	-6273.18	-2936.75	-145.88	98733792	-100422937	-43530429	305909.2	-183072	-51047.6
2033-02-01 02:09:21	-3476.39	-5988.87	216.1	98746390	-100412673	-43525980	306227.4	-182584	-50869.6
2033-02-01 02:18:38	571.11	-6886.38	500.13	98758987	-100402407	-43521531	306544.8	-182095.5	-50691.5
2033-02-01 02:27:55	4413.17	-5306.41	603.75	98771583	-100392140	-43517081	306861.4	-181606.6	-50513.2
2033-02-01 02:37:13	6667.53	-1817.39	489.58	98784177	-100381872	-43512630	307177.2	-181117.1	-50334.7
2033-02-01 02:46:30	6523.14	2325.45	198.81	98796771	-100371602	-43508179	307492.2	-180627.2	-50156.2
2033-02-01 02:55:47	4031.92	5631.64	-163.68	98809362	-100361331	-43503728	307806.3	-180136.8	-49977.5
2033-02-01 03:05:04	90.13	6911.75	-467.13	98821953	-100351059	-43499275	308119.6	-179645.9	-49798.7
2033-02-01 03:14:21	-3884.11	5705.24	-602.07	98834542	-100340786	-43494823	308432.1	-179154.5	-49619.7
2033-02-01 03:23:39	-6461	2446.2	-519.83	98847130	-100330511	-43490369	308743.8	-178662.7	-49440.6
2033-02-01 03:32:56	-6713.43	-1692.88	-250.08	98859717	-100320235	-43485916	309054.7	-178170.4	-49261.4
2033-02-01 03:42:13	-4550.59	-5222.9	109.89	98872302	-100309957	-43481461	309364.7	-177677.6	-49082.1
2033-02-01 03:51:30	-750.57	-6873.87	430.21	98884886	-100299679	-43477006	309673.9	-177184.4	-48902.6
2033-02-01 04:00:47	3319.5	-6051.86	595.35	98897469	-100289399	-43472551	309982.3	-176690.7	-48723
2033-02-01 04:10:04	6195.35	-3052.61	545.73	98910051	-100279117	-43468095	310289.9	-176196.5	-48543.3
2033-02-01 04:19:22	6842.32	1044.85	299.25	98922631	-100268835	-43463638	310596.6	-175701.8	-48363.5
2033-02-01 04:28:39	5027.64	4766.38	-55.17	98935210	-100258551	-43459181	310902.5	-175206.7	-48183.5
2033-02-01 04:37:56	1404.16	6773.11	-389.7	98947788	-100248266	-43454723	311207.6	-174711.1	-48003.4
2033-02-01 04:47:13	-2724.51	6343.1	-583.64	98960364	-100237979	-43450265	311511.8	-174215.1	-47823.2
2033-02-01 04:56:30	-5873.02	3631.07	-567.06	98972939	-100227692	-43445806	311815.2	-173718.6	-47642.8
2033-02-01 05:05:47	-6908.61	-387.27	-345.92	98985513	-100217403	-43441347	312117.8	-173221.6	-47462.3
2033-02-01 05:15:05	-5458.71	-4266.27	0	98998086	-100207112	-43436887	312419.6	-172724.2	-47281.7
2033-02-01 05:24:22	-2044.93	-6610.38	345.92	99010657	-100196821	-43432426	312720.5	-172226.3	-47101
2033-02-01 05:33:39	2104.58	-6576.3	567.06	99023227	-100186528	-43427965	313020.6	-171728	-46920.2
2033-02-01 05:42:56	5496.95	-4176.3	583.64	99035796	-100176234	-43423503	313319.8	-171229.2	-46739.2
2033-02-01 05:52:13	6911.71	-273.83	389.7	99048363	-100165938	-43419041	313618.2	-170730	-46558.1
2033-02-01 06:01:31	5839.86	3727.14	55.17	99060930	-100155641	-43414578	313915.8	-170230.3	-46376.9
2033-02-01 06:10:48	2667.01	6387.18	-299.25	99073494	-100145343	-43410115	314212.5	-169730.1	-46195.5
2033-02-01 06:20:05	-1465.38	6749.33	-545.73	99086058	-100135044	-43405651	314508.4	-169229.5	-46014.1
2033-02-01 06:29:22	-5070.58	4683.3	-595.35	99098620	-100124743	-43401187	314803.5	-168728.5	-45832.5
2033-02-01 06:38:39	-6851.58	932.4	-430.21	99111181	-100114441	-43396722	315097.7	-168227	-45650.8
2033-02-01 06:47:56	-6167.6	-3153.92	-109.89	99123741	-100104138	-43392256	315391.1	-167725.1	-45469
2033-02-01 06:57:14	-3264.7	-6105.55	250.08	99136300	-100093833	-43387790	315683.6	-167222.7	-45287.1
2033-02-01 07:06:31	812.75	-6860.6	519.83	99148857	-100083528	-43383323	315975.3	-166719.9	-45105
2033-02-01 07:15:48	4597.82	-5147.44	602.07	99161413	-100073220	-43378856	316266.2	-166216.7	-44922.8
2033-02-01 07:25:05	6728.77	-1582.42	467.13	99173967	-100062912	-43374388	316556.2	-165713	-44740.6
2033-02-01 07:34:22	6438.92	2551.87	163.68	99186521	-100052602	-43369920	316845.3	-165208.8	-44558.2
2033-02-01 07:43:40	3832.55	5768.07	-198.81	99199073	-100042291	-43365451	317133.7	-164704.3	-44375.6
2033-02-01 07:52:57	-152.67	6909.09	-489.58	99211623	-100031979	-43360981	317421.1	-164199.3	-44193
2033-02-01 08:02:14	-4082.99	5564.47	-603.75	99224173	-100021665	-43356511	317707.8	-163693.8	-44010.2
2033-02-01 08:11:31	-6544.4	2217.95	-500.13	99236721	-100011350	-43352041	317993.5	-163188	-43827.4
2033-02-01 08:20:48	-6651.35	-1926.49	-216.1	99249268	-100001034	-43347569	318278.5	-162681.7	-43644.4
2033-02-01 08:30:05	-4365.36	-5377.82	145.88	99261813	-99990717	-43343098	318562.6	-162174.9	-43461.3
2033-02-01 08:39:23	-508.83	-6894.38	455.24	99274358	-99980398	-43338625	318845.8	-161667.8	-43278.1
2033-02-01 08:48:40	3530.78	-5930.57	600.39	99286901	-99970078	-43334152	319128.2	-161160.2	-43094.8
2033-02-01 08:57:57	6300.16	-2833.16	528.96	99299443	-99959757	-43329679	319409.7	-160652.2	-42911.3
2033-02-01 09:07:14	6802.95	1283.5	266.72	99311983	-99949434	-43325205	319690.4	-160143.7	-42727.8
2033-02-01 09:16:31	4858.25	4938.38	-91.73	99324522	-99939110	-43320731	319970.2	-159634.9	-42544.1
2033-02-01 09:25:48	1165.69	6816.58	-417.09	99337060	-99928785	-43316255	320249.2	-159125.6	-42360.4
2033-02-01 09:35:06	-2946.26	6242.41	-592	99349597	-99918458	-43311780	320527.3	-158615.9	-42176.5
2033-02-01 09:44:23	-5998.27	3422.44	-553.35	99362132	-99908130	-43307304	320804.5	-158105.8	-41992.5
2033-02-01 09:53:40	-6892.31	-628.78	-315.1	99374666	-99897801	-43302827	321080.9	-157595.2	-41808.4
2033-02-01 10:02:57	-5306.71	-4453.77	36.81	99387199	-99887471	-43298350	321356.5	-157084.3	-41624.2
2033-02-01 10:12:14	-1811.91	-6676.42	375.45	99399730	-99877139	-43293872	321631.2	-156572.9	-41439.9
2033-02-01 10:21:32	2334.78	-6497.12	578.65	99412260	-99866806	-43289393	321905	-156061.1	-41255.5
2033-02-01 10:30:49	5641.51	-3980.38	573.12	99424789	-99856472	-43284914	322178	-155548.9	-41070.9
2033-02-01 10:40:06	6918.62	-31.66	360.85	99437317	-99846136	-43280435	322450.1	-155036.3	-40886.3
2033-02-01 10:49:23	5706.64	3928.42	18.41	99449843	-99835800	-43275955	322721.3	-154523.3	-40701.5
2033-02-01 10:58:40	2441.57	6475.18	-330.67	99462368	-99825462	-43271474	322991.7	-154009.9	-40516.7
2033-02-01 11:07:57	-1701.91	6692.38	-560.47	99474892	-99815122	-43266993	323261.3	-153496.1	-40331.7
2033-02-01 11:17:15	-5233.13	4501.9	-588.09	99487414	-99804781	-43262511	323529.9	-152981.8	-40146.7
2033-02-01 11:26:32	-6881.65	691.8	-403.58	99499935	-99794439	-43258028	323797.7	-152467.2	-39961.5
2033-02-01 11:35:49	-6054.37	-3367.15	-73.49	99512455	-99784096	-43253546	324064.7	-151952.2	-39776.2
2033-02-01 11:45:06	-3048.92	-6214.7	283.12	99524973	-99773752	-43249062	324330.8	-151436.7	-39590.9
2033-02-01 11:54:23	1053.46	-6826.4	537.59	99537491	-99763406	-43244578	324596	-150920.9	-39405.4
2033-02-01 12:03:41	4776.87	-4982.2	598.15	99550007	-99753059	-43240094	324860.3	-150404.6	-39219.8
2033-02-01 12:12:58	6781.72	-1345.59	442.93	99562521	-99742710	-43235608	325123.8	-149888	-39034.1
2033-02-01 12:22:15	6346.74	2775.09	127.94	99575035	-99732360	-43231123	325386.4	-149371	-38848.4
2033-02-01 12:31:32	3628.39	5897.37	-233.2	99587547	-99722009	-43226636	325648.1	-148853.5	-38662.5
2033-02-01 12:40:49	-395.36	6897.97	-510.22	99600057	-99711657	-43222150	325909	-148335.7	-38476.5
2033-02-01 12:50:06	-4276.89	5416.91	-603.19	99612567	-99701304	-43217662	326169	-147817.5	-38290.4
2033-02-01 12:59:24	-6619.75	1987.05	-478.58	99625075	-99690949	-43213174	326428.1	-147298.9	-38104.2
2033-02-01 13:08:41	-6581.05	-2157.66	-181.33	99637582	-99680593	-43208686	326686.4	-146779.9	-37917.9
2033-02-01 13:17:58	-4174.69	-5526.09	181.33	99650088	-99670235	-43204197	326943.8	-146260.6	-37731.6
2033-02-01 13:27:15	-266.38	-6906.42	478.58	99662592	-99659876	-43199707	327200.3	-145740.8	-37545.1
2033-02-01 13:36:32	3737.78	-5802.05	603.19	99675095	-99649516	-43195217	327455.9	-145220.6	-37358.5
2033-02-01 13:45:50	6397.23	-2610.31	510.22	99687597	-99639155	-43190726	327710.7	-144700.1	-37171.8
2033-02-01 13:55:07	6755.17	1520.5	233.2	99700097	-99628792	-43186235	327964.6	-144179.2	-36985.1
2033-02-01 14:04:24	4682.81	5104.26	-127.94	99712596	-99618429	-43181743	328217.6	-143657.9	-36798.2
2033-02-01 14:13:41	925.71	6851.67	-442.93	99725094	-99608063	-43177251	328469.8	-143136.3	-36611.2
2033-02-01 14:22:58	-3164.46	6134.09	-598.15	99737591	-99597697	-43172758	328721	-142614.2	-36424.2
2033-02-01 14:32:15	-6116.17	3209.67	-537.59	99750086	-99587329	-43168265	328971.4	-142091.8	-36237
2033-02-01 14:41:33	-6867.49	-869.45	-283.12	99762580	-99576960	-43163771	329221	-141569	-36049.8
2033-02-01 14:50:50	-5148.11	-4635.75	73.49	99775073	-99566590	-43159276	329469.6	-141045.8	-35862.5
2033-02-01 15:00:07	-1576.58	-6734.25	403.58	99787564	-99556218	-43154781	329717.3	-140522.3	-35675
2033-02-01 15:09:24	2562.17	-6409.99	588.09	99800054	-99545845	-43150285	329964.2	-139998.4	-35487.5
2033-02-01 15:18:41	5779.16	-3779.65	560.47	99812543	-99535471	-43145789	330210.2	-139474.1	-35299.9
2033-02-01 15:27:58	6917	210.46	330.67	99825031	-99525096	-43141292	330455.3	-138949.5	-35112.2
2033-02-01 15:37:16	5566.33	4124.83	-18.41	99837517	-99514719	-43136795	330699.6	-138424.4	-34924.4
2033-02-01 15:46:33	2213.05	6555.21	-360.85	99850002	-99504341	-43132297	330942.9	-137899.1	-34736.5
2033-02-01 15:55:50	-1936.43	6627.24	-573.12	99862485	-99493962	-43127798	331185.4	-137373.3	-34548.5
2033-02-01 16:05:07	-5389.27	4315.03	-578.65	99874968	-99483581	-43123299	331427	-136847.2	-34360.5
2033-02-01 16:14:24	-6903.24	450.44	-375.45	99887449	-99473199	-43118799	331667.7	-136320.8	-34172.3
2033-02-01 16:23:42	-5933.64	-3576.18	-36.81	99899928	-99462816	-43114299	331907.5	-135793.9	-33984.1
2033-02-01 16:32:59	-2829.3	-6316.2	315.1	99912407	-99452432	-43109799	332146.4	-135266.8	-33795.7
2033-02-01 16:42:16	1292.96	-6783.85	553.35	99924884	-99442046	-43105297	332384.5	-134739.2	-33607.3
2033-02-01 16:51:33	4950.07	-4810.91	592	99937360	-99431659	-43100796	332621.6	-134211.4	-33418.8
2033-02-01 17:00:50	6826.33	-1107.19	417.09	99949834	-99421271	-43096293	332857.9	-133683.1	-33230.2
2033-02-01 17:10:07	6246.69	2994.84	91.73	99962308	-99410881	-43091790	333093.3	-133154.5	-33041.5
2033-02-01 17:19:25	3419.68	6019.4	-266.72	99974780	-99400490	-43087287	333327.8	-132625.6	-32852.8
2033-02-01 17:28:42	-637.64	6878.39	-528.96	99987250	-99390098	-43082783	333561.4	-132096.3	-32663.9
2033-02-01 17:37:59	-4465.58	5262.76	-600.39	99999720	-99379705	-43078278	333794.1	-131566.6	-32475
2033-02-01 17:47:16	-6686.97	1753.8	-455.24	100012188	-99369310	-43073773	334025.9	-131036.7	-32286
2033-02-01 17:56:33	-6502.6	-2386.1	-145.88	100024655	-99358914	-43069267	334256.9	-130506.3	-32096.9
2033-02-01 18:05:51	-3978.8	-5667.54	216.1	100037120	-99348517	-43064761	334486.9	-129975.7	-31907.7
2033-02-01 18:15:08	-23.53	-6909.98	500.13	100049584	-99338118	-43060254	334716.1	-129444.6	-31718.4
2033-02-01 18:24:25	3940.23	-5666.45	603.75	100062047	-99327719	-43055747	334944.3	-128913.3	-31529.1
2033-02-01 18:33:42	6486.43	-2384.34	489.58	100074509	-99317317	-43051239	335171.7	-128381.6	-31339.7
2033-02-01 18:42:59	6699.04	1755.56	198.81	100086969	-99306915	-43046730	335398.2	-127849.6	-31150.2
2033-02-01 18:52:16	4501.53	5263.84	-163.68	100099428	-99296511	-43042221	335623.7	-127317.2	-30960.6
2033-02-01 19:01:34	684.5	6878.36	-467.13	100111886	-99286107	-43037712	335848.4	-126784.5	-30770.9
2033-02-01 19:10:51	-3378.81	6018.28	-602.07	100124342	-99275700	-43033202	336072.2	-126251.5	-30581.1
2033-02-01 19:20:08	-6226.56	2993.05	-519.83	100136797	-99265293	-43028691	336295.1	-125718.1	-30391.3
2033-02-01 19:29:25	-6834.2	-1108.96	-250.08	100149251	-99254884	-43024180	336517.1	-125184.4	-30201.4
2033-02-01 19:38:42	-4983.1	-4811.98	109.89	100161703	-99244474	-43019668	336738.2	-124650.4	-30011.4
2033-02-01 19:48:00	-1339.23	-6783.8	430.21	100174155	-99234063	-43015155	336958.4	-124116	-29821.4
2033-02-01 19:57:17	2786.47	-6315.04	595.35	100186605	-99223650	-43010642	337177.7	-123581.4	-29631.2
2033-02-01 20:06:34	5909.72	-3574.35	545.73	100199053	-99213236	-43006129	337396.1	-123046.4	-29441
2033-02-01 20:15:51	6906.84	452.24	299.25	100211500	-99202821	-43001615	337613.6	-122511	-29250.7
2033-02-01 20:25:08	5419.11	4316.11	-55.17	100223946	-99192404	-42997100	337830.2	-121975.4	-29060.4
2033-02-01 20:34:25	1981.73	6627.18	-389.7	100236391	-99181987	-42992585	338045.9	-121439.4	-28869.9
2033-02-01 20:43:43	-2168.63	6554	-583.64	100248835	-99171568	-42988070	338260.7	-120903.1	-28679.4
2033-02-01 20:53:00	-5538.81	4122.94	-567.06	100261277	-99161147	-42983553	338474.6	-120366.5	-28488.8
2033-02-01 21:02:17	-6916.31	208.6	-345.92	100273717	-99150726	-42979036	338687.6	-119829.6	-28298.2
2033-02-01 21:11:34	-5805.55	-3780.76	0	100286157	-99140303	-42974519	338899.7	-119292.4	-28107.4
2033-02-01 21:20:51	-2606.12	-6409.92	345.92	100298595	-99129879	-42970001	339110.9	-118754.9	-27916.6
2033-02-01 21:30:08	1530.93	-6733	567.06	100311032	-99119453	-42965483	339321.2	-118217	-27725.8
2033-02-01 21:39:26	5117.22	-4633.78	583.64	100323468	-99109027	-42960964	339530.6	-117678.8	-27534.8
2033-02-01 21:48:43	6862.52	-867.51	389.7	100335902	-99098599	-42956444	339739.1	-117140.4	-27343.8
2033-02-01 21:58:00	6138.9	3210.84	55.17	100348335	-99088169	-42951924	339946.7	-116601.6	-27152.7
2033-02-01 22:07:17	3206.68	6134.02	-299.25	100360767	-99077739	-42947403	340153.3	-116062.5	-26961.6
2033-02-01 22:16:34	-879.21	6850.38	-545.73	100373197	-99067307	-42942882	340359.1	-115523.1	-26770.3
2033-02-01 22:25:52	-4648.82	5102.22	-595.35	100385626	-99056874	-42938360	340564	-114983.4	-26579
2033-02-01 22:35:09	-6745.94	1518.47	-430.21	100398054	-99046440	-42933838	340767.9	-114443.4	-26387.7
2033-02-01 22:44:26	-6416.1	-2611.55	-109.89	100410480	-99036004	-42929315	340971	-113903.1	-26196.3
2033-02-01 22:53:43	-3777.93	-5802	250.08	100422906	-99025567	-42924792	341173.1	-113362.5	-26004.8
2033-02-01 23:03:00	219.43	-6905.08	519.83	100435329	-99015129	-42920268	341374.3	-112821.7	-25813.2
2033-02-01 23:12:17	4137.87	-5523.96	602.07	100447752	-99004689	-42915743	341574.6	-112280.5	-25621.6
2033-02-01 23:21:35	6567.66	-2155.51	467.13	100460173	-98994249	-42911218	341774	-111739	-25429.9
2033-02-01 23:30:52	6634.61	1988.39	163.68	100472593	-98983806	-42906692	341972.5	-111197.2	-25238.1
2033-02-01 23:40:09	4314.64	5416.91	-198.81	100485012	-98973363	-42902166	342170.1	-110655.2	-25046.3
2033-02-01 23:49:26	442.37	6896.61	-489.58	100497429	-98962919	-42897639	342366.8	-110112.8	-24854.4
2033-02-01 23:58:43	-3589.06	5895.14	-603.75	100509845	-98952473	-42893112	342562.6	-109570.2	-24662.5
2033-02-02 00:08:01	-6329.29	2772.82	-500.13	100522260	-98942026	-42888584	342757.4	-109027.3	-24470.5
2033-02-02 00:17:18	-6792.45	-1347.05	-216.1	100534674	-98931577	-42884056	342951.4	-108484.1	-24278.4
2033-02-02 00:26:35	-4811.89	-4982.27	145.88	100547086	-98921128	-42879527	343144.4	-107940.6	-24086.2
2033-02-02 00:35:52	-1100.15	-6825.03	455.24	100559497	-98910677	-42874997	343336.5	-107396.8	-23894
2033-02-02 00:45:09	3007.41	-6212.37	600.39	100571906	-98900224	-42870467	343527.7	-106852.7	-23701.8
2033-02-02 00:54:26	6033.02	-3364.74	528.96	100584314	-98889771	-42865937	343718	-106308.4	-23509.5
2033-02-02 01:03:44	6888.15	693.4	266.72	100596721	-98879316	-42861406	343907.3	-105763.8	-23317.1
2033-02-02 01:13:01	5265.14	4502.05	-91.73	100609127	-98868860	-42856874	344095.8	-105218.9	-23124.7
2033-02-02 01:22:18	1747.89	6691	-417.09	100621531	-98858403	-42852342	344283.3	-104673.7	-22932.2
2033-02-02 01:31:35	-2398.23	6472.76	-592	100633934	-98847944	-42847809	344469.9	-104128.3	-22739.6
2033-02-02 01:40:52	-5681.55	3925.85	-553.35	100646336	-98837484	-42843275	344655.6	-103582.6	-22547
2033-02-02 01:50:10	-6920.85	-33.42	-315.1	100658736	-98827023	-42838741	344840.4	-103036.6	-22354.3
2033-02-02 01:59:27	-5670.24	-3980.65	36.81	100671136	-98816561	-42834207	345024.3	-102490.4	-22161.6
2033-02-02 02:08:44	-2379.65	-6495.76	375.45	100683533	-98806097	-42829672	345207.3	-101943.9	-21968.8
2033-02-02 02:18:01	1767.09	-6673.91	578.65	100695930	-98795632	-42825136	345389.3	-101397.1	-21776
2033-02-02 02:27:18	5278.11	-4451.03	573.12	100708325	-98785166	-42820600	345570.4	-100850	-21583.1
2033-02-02 02:36:35	6890.24	-626.84	360.85	100720719	-98774698	-42816064	345750.6	-100302.7	-21390.1
2033-02-02 02:45:53	6023.49	3422.84	18.41	100733112	-98764229	-42811526	345929.9	-99755.2	-21197.1
2033-02-02 02:55:10	2989.66	6241.09	-330.67	100745503	-98753759	-42806989	346108.2	-99207.3	-21004.1
2033-02-02 03:04:27	-1119.77	6814	-560.47	100757893	-98743288	-42802450	346285.7	-98659.3	-20811
2033-02-02 03:13:44	-4826.37	4935.47	-588.09	100770281	-98732815	-42797911	346462.2	-98110.9	-20617.8
2033-02-02 03:23:01	-6796.6	1281.35	-403.58	100782669	-98722341	-42793372	346637.8	-97562.3	-20424.6
2033-02-02 03:32:18	-6321.64	-2833.73	-73.49	100795055	-98711866	-42788832	346812.4	-97013.5	-20231.3
2033-02-02 03:41:36	-3572.34	-5929.32	283.12	100807440	-98701390	-42784291	346986.2	-96464.4	-20038
2033-02-02 03:50:53	462.2	-6891.73	537.59	100819823	-98690912	-42779750	347159	-95915	-19844.7
2033-02-02 04:00:10	4330.47	-5374.74	598.15	100832205	-98680433	-42775209	347330.9	-95365.4	-19651.3
2033-02-02 04:09:27	6640.79	-1924.12	442.93	100844586	-98669953	-42770666	347501.9	-94815.6	-19457.8
2033-02-02 04:18:44	6561.98	2218.71	127.94	100856965	-98659471	-42766124	347671.9	-94265.5	-19264.3
2033-02-02 04:28:02	4122.36	5563.3	-233.2	100869344	-98648988	-42761580	347841.1	-93715.1	-19070.7
2033-02-02 04:37:19	199.63	6906.4	-510.22	100881720	-98638504	-42757036	348009.3	-93164.5	-18877.1
2033-02-02 04:46:36	-3794.95	5764.82	-603.19	100894096	-98628019	-42752492	348176.5	-92613.7	-18683.5
2033-02-02 04:55:53	-6424.23	2549.26	-478.58	100906470	-98617532	-42747947	348342.9	-92062.6	-18489.8
2033-02-02 05:05:10	-6742.29	-1583.41	-181.33	100918843	-98607044	-42743402	348508.3	-91511.3	-18296
2033-02-02 05:14:27	-4634.68	-5146.4	181.33	100931215	-98596555	-42738856	348672.8	-90959.8	-18102.2
2033-02-02 05:23:45	-859.64	-6857.88	478.58	100943585	-98586065	-42734309	348836.4	-90408	-17908.4
2033-02-02 05:33:02	3224.69	-6102.14	603.19	100955954	-98575573	-42729762	348999.1	-89856	-17714.5
2033-02-02 05:42:19	6148.9	-3151.07	510.22	100968322	-98565080	-42725214	349160.8	-89303.7	-17520.6
2033-02-02 05:51:36	6860.94	933.63	233.2	100980688	-98554586	-42720666	349321.6	-88751.3	-17326.6
2033-02-02 06:00:53	5104.63	4682.41	-127.94	100993054	-98544090	-42716117	349481.4	-88198.5	-17132.6
2033-02-02 06:10:11	1511.81	6746.61	-442.93	101005417	-98533594	-42711568	349640.4	-87645.6	-16938.5
2033-02-02 06:19:28	-2624.93	6383.61	-598.15	101017780	-98523096	-42707018	349798.4	-87092.4	-16744.4
2033-02-02 06:28:45	-5817.32	3724.02	-537.59	101030141	-98512596	-42702467	349955.5	-86539	-16550.3
2033-02-02 06:38:02	-6916.84	-275.33	-283.12	101042501	-98502096	-42697916	350111.6	-85985.4	-16356.1
2033-02-02 06:47:19	-5527.89	-4175.6	73.49	101054859	-98491594	-42693365	350266.8	-85431.6	-16161.9
2033-02-02 06:56:36	-2150.17	-6573.62	403.58	101067217	-98481091	-42688813	350421.1	-84877.5	-15967.6
2033-02-02 07:05:54	2001.14	-6606.68	588.09	101079573	-98470586	-42684260	350574.5	-84323.2	-15773.3
2033-02-02 07:15:11	5432.52	-4262.89	560.47	101091927	-98460081	-42679707	350726.9	-83768.7	-15579
2033-02-02 07:24:28	6909.46	-385.48	330.67	101104281	-98449574	-42675153	350878.4	-83214	-15384.6
2033-02-02 07:33:45	5900.6	3630.59	-18.41	101116633	-98439066	-42670599	351029	-82659.1	-15190.2
2033-02-02 07:43:02	2768.87	6340.48	-360.85	101128983	-98428556	-42666044	351178.6	-82104	-14995.7
2033-02-02 07:52:20	-1359.03	6769.28	-573.12	101141333	-98418045	-42661489	351327.3	-81548.6	-14801.2
2033-02-02 08:01:37	-4998.01	4762.73	-578.65	101153681	-98407533	-42656933	351475.1	-80993	-14606.7
2033-02-02 08:10:54	-6838.88	1042.74	-375.45	101166027	-98397020	-42652376	351621.9	-80437.2	-14412.2
2033-02-02 08:20:11	-6219.34	-3052.38	-36.81	101178373	-98386506	-42647819	351767.8	-79881.3	-14217.6
2033-02-02 08:29:28	-3362.27	-6049.33	315.1	101190717	-98375990	-42643262	351912.8	-79325.1	-14022.9
2033-02-02 08:38:45	704.46	-6869.94	553.35	101203060	-98365473	-42638703	352056.8	-78768.7	-13828.3
2033-02-02 08:48:03	4517.77	-5218.99	592	101215401	-98354954	-42634145	352199.9	-78212.1	-13633.6
2033-02-02 08:57:20	6705.75	-1690.44	417.09	101227742	-98344435	-42629586	352342.1	-77655.3	-13438.8
2033-02-02 09:06:37	6481.21	2446.25	91.73	101240080	-98333914	-42625026	352483.3	-77098.3	-13244.1
2033-02-02 09:15:54	3924.92	5702.84	-266.72	101252418	-98323392	-42620465	352623.6	-76541.1	-13049.3
2033-02-02 09:25:11	-43.44	6907.74	-528.96	101264754	-98312868	-42615905	352763	-75983.7	-12854.4
2033-02-02 09:34:28	-3996.2	5627.48	-600.39	101277089	-98302344	-42611343	352901.4	-75426.1	-12659.6
2033-02-02 09:43:46	-6511.27	2322.66	-455.24	101289423	-98291818	-42606781	353038.9	-74868.3	-12464.7
2033-02-02 09:53:03	-6683.79	-1817.75	-145.88	101301755	-98281290	-42602219	353175.5	-74310.3	-12269.7
2033-02-02 10:02:20	-4451.69	-5304.18	216.1	101314086	-98270762	-42597656	353311.1	-73752.2	-12074.8
2033-02-02 10:11:37	-617.99	-6882.33	500.13	101326416	-98260232	-42593092	353445.8	-73193.8	-11879.8
2033-02-02 10:20:54	3438.06	-5984.46	603.75	101338744	-98249701	-42588528	353579.5	-72635.3	-11684.8
2033-02-02 10:30:12	6257.22	-2933.6	489.58	101351071	-98239169	-42583963	353712.3	-72076.5	-11489.8
2033-02-02 10:39:29	6825.24	1172.64	198.81	101363397	-98228635	-42579398	353844.2	-71517.6	-11294.7
2033-02-02 10:48:46	4937.75	4856.99	-163.68	101375721	-98218101	-42574832	353975.1	-70958.5	-11099.6
2033-02-02 10:58:03	1273.79	6793.95	-467.13	101388045	-98207565	-42570266	354105.1	-70399.2	-10904.5
2033-02-02 11:07:20	-2848.45	6286.68	-602.07	101400366	-98197027	-42565699	354234.2	-69839.7	-10709.4
2033-02-02 11:16:37	-5945.94	3517.69	-519.83	101412687	-98186489	-42561131	354362.3	-69280.1	-10514.2
2033-02-02 11:25:55	-6904.27	-516.82	-250.08	101425006	-98175949	-42556563	354489.5	-68720.3	-10319
2033-02-02 11:35:12	-5378.66	-4365.38	109.89	101437324	-98165408	-42551995	354615.7	-68160.3	-10123.8
2033-02-02 11:44:29	-1917.96	-6643.41	430.21	101449640	-98154865	-42547426	354741	-67600.1	-9928.5
2033-02-02 11:53:46	2232.78	-6531.37	595.35	101461956	-98144322	-42542856	354865.4	-67039.8	-9733.3
2033-02-02 12:03:03	5580.26	-4069.58	545.73	101474269	-98133777	-42538286	354988.8	-66479.2	-9538
2033-02-02 12:12:21	6920.14	-143.72	299.25	101486582	-98123231	-42533715	355111.3	-65918.5	-9342.7
2033-02-02 12:21:38	5770.38	3833.83	-55.17	101498893	-98112683	-42529144	355232.8	-65357.7	-9147.3
2033-02-02 12:30:55	2544.6	6432.09	-389.7	101511203	-98102134	-42524572	355353.5	-64796.7	-8952
2033-02-02 12:40:12	-1596.67	6716.29	-583.64	101523512	-98091584	-42519999	355473.1	-64235.5	-8756.6
2033-02-02 12:49:29	-5163.52	4584.22	-567.06	101535819	-98081033	-42515427	355591.8	-63674.1	-8561.2
2033-02-02 12:58:46	-6872.72	802.92	-345.92	101548125	-98070481	-42510853	355709.6	-63112.6	-8365.8
2033-02-02 13:08:04	-6109.32	-3267.22	0	101560430	-98059927	-42506279	355826.5	-62550.9	-8170.4
2033-02-02 13:17:21	-3147.98	-6161.91	345.92	101572733	-98049372	-42501705	355942.3	-61989.1	-7974.9
2033-02-02 13:26:38	945.93	-6839.75	567.06	101585035	-98038816	-42497129	356057.3	-61427.1	-7779.4
2033-02-02 13:35:55	4699.55	-5056.9	583.64	101597336	-98028258	-42492554	356171.3	-60864.9	-7584
2033-02-02 13:45:12	6762.42	-1454.76	389.7	101609636	-98017699	-42487978	356284.4	-60302.6	-7388.5
2033-02-02 13:54:29	6392.4	2670.73	55.17	101621934	-98007139	-42483401	356396.5	-59740.2	-7192.9
2033-02-02 14:03:47	3722.58	5835.36	-299.25	101634230	-97996578	-42478823	356507.7	-59177.6	-6997.4
2033-02-02 14:13:04	-286.53	6900.63	-545.73	101646526	-97986015	-42474246	356617.9	-58614.8	-6801.8
2033-02-02 14:22:21	-4192.57	5483.29	-595.35	101658820	-97975451	-42469667	356727.2	-58051.9	-6606.3
2033-02-02 14:31:38	-6590.27	2093.27	-430.21	101671113	-97964886	-42465088	356835.6	-57488.8	-6410.7
2033-02-02 14:40:55	-6617.01	-2049.81	-109.89	101683404	-97954320	-42460509	356943	-56925.6	-6215.1
2033-02-02 14:50:13	-4263.14	-5455.43	250.08	101695695	-97943752	-42455929	357049.5	-56362.3	-6019.5
2033-02-02 14:59:30	-375.51	-6898.36	519.83	101707983	-97933183	-42451348	357155	-55798.8	-5823.9
2033-02-02 15:08:47	3647.23	-5859.5	602.07	101720271	-97922613	-42446767	357259.6	-55235.1	-5628.2
2033-02-02 15:18:04	6357.84	-2712.62	467.13	101732557	-97912042	-42442185	357363.2	-54671.4	-5432.6
2033-02-02 15:27:21	6781.09	1410.16	163.68	101744842	-97901469	-42437603	357465.9	-54107.5	-5236.9
2033-02-02 15:36:38	4764.72	5025.58	-198.81	101757126	-97890895	-42433020	357567.7	-53543.4	-5041.3
2033-02-02 15:45:56	1034.13	6832.97	-489.58	101769408	-97880320	-42428437	357668.5	-52979.2	-4845.6
2033-02-02 15:55:13	-3068.52	6182.09	-603.75	101781689	-97869743	-42423853	357768.3	-52414.9	-4649.9
2033-02-02 16:04:30	-6067.24	3307.12	-500.13	101793969	-97859166	-42419269	357867.2	-51850.4	-4454.2
2033-02-02 16:13:47	-6883.16	-757.61	-216.1	101806247	-97848587	-42414684	357965.2	-51285.9	-4258.5
2033-02-02 16:23:04	-5222.73	-4549.76	145.88	101818524	-97838007	-42410098	358062.2	-50721.2	-4062.8
2033-02-02 16:32:22	-1683.31	-6705.06	455.24	101830800	-97827425	-42405512	358158.3	-50156.3	-3867
2033-02-02 16:41:39	2461.73	-6448.1	600.39	101843074	-97816842	-42400926	358253.4	-49591.3	-3671.3
2033-02-02 16:50:56	5721.14	-3871.35	528.96	101855347	-97806258	-42396339	358347.6	-49026.3	-3475.6
2033-02-02 17:00:13	6922.27	98.15	266.72	101867619	-97795673	-42391751	358440.9	-48461	-3279.8
2033-02-02 17:09:30	5632.98	4032.33	-91.73	101879889	-97785086	-42387163	358533.2	-47895.7	-3084.1
2033-02-02 17:18:47	2317.11	6515.8	-417.09	101892158	-97774499	-42382574	358624.5	-47330.2	-2888.3
2033-02-02 17:28:05	-1832.4	6655.1	-592	101904426	-97763910	-42377985	358714.9	-46764.7	-2692.6
2033-02-02 17:37:22	-5322.69	4400.15	-553.35	101916692	-97753319	-42373395	358804.4	-46199	-2496.8
2033-02-02 17:46:39	-6898.06	562.19	-315.1	101928957	-97742728	-42368805	358892.9	-45633.2	-2301
2033-02-02 17:55:56	-5991.72	-3478.01	36.81	101941221	-97732135	-42364214	358980.4	-45067.2	-2105.3
2033-02-02 18:05:13	-2929.73	-6266.92	375.45	101953484	-97721541	-42359622	359067.1	-44501.2	-1909.5
2033-02-02 18:14:31	1186.3	-6801.21	578.65	101965745	-97710945	-42355030	359152.7	-43935.1	-1713.7
2033-02-02 18:23:48	4875.56	-4888.67	573.12	101978005	-97700349	-42350438	359237.5	-43368.8	-1518
2033-02-02 18:33:05	6810.75	-1217.37	360.85	101990263	-97689751	-42345844	359321.2	-42802.4	-1322.2
2033-02-02 18:42:22	6295.66	2891.87	18.41	102002520	-97679152	-42341251	359404.1	-42236	-1126.4
2033-02-02 18:51:39	3515.57	5960.7	-330.67	102014776	-97668551	-42336657	359485.9	-41669.4	-930.6
2033-02-02 19:00:56	-529.33	6885.07	-560.47	102027031	-97657950	-42332062	359566.9	-41102.7	-734.8
2033-02-02 19:10:14	-4383.81	5332.44	-588.09	102039284	-97647347	-42327466	359646.8	-40535.9	-539.1
2033-02-02 19:19:31	-6661.15	1861.39	-403.58	102051536	-97636743	-42322871	359725.9	-39969	-343.3
2033-02-02 19:28:48	-6542.02	-2279.3	-73.49	102063786	-97626137	-42318274	359804	-39402.1	-147.5
2033-02-02 19:38:05	-4069.26	-5599.96	283.12	102076036	-97615531	-42313677	359881.1	-38835	48.2
2033-02-02 19:47:22	-132.5	-6905.94	537.59	102088284	-97604923	-42309080	359957.3	-38267.8	244
2033-02-02 19:56:39	3851.96	-5727.41	598.15	102100530	-97594314	-42304482	360032.5	-37700.5	439.8
2033-02-02 20:05:57	6450.61	-2488.37	442.93	102112775	-97583703	-42299883	360106.8	-37133.2	635.5
2033-02-02 20:15:14	6728.54	1645.88	127.94	102125019	-97573092	-42295284	360180.2	-36565.7	831.3
2033-02-02 20:24:31	4585.75	5187.98	-233.2	102137262	-97562479	-42290685	360252.6	-35998.2	1027
2033-02-02 20:33:48	793.13	6863.61	-510.22	102149503	-97551864	-42286084	360324	-35430.5	1222.8
2033-02-02 20:43:05	-3284.85	6069.96	-603.19	102161743	-97541249	-42281484	360394.5	-34862.8	1418.5
2033-02-02 20:52:23	-6181.07	3092.57	-478.58	102173982	-97530632	-42276882	360464.1	-34295	1614.2
2033-02-02 21:01:40	-6853.53	-997.41	-181.33	102186219	-97520014	-42272281	360532.7	-33727.1	1810
2033-02-02 21:10:57	-5060.3	-4728.53	181.33	102198455	-97509395	-42267678	360600.4	-33159.1	2005.7
2033-02-02 21:20:14	-1446.52	-6758.48	478.58	102210690	-97498775	-42263075	360667.1	-32591.1	2201.4
2033-02-02 21:29:31	2687.69	-6356.97	603.19	102222923	-97488153	-42258472	360732.8	-32022.9	2397.1
2033-02-02 21:38:48	5854.98	-3668.45	510.22	102235155	-97477530	-42253868	360797.6	-31454.7	2592.8
2033-02-02 21:48:06	6915.83	339.83	233.2	102247386	-97466906	-42249263	360861.5	-30886.4	2788.4
2033-02-02 21:57:23	5488.58	4225.84	-127.94	102259615	-97456280	-42244658	360924.4	-30318.1	2984.1
2033-02-02 22:06:40	2086.7	6591.52	-442.93	102271843	-97445653	-42240053	360986.4	-29749.6	3179.8
2033-02-02 22:15:57	-2065.93	6585.8	-598.15	102284070	-97435026	-42235446	361047.4	-29181.1	3375.4
2033-02-02 22:25:14	-5475.32	4210.75	-537.59	102296295	-97424396	-42230840	361107.4	-28612.5	3571
2033-02-02 22:34:32	-6914.87	320.84	-283.12	102308519	-97413766	-42226233	361166.5	-28043.9	3766.7
2033-02-02 22:43:49	-5866.67	-3684.48	73.49	102320742	-97403134	-42221625	361224.7	-27475.2	3962.3
2033-02-02 22:53:06	-2707.8	-6364.24	403.58	102332964	-97392501	-42217016	361281.9	-26906.4	4157.9
2033-02-02 23:02:23	1425.26	-6754.36	588.09	102345184	-97381867	-42212408	361338.2	-26337.5	4353.4
2033-02-02 23:11:40	5045.58	-4714.5	560.47	102357402	-97371231	-42207798	361393.5	-25768.6	4549
2033-02-02 23:20:57	6850.67	-978.56	330.67	102369620	-97360595	-42203188	361447.9	-25199.6	4744.6
2033-02-02 23:30:15	6191.1	3109.42	-18.41	102381836	-97349956	-42198578	361501.3	-24630.6	4940.1
2033-02-02 23:39:32	3304.15	6078.73	-360.85	102394051	-97339317	-42193967	361553.8	-24061.5	5135.6
2033-02-02 23:48:49	-771.54	6861.11	-573.12	102406264	-97328677	-42189355	361605.3	-23492.4	5331.1
2033-02-02 23:58:06	-4569.68	5175.11	-578.65	102418476	-97318035	-42184743	361655.8	-22923.2	5526.6
2033-02-03 00:07:23	-6723.8	1627.3	-375.45	102430687	-97307392	-42180130	361705.5	-22353.9	5722.1
2033-02-03 00:16:41	-6458.91	-2505.93	-36.81	102442896	-97296748	-42175517	361754.1	-21784.6	5917.5
2033-02-03 00:25:58	-3870.3	-5737.6	315.1	102455105	-97286102	-42170903	361801.9	-21215.2	6113
2033-02-03 00:35:15	110.75	-6905.08	553.35	102467311	-97275455	-42166289	361848.6	-20645.8	6308.4
2033-02-03 00:44:32	4051.97	-5588.35	592	102479517	-97264807	-42161674	361894.5	-20076.4	6503.8
2033-02-03 00:53:49	6535.43	-2261.15	417.09	102491721	-97254158	-42157059	361939.3	-19506.8	6699.1
2033-02-03 01:03:06	6667.65	1879.52	91.73	102503924	-97243508	-42152443	361983.3	-18937.3	6894.5
2033-02-03 01:12:24	4401.05	5343.98	-266.72	102516125	-97232856	-42147826	362026.2	-18367.7	7089.8
2033-02-03 01:21:41	551.08	6885.86	-528.96	102528325	-97222203	-42143209	362068.2	-17798.1	7285.1
2033-02-03 01:30:58	-3497.18	5950.45	-600.39	102540524	-97211548	-42138592	362109.3	-17228.4	7480.4
2033-02-03 01:40:15	-6287.27	2874.29	-455.24	102552722	-97200893	-42133974	362149.4	-16658.7	7675.7
2033-02-03 01:49:32	-6815.41	-1235.92	-145.88	102564918	-97190236	-42129355	362188.6	-16088.9	7870.9
2033-02-03 01:58:49	-4891.56	-4901.48	216.1	102577113	-97179578	-42124736	362226.9	-15519.1	8066.2
2033-02-03 02:08:07	-1207.87	-6803.64	500.13	102589306	-97168919	-42120116	362264.1	-14949.3	8261.4
2033-02-03 02:17:24	2910.39	-6258.09	603.75	102601499	-97158258	-42115496	362300.5	-14379.4	8456.5
2033-02-03 02:26:41	5981.6	-3461.11	489.58	102613689	-97147597	-42110875	362335.8	-13809.6	8651.7
2033-02-03 02:35:58	6900.83	581.03	198.81	102625879	-97136934	-42106254	362370.3	-13239.6	8846.8
2033-02-03 02:45:15	5337.35	4414.13	-163.68	102638067	-97126269	-42101632	362403.7	-12669.7	9041.9
2033-02-03 02:54:33	1853.64	6659.16	-467.13	102650254	-97115604	-42097010	362436.3	-12099.7	9237
2033-02-03 03:03:50	-2296.97	6508.46	-602.07	102662439	-97104937	-42092387	362467.9	-11529.7	9432
2033-02-03 03:13:07	-5621.22	4016.25	-519.83	102674624	-97094269	-42087763	362498.5	-10959.7	9627
2033-02-03 03:22:24	-6923.13	79.16	-250.08	102686807	-97083600	-42083139	362528.2	-10389.6	9822
2033-02-03 03:31:41	-5734.32	-3886.4	109.89	102698988	-97072929	-42078514	362556.9	-9819.6	10016.9
2033-02-03 03:40:58	-2482.46	-6453.75	430.21	102711168	-97062257	-42073889	362584.7	-9249.5	10211.9
2033-02-03 03:50:16	1662.53	-6699.26	595.35	102723347	-97051584	-42069264	362611.5	-8679.4	10406.8
2033-02-03 03:59:33	5209.4	-4534.63	545.73	102735525	-97040910	-42064637	362637.4	-8109.3	10601.6
2033-02-03 04:08:50	6882.11	-738.61	299.25	102747701	-97030235	-42060011	362662.4	-7539.1	10796.5
2033-02-03 04:18:07	6078.85	3323.12	-55.17	102759876	-97019558	-42055383	362686.4	-6969	10991.3
2033-02-03 04:27:24	3088.59	6189.29	-389.7	102772049	-97008880	-42050756	362709.4	-6398.8	11186
2033-02-03 04:36:42	-1012.86	6828.77	-583.64	102784221	-96998201	-42046127	362731.5	-5828.7	11380.8
2033-02-03 04:45:59	-4749.94	5011.5	-567.06	102796392	-96987520	-42041498	362752.6	-5258.5	11575.5
2033-02-03 04:55:16	-6778.14	1391.29	-345.92	102808562	-96976838	-42036869	362772.8	-4688.3	11770.2
2033-02-03 05:04:33	-6367.79	-2729.44	0	102820730	-96966155	-42032239	362792.1	-4118.1	11964.8
2033-02-03 05:13:50	-3666.49	-5868.2	345.92	102832897	-96955471	-42027608	362810.4	-3547.9	12159.4
2033-02-03 05:23:07	353.92	-6895.78	567.06	102845063	-96944786	-42022977	362827.7	-2977.7	12354
2033-02-03 05:32:25	4247.01	-5442.5	583.64	102857227	-96934099	-42018346	362844.1	-2407.5	12548.5
2033-02-03 05:41:42	6612.17	-2031.22	389.7	102869390	-96923411	-42013714	362859.6	-1837.3	12743
2033-02-03 05:50:59	6598.49	2110.81	55.17	102881551	-96912722	-42009081	362874.1	-1267.1	12937.5
2033-02-03 06:00:16	4210.86	5493.42	-299.25	102893711	-96902031	-42004448	362887.7	-696.9	13131.9
2033-02-03 06:09:33	308.28	6899.69	-545.73	102905870	-96891340	-41999814	362900.3	-126.7	13326.3
2033-02-03 06:18:51	-3705.23	5823.69	-595.35	102918028	-96880647	-41995180	362911.9	443.5	13520.7
2033-02-03 06:28:08	-6385.72	2652.55	-430.21	102930184	-96869953	-41990545	362922.7	1013.7	13715
2033-02-03 06:37:25	-6768.84	-1472.87	-109.89	102942339	-96859257	-41985909	362932.4	1583.9	13909.3
2033-02-03 06:46:42	-4716.73	-5068.38	250.08	102954492	-96848560	-41981274	362941.3	2154	14103.5
2033-02-03 06:55:59	-967.67	-6840.46	519.83	102966645	-96837862	-41976637	362949.1	2724.2	14297.7
2033-02-03 07:05:16	3129.54	-6151.59	602.07	102978795	-96827163	-41972000	362956.1	3294.3	14491.8
2033-02-03 07:14:34	6100.86	-3249.6	467.13	102990945	-96816463	-41967363	362962.1	3864.4	14686
2033-02-03 07:23:51	6877.28	821.46	163.68	103003093	-96805761	-41962724	362967.1	4434.5	14880
2033-02-03 07:33:08	5179.46	4596.98	-198.81	103015240	-96795058	-41958086	362971.2	5004.6	15074.1
2033-02-03 07:42:25	1618.22	6718.65	-489.58	103027386	-96784354	-41953447	362974.3	5574.7	15268.1
2033-02-03 07:51:42	-2525.22	6423.19	-603.75	103039530	-96773649	-41948807	362976.5	6144.7	15462
2033-02-03 08:00:59	-5760.18	3816.9	-500.13	103051673	-96762942	-41944167	362977.8	6714.8	15655.9
2033-02-03 08:10:17	-6922.82	-162.56	-216.1	103063814	-96752234	-41939526	362978.1	7284.8	15849.8
2033-02-03 08:19:34	-5594.84	-4083.51	145.88	103075954	-96741525	-41934885	362977.4	7854.8	16043.6
2033-02-03 08:28:51	-2253.99	-6535.35	455.24	103088093	-96730815	-41930243	362975.9	8424.7	16237.4
2033-02-03 08:38:08	1897.79	-6636	600.39	103100231	-96720103	-41925600	362973.3	8994.6	16431.1
2033-02-03 08:47:25	5366.82	-4349.26	528.96	103112367	-96709390	-41920958	362969.8	9564.5	16624.8
2033-02-03 08:56:43	6905.04	-497.82	266.72	103124502	-96698676	-41916314	362965.4	10134.4	16818.4
2033-02-03 09:06:00	5959.04	3532.7	-91.73	103136635	-96687961	-41911670	362960.1	10704.2	17012
2033-02-03 09:15:17	2869.15	6292.26	-417.09	103148767	-96677244	-41907026	362953.7	11274	17205.5
2033-02-03 09:24:34	-1252.98	6788.09	-592	103160898	-96666526	-41902381	362946.5	11843.8	17399
2033-02-03 09:33:51	-4924.36	4841.81	-553.35	103173028	-96655807	-41897735	362938.3	12413.5	17592.5
2033-02-03 09:43:08	-6824.11	1153.63	-315.1	103185156	-96645087	-41893089	362929.1	12983.2	17785.9
2033-02-03 09:52:26	-6268.75	-2949.57	36.81	103197283	-96634366	-41888442	362919.1	13552.8	17979.2
2033-02-03 10:01:43	-3458.09	-5991.6	375.45	103209408	-96623643	-41883795	362908	14122.4	18172.5
2033-02-03 10:11:00	596.71	-6878.06	578.65	103221532	-96612919	-41879147	362896	14692	18365.8
2033-02-03 10:20:17	4436.84	-5290.04	573.12	103233655	-96602193	-41874499	362883.1	15261.5	18558.9
2033-02-03 10:29:34	6680.75	-1798.87	360.85	103245777	-96591467	-41869850	362869.3	15831	18752.1
2033-02-03 10:38:52	6521.13	2339.46	18.41	103257897	-96580739	-41865201	362854.4	16400.4	18945.2
2033-02-03 10:48:09	4015.4	5636.11	-330.67	103270016	-96570010	-41860551	362838.7	16969.8	19138.2
2033-02-03 10:57:26	65.04	6905.09	-560.47	103282133	-96559280	-41855900	362822	17539.1	19331.2
2033-02-03 11:06:43	-3908.74	5689.86	-588.09	103294249	-96548548	-41851249	362804.4	18108.4	19524.2
2033-02-03 11:16:00	-6476.29	2427.63	-403.58	103306364	-96537816	-41846598	362785.8	18677.6	19717
2033-02-03 11:25:17	-6713.87	-1707.95	-73.49	103318477	-96527082	-41841946	362766.3	19246.7	19909.9
2033-02-03 11:34:35	-4536.01	-5229.06	283.12	103330589	-96516347	-41837293	362745.8	19815.8	20102.6
2033-02-03 11:43:52	-726.21	-6868.93	537.59	103342700	-96505610	-41832640	362724.4	20384.9	20295.4
2033-02-03 11:53:09	3344.87	-6037.6	598.15	103354810	-96494872	-41827986	362702	20953.9	20488
2033-02-03 12:02:26	6212.58	-3034.17	442.93	103366918	-96484134	-41823332	362678.7	21522.8	20680.6
2033-02-03 12:11:43	6845.21	1060.83	127.94	103379024	-96473393	-41818677	362654.5	22091.7	20873.2
2033-02-03 12:21:00	5015.13	4774.17	-233.2	103391130	-96462652	-41814022	362629.3	22660.5	21065.7
2033-02-03 12:30:18	1380.75	6769.92	-510.22	103403234	-96451909	-41809366	362603.2	23229.2	21258.1
2033-02-03 12:39:35	-2750.4	6330.09	-603.19	103415337	-96441166	-41804710	362576.2	23797.9	21450.5
2033-02-03 12:48:52	-5892.05	3612.93	-478.58	103427438	-96430420	-41800053	362548.2	24366.5	21642.8
2033-02-03 12:58:09	-6913.93	-404.02	-181.33	103439538	-96419674	-41795396	362519.2	24935	21835.1
2033-02-03 13:07:26	-5448.39	-4275.6	181.33	103451637	-96408926	-41790738	362489.4	25503.5	22027.3
2033-02-03 13:16:44	-2022.67	-6608.96	478.58	103463734	-96398178	-41786079	362458.5	26071.9	22219.4
2033-02-03 13:26:01	2130.76	-6564.65	603.19	103475830	-96387428	-41781420	362426.8	26640.2	22411.5
2033-02-03 13:35:18	5517.62	-4158.62	510.22	103487925	-96376676	-41776760	362394.1	27208.5	22603.5
2033-02-03 13:44:35	6919.42	-256.48	233.2	103500018	-96365924	-41772100	362360.5	27776.6	22795.5
2033-02-03 13:53:52	5831.83	3737.91	-127.94	103512110	-96355170	-41767440	362325.9	28344.7	22987.3
2033-02-03 14:03:09	2646.11	6387.53	-442.93	103524201	-96344415	-41762779	362290.4	28912.7	23179.2
2033-02-03 14:12:27	-1491.61	6739.13	-598.15	103536290	-96333659	-41758117	362253.9	29480.6	23371
2033-02-03 14:21:44	-5092.72	4666.24	-537.59	103548378	-96322901	-41753455	362216.5	30048.5	23562.7
2033-02-03 14:31:01	-6861.62	914.62	-283.12	103560465	-96312142	-41748792	362178.2	30616.3	23754.3
2033-02-03 14:40:18	-6161.93	-3166.03	73.49	103572550	-96301383	-41744128	362139	31183.9	23945.9
2033-02-03 14:49:35	-3245.35	-6107.65	403.58	103584634	-96290621	-41739465	362098.8	31751.5	24137.4
2033-02-03 14:58:53	838.82	-6851.94	588.09	103596716	-96279859	-41734800	362057.6	32319	24328.8
2033-02-03 15:08:10	4621.22	-5131.15	560.47	103608798	-96269095	-41730135	362015.5	32886.4	24520.2
2033-02-03 15:17:27	6741.07	-1564.37	330.67	103620877	-96258330	-41725470	361972.5	33453.8	24711.5
2033-02-03 15:26:44	6435.68	2565.2	-18.41	103632956	-96247564	-41720804	361928.6	34021	24902.8
2033-02-03 15:36:01	3814.93	5771.89	-360.85	103645033	-96236797	-41716137	361883.7	34588.1	25094
2033-02-03 15:45:18	-178.33	6902.05	-573.12	103657109	-96226028	-41711470	361837.9	35155.1	25285.1
2033-02-03 15:54:36	-4107.45	5549.11	-578.65	103669184	-96215258	-41706803	361791.1	35722.1	25476.1
2033-02-03 16:03:53	-6558.85	2199.8	-375.45	103681257	-96204487	-41702134	361743.4	36288.9	25667.1
2033-02-03 16:13:10	-6650.57	-1940.9	-36.81	103693329	-96193715	-41697466	361694.8	36855.7	25858
2033-02-03 16:22:27	-4349.62	-5383.31	315.1	103705399	-96182941	-41692797	361645.3	37422.3	26048.9
2033-02-03 16:31:44	-483.79	-6889	553.35	103717468	-96172167	-41688127	361594.8	37988.9	26239.6
2033-02-03 16:41:02	3556.1	-5916.27	592	103729536	-96161391	-41683457	361543.3	38555.3	26430.3
2033-02-03 16:50:19	6316.64	-2815.09	417.09	103741603	-96150613	-41678786	361491	39121.6	26621
2033-02-03 16:59:36	6804.64	1298.85	91.73	103753668	-96139835	-41674114	361437.7	39687.8	26811.5
2033-02-03 17:08:53	4844.54	4945.49	-266.72	103765732	-96129055	-41669443	361383.5	40253.9	27002
2033-02-03 17:18:10	1141.51	6812.91	-528.96	103777794	-96118274	-41664770	361328.3	40819.9	27192.4
2033-02-03 17:27:27	-2972.22	6229.29	-600.39	103789855	-96107492	-41660097	361272.2	41385.8	27382.7
2033-02-03 17:36:45	-6016.65	3404.6	-455.24	103801915	-96096709	-41655424	361215.2	41951.6	27573
2033-02-03 17:46:02	-6896.47	-644.93	-145.88	103813973	-96085924	-41650750	361157.2	42517.3	27763.2
2033-02-03 17:55:19	-5295.16	-4462.42	216.1	103826030	-96075138	-41646075	361098.3	43082.8	27953.3
2033-02-03 18:04:36	-1788.8	-6674.48	500.13	103838086	-96064351	-41641400	361038.5	43648.3	28143.4
2033-02-03 18:13:53	2361.14	-6485.3	603.75	103850140	-96053563	-41636724	360977.8	44213.6	28333.3
2033-02-03 18:23:10	5661.62	-3962.95	489.58	103862193	-96042773	-41632048	360916.1	44778.8	28523.2
2033-02-03 18:32:28	6925.23	-14.88	198.81	103874245	-96031982	-41627371	360853.5	45343.8	28713
2033-02-03 18:41:45	5697.35	3938.52	-163.68	103886295	-96021190	-41622694	360789.9	45908.8	28902.8
2033-02-03 18:51:02	2419.73	6474.97	-467.13	103898344	-96010397	-41618016	360725.5	46473.6	29092.4
2033-02-03 19:00:19	-1728.45	6681.96	-602.07	103910392	-95999602	-41613338	360660	47038.3	29282
2033-02-03 19:09:36	-5254.8	4485.02	-519.83	103922438	-95988807	-41608659	360593.7	47602.9	29471.5
2033-02-03 19:18:54	-6890.65	674.55	-250.08	103934483	-95978010	-41603980	360526.5	48167.3	29660.9
2033-02-03 19:28:11	-6047.45	-3378.59	109.89	103946527	-95967211	-41599300	360458.3	48731.6	29850.3
2033-02-03 19:37:28	-3028.55	-6216.22	430.21	103958569	-95956412	-41594620	360389.2	49295.8	30039.5
2033-02-03 19:46:45	1079.94	-6817.47	595.35	103970610	-95945611	-41589939	360319.1	49859.8	30228.7
2033-02-03 19:56:02	4799.92	-4966.04	545.73	103982650	-95934809	-41585257	360248.1	50423.8	30417.8
2033-02-03 20:05:19	6793.04	-1328.02	299.25	103994688	-95924006	-41580575	360176.2	50987.5	30606.9
2033-02-03 20:14:37	6342.24	2787.76	-55.17	104006725	-95913202	-41575893	360103.4	51551.2	30795.8
2033-02-03 20:23:54	3609.68	5900.59	-389.7	104018760	-95902396	-41571210	360029.7	52114.7	30984.7
2033-02-03 20:33:11	-421.54	6890.59	-583.64	104030794	-95891589	-41566526	359955	52678	31173.4
2033-02-03 20:42:28	-4301.12	5401.61	-567.06	104042827	-95880781	-41561842	359879.4	53241.3	31362.1
2033-02-03 20:51:45	-6633.3	1969.34	-345.92	104054859	-95869972	-41557157	359802.9	53804.3	31550.7
2033-02-03 21:01:03	-6579.02	-2171.42	0	104066889	-95859161	-41552472	359725.4	54367.3	31739.3
2033-02-03 21:10:20	-4157.81	-5530.96	345.92	104078918	-95848350	-41547786	359647	54930	31927.7
2033-02-03 21:19:37	-240.73	-6900.66	567.06	104090945	-95837537	-41543100	359567.7	55492.7	32116.1
2033-02-03 21:28:54	3762.97	-5787.74	583.64	104102971	-95826722	-41538413	359487.5	56055.2	32304.4
2033-02-03 21:38:11	6412.88	-2592.61	389.7	104114996	-95815907	-41533726	359406.4	56617.5	32492.5
2033-02-03 21:47:28	6755.63	1535.23	55.17	104127019	-95805090	-41529038	359324.3	57179.7	32680.6
2033-02-03 21:56:46	4667.91	5110.74	-299.25	104139041	-95794272	-41524349	359241.3	57741.7	32868.7
2033-02-03 22:06:03	900.8	6847.58	-545.73	104151062	-95783453	-41519660	359157.4	58303.6	33056.6
2033-02-03 22:15:20	-3190.4	6120.9	-595.35	104163081	-95772633	-41514971	359072.6	58865.4	33244.4
2033-02-03 22:24:37	-6133.81	3192.16	-430.21	104175099	-95761811	-41510281	358986.8	59426.9	33432.2
2033-02-03 22:33:54	-6870.46	-885	-109.89	104187116	-95750989	-41505590	358900.1	59988.3	33619.8
2033-02-03 22:43:12	-5135.33	-4643.75	250.08	104199131	-95740165	-41500899	358812.5	60549.6	33807.4
2033-02-03 22:52:29	-1552.65	-6731.84	519.83	104211145	-95729339	-41496207	358724	61110.7	33994.9
2033-02-03 23:01:46	2588.64	-6398.05	602.07	104223158	-95718513	-41491515	358634.6	61671.6	34182.3
2033-02-03 23:11:03	5798.63	-3762.48	467.13	104235169	-95707685	-41486823	358544.2	62232.4	34369.6
2033-02-03 23:20:20	6922.46	226.68	163.68	104247179	-95696856	-41482129	358452.9	62793	34556.8
2033-02-03 23:29:37	5555.79	4134.27	-198.81	104259187	-95686026	-41477436	358360.7	63353.4	34743.9
2033-02-03 23:38:55	2190.31	6554.5	-489.58	104271194	-95675194	-41472741	358267.6	63913.7	34931
2033-02-03 23:48:12	-1963.19	6616.64	-603.75	104283200	-95664362	-41468047	358173.6	64473.7	35117.9
2033-02-03 23:57:29	-5410.41	4298.36	-500.13	104295205	-95653528	-41463351	358078.6	65033.7	35304.8
2033-02-04 00:06:46	-6911.13	433.7	-216.1	104307208	-95642693	-41458655	357982.8	65593.4	35491.5
2033-02-04 00:16:03	-5925.44	-3586.98	145.88	104319210	-95631857	-41453959	357886	66153	35678.2
2033-02-04 00:25:20	-2807.95	-6317.18	455.24	104331210	-95621019	-41449262	357788.3	66712.4	35864.7
2033-02-04 00:34:38	1319.77	-6774.68	600.39	104343209	-95610180	-41444565	357689.6	67271.6	36051.2
2033-02-04 00:43:55	4972.69	-4794.9	528.96	104355207	-95599340	-41439867	357590.1	67830.7	36237.6
2033-02-04 00:53:12	6836.6	-1090.1	266.72	104367203	-95588499	-41435168	357489.7	68389.5	36423.9
2033-02-04 01:02:29	6240.91	3006.87	-91.73	104379198	-95577657	-41430469	357388.3	68948.2	36610.1
2033-02-04 01:11:46	3399.92	6022.06	-417.09	104391192	-95566813	-41425769	357286	69506.7	36796.1
2033-02-04 01:21:04	-664.27	6870.72	-592	104403184	-95555968	-41421069	357182.8	70065	36982.1
2033-02-04 01:30:21	-4489.49	5247.55	-553.35	104415175	-95545122	-41416369	357078.7	70623.2	37168
2033-02-04 01:39:38	-6699.54	1736.51	-315.1	104427165	-95534275	-41411667	356973.7	71181.1	37353.8
2033-02-04 01:48:55	-6499.29	-2399.25	36.81	104439153	-95523426	-41406966	356867.8	71738.9	37539.5
2033-02-04 01:58:12	-3960.8	-5671.83	375.45	104451140	-95512576	-41402263	356761	72296.4	37725.1
2033-02-04 02:07:29	2.69	-6903.89	578.65	104463126	-95501725	-41397561	356653.2	72853.8	37910.6
2033-02-04 02:16:47	3965.22	-5652.18	573.12	104475110	-95490873	-41392857	356544.6	73411	38096
2033-02-04 02:26:04	6501.2	-2367.02	360.85	104487093	-95480019	-41388154	356435	73968	38281.3
2033-02-04 02:35:21	6698.24	1769.69	18.41	104499074	-95469165	-41383449	356324.5	74524.8	38466.5
2033-02-04 02:44:38	4485.46	5269.71	-330.67	104511054	-95458309	-41378744	356213.1	75081.4	38651.6
2033-02-04 02:53:55	658.93	6873.88	-560.47	104523033	-95447452	-41374039	356100.8	75637.8	38836.6
2033-02-04 03:03:13	-3404.67	6005.07	-588.09	104535010	-95436593	-41369333	355987.6	76194	39021.5
2033-02-04 03:12:30	-6243.39	2975.87	-403.58	104546987	-95425734	-41364626	355873.5	76750	39206.3
2033-02-04 03:21:47	-6835.93	-1123.94	-73.49	104558961	-95414873	-41359919	355758.5	77305.8	39391
2033-02-04 03:31:04	-4969.1	-4819.38	283.12	104570935	-95404011	-41355212	355642.5	77861.4	39575.6
2033-02-04 03:40:21	-1314.54	-6780.97	537.59	104582907	-95393147	-41350504	355525.7	78416.8	39760.1
2033-02-04 03:49:38	2812.98	-6303.01	598.15	104594877	-95382283	-41345795	355407.9	78972	39944.5
2033-02-04 03:58:56	5928.48	-3557.46	442.93	104606847	-95371417	-41341086	355289.3	79527	40128.8
2033-02-04 04:08:13	6911.1	467.92	127.94	104618815	-95360550	-41336376	355169.7	80081.8	40312.9
2033-02-04 04:17:30	5407.31	4324.95	-233.2	104630781	-95349682	-41331666	355049.3	80636.4	40497
2033-02-04 04:26:47	1958.13	6626.01	-510.22	104642746	-95338813	-41326955	354927.9	81190.7	40681
2033-02-04 04:36:04	-2195.54	6543.27	-603.19	104654710	-95327942	-41322244	354805.6	81744.9	40864.8
2033-02-04 04:45:22	-5559.33	4106.5	-478.58	104666673	-95317070	-41317532	354682.5	82298.8	41048.6
2033-02-04 04:54:39	-6923.05	192.37	-181.33	104678634	-95306197	-41312820	354558.4	82852.5	41232.2
2033-02-04 05:03:56	-5796.07	-3790.95	181.33	104690594	-95295323	-41308107	354433.4	83406	41415.8
2033-02-04 05:13:13	-2583.82	-6410.41	478.58	104702552	-95284448	-41303394	354307.5	83959.3	41599.2
2033-02-04 05:22:30	1558.02	-6723.64	603.19	104714509	-95273571	-41298680	354180.7	84512.3	41782.5
2033-02-04 05:31:47	5139.34	-4617.95	510.22	104726465	-95262693	-41293965	354053.1	85065.2	41965.7
2033-02-04 05:41:05	6871.69	-850.89	233.2	104738420	-95251814	-41289250	353924.5	85617.8	42148.8
2033-02-04 05:50:22	6131.82	3222.27	-127.94	104750373	-95240933	-41284535	353795	86170.2	42331.8
2033-02-04 05:59:39	3185.89	6136.16	-442.93	104762324	-95230052	-41279819	353664.6	86722.4	42514.7
2033-02-04 06:08:56	-906.23	6842.48	-598.15	104774275	-95219169	-41275102	353533.3	87274.3	42697.5
2033-02-04 06:18:13	-4672.33	5087.13	-537.59	104786224	-95208285	-41270385	353401.1	87826	42880.1
2033-02-04 06:27:30	-6757.48	1501.62	-283.12	104798171	-95197400	-41265668	353268.1	88377.5	43062.7
2033-02-04 06:36:48	-6411.49	-2624.11	73.49	104810117	-95186513	-41260949	353134.1	88928.8	43245.1
2033-02-04 06:46:05	-3758.84	-5805.76	403.58	104822062	-95175626	-41256231	352999.2	89479.8	43427.4
2033-02-04 06:55:22	246.15	-6898.7	588.09	104834006	-95164737	-41251512	352863.4	90030.6	43609.6
2033-02-04 07:04:39	4162.59	-5509.75	560.47	104845948	-95153846	-41246792	352726.8	90581.1	43791.7
2033-02-04 07:13:56	6581.46	-2138.59	330.67	104857889	-95142955	-41242072	352589.2	91131.5	43973.7
2033-02-04 07:23:14	6632.53	2001.94	-18.41	104869828	-95132063	-41237351	352450.8	91681.5	44155.6
2033-02-04 07:32:31	4297.41	5422.24	-360.85	104881766	-95121169	-41232630	352311.4	92231.4	44337.3
2033-02-04 07:41:48	416.2	6891.8	-573.12	104893703	-95110274	-41227908	352171.2	92781	44519
2033-02-04 07:51:05	-3614.76	5881.94	-578.65	104905639	-95099377	-41223185	352030	93330.4	44700.5
2033-02-04 08:00:22	-6345.25	2755.98	-375.45	104917573	-95088480	-41218462	351888	93879.5	44881.9
2033-02-04 08:09:39	-6792.91	-1361.47	-36.81	104929505	-95077581	-41213739	351745.1	94428.4	45063.2
2033-02-04 08:18:57	-4796.68	-4989.1	315.1	104941437	-95066681	-41209015	351601.3	94977	45244.4
2033-02-04 08:28:14	-1074.75	-6821.82	553.35	104953367	-95055780	-41204291	351456.6	95525.4	45425.4
2033-02-04 08:37:31	3033.87	-6200.3	592	104965295	-95044878	-41199566	351311	96073.5	45606.4
2033-02-04 08:46:48	6050.99	-3348.15	417.09	104977222	-95033974	-41194840	351164.5	96621.4	45787.2
2033-02-04 08:56:05	6891.16	708.54	91.73	104989148	-95023070	-41190114	351017.1	97169.1	45967.9
2033-02-04 09:05:23	5252.1	4510.31	-266.72	105001073	-95012164	-41185387	350868.9	97716.5	46148.5
2033-02-04 09:14:40	1723.47	6689.43	-528.96	105012996	-95001257	-41180660	350719.7	98263.6	46329
2033-02-04 09:23:57	-2425.21	6461.92	-600.39	105024918	-94990348	-41175933	350569.7	98810.5	46509.3
2033-02-04 09:33:14	-5701.39	3909.66	-455.24	105036838	-94979439	-41171204	350418.7	99357.1	46689.5
2033-02-04 09:42:31	-6926.39	-49.15	-145.88	105048757	-94968528	-41166476	350266.9	99903.5	46869.6
2033-02-04 09:51:48	-5659.48	-3990.26	216.1	105060675	-94957616	-41161747	350114.2	100449.6	47049.6
2033-02-04 10:01:06	-2356.45	-6495.81	500.13	105072591	-94946702	-41157017	349960.6	100995.5	47229.5
2033-02-04 10:10:23	1794.37	-6664.4	603.75	105084506	-94935788	-41152286	349806.2	101541.1	47409.2
2033-02-04 10:19:40	5299.64	-4435.39	489.58	105096420	-94924872	-41147556	349650.8	102086.4	47588.8
2033-02-04 10:28:57	6898.27	-610.69	198.81	105108332	-94913955	-41142824	349494.6	102631.4	47768.3
2033-02-04 10:38:14	6015.11	3433.7	-163.68	105120243	-94903037	-41138092	349337.5	103176.2	47947.7
2033-02-04 10:47:32	2967.88	6242.76	-467.13	105132153	-94892118	-41133360	349179.5	103720.8	48127
2033-02-04 10:56:49	-1147.11	6805.9	-602.07	105144061	-94881197	-41128627	349020.6	104265.1	48306.1
2033-02-04 11:06:06	-4849.41	4920.52	-519.83	105155968	-94870275	-41123894	348860.8	104809.1	48485.1
2033-02-04 11:15:23	-6807.05	1264.93	-250.08	105167873	-94859352	-41119160	348700.2	105352.8	48664
2033-02-04 11:24:40	-6315.72	-2845.72	109.89	105179777	-94848428	-41114425	348538.6	105896.2	48842.7
2033-02-04 11:33:57	-3552.18	-5932.58	430.21	105191680	-94837503	-41109690	348376.2	106439.4	49021.3
2033-02-04 11:43:15	489.34	-6885.11	595.35	105203581	-94826576	-41104955	348213	106982.3	49199.8
2033-02-04 11:52:32	4354.82	-5360.62	545.73	105215481	-94815648	-41100219	348048.8	107525	49378.2
2033-02-04 12:01:49	6653.58	-1907.59	299.25	105227380	-94804719	-41095482	347883.7	108067.3	49556.5
2033-02-04 12:11:06	6558.58	2231.72	-55.17	105239277	-94793789	-41090745	347717.8	108609.4	49734.6
2033-02-04 12:20:23	4103.99	5568.12	-389.7	105251173	-94782857	-41086007	347551	109151.2	49912.6
2033-02-04 12:29:40	172.91	6901.31	-583.64	105263068	-94771924	-41081269	347383.4	109692.7	50090.4
2033-02-04 12:38:58	-3820.4	5751.66	-567.06	105274961	-94760991	-41076530	347214.8	110234	50268.2
2033-02-04 12:48:15	-6439.25	2532.78	-345.92	105286853	-94750055	-41071791	347045.4	110774.9	50445.8
2033-02-04 12:57:32	-6741.46	-1597.29	0	105298743	-94739119	-41067051	346875.1	111315.6	50623.3
2033-02-04 13:06:49	-4618.28	-5152.7	345.92	105310633	-94728181	-41062311	346703.9	111856	50800.6
2033-02-04 13:16:06	-833.58	-6854.35	567.06	105322520	-94717243	-41057570	346531.9	112396.1	50977.8
2033-02-04 13:25:24	3251.03	-6090.05	583.64	105334407	-94706303	-41052829	346359	112935.9	51154.9
2033-02-04 13:34:41	6166.02	-3134.78	389.7	105346292	-94695361	-41048087	346185.2	113475.4	51331.8
2033-02-04 13:43:58	6862.68	948.26	55.17	105358175	-94684419	-41043345	346010.5	114014.7	51508.7
2033-02-04 13:53:15	5090.34	4690.14	-299.25	105370058	-94673475	-41038602	345835	114553.6	51685.4
2033-02-04 14:02:32	1486.64	6744.68	-545.73	105381939	-94662530	-41033858	345658.6	115092.2	51861.9
2033-02-04 14:11:49	-2651.91	6372.71	-595.35	105393818	-94651584	-41029114	345481.3	115630.6	52038.3
2033-02-04 14:21:07	-5836.4	3708.09	-430.21	105405696	-94640637	-41024370	345303.2	116168.6	52214.6
2033-02-04 14:30:24	-6921.13	-290.56	-109.89	105417573	-94629689	-41019625	345124.2	116706.4	52390.8
2033-02-04 14:39:41	-5515.85	-4184.67	250.08	105429449	-94618739	-41014879	344944.3	117243.9	52566.8
2033-02-04 14:48:58	-2126.12	-6573.28	519.83	105441323	-94607788	-41010133	344763.6	117781	52742.7
2033-02-04 14:58:15	2028.54	-6597.05	602.07	105453196	-94596836	-41005387	344582	118317.9	52918.5
2033-02-04 15:07:33	5453.39	-4247.46	467.13	105465067	-94585882	-41000639	344399.5	118854.4	53094.1
2033-02-04 15:16:50	6916.29	-369.79	163.68	105476937	-94574928	-40995892	344216.1	119390.7	53269.6
2033-02-04 15:26:07	5890.91	3640.91	-198.81	105488806	-94563972	-40991144	344031.9	119926.6	53444.9
2033-02-04 15:35:24	2746.15	6341.73	-489.58	105500673	-94553015	-40986395	343846.9	120462.3	53620.1
2033-02-04 15:44:41	-1386.6	6761.02	-603.75	105512539	-94542057	-40981646	343661	120997.6	53795.2
2033-02-04 15:53:58	-5020.5	4747.95	-500.13	105524404	-94531098	-40976896	343474.2	121532.6	53970.1
2033-02-04 16:03:16	-6848.19	1026.74	-216.1	105536267	-94520137	-40972146	343286.5	122067.3	54144.9
2033-02-04 16:12:33	-6212.1	-3063.84	145.88	105548129	-94509175	-40967395	343098	122601.7	54319.6
2033-02-04 16:21:50	-3341.08	-6052.15	455.24	105559989	-94498212	-40962644	342908.6	123135.8	54494.1
2033-02-04 16:31:07	731.97	-6863.11	600.39	105571848	-94487248	-40957892	342718.4	123669.6	54668.5
2033-02-04 16:40:24	4541.69	-5204.98	528.96	105583706	-94476282	-40953139	342527.3	124203.1	54842.8
2033-02-04 16:49:41	6717.45	-1674.29	266.72	105595562	-94465316	-40948386	342335.4	124736.2	55016.9
2033-02-04 16:58:59	6476.48	2458.73	-91.73	105607417	-94454348	-40943633	342142.5	125269	55190.8
2033-02-04 17:08:16	3905.46	5707.19	-417.09	105619271	-94443379	-40938879	341948.9	125801.5	55364.6
2033-02-04 17:17:33	-70.64	6902.4	-592	105631123	-94432409	-40934125	341754.4	126333.7	55538.3
2033-02-04 17:26:50	-4021.33	5614.38	-553.35	105642974	-94421437	-40929370	341559	126865.6	55711.9
2033-02-04 17:36:07	-6525.28	2306.52	-315.1	105654824	-94410464	-40924614	341362.8	127397.1	55885.3
2033-02-04 17:45:25	-6681.63	-1831.14	36.81	105666672	-94399490	-40919858	341165.7	127928.4	56058.5
2033-02-04 17:54:42	-4434.12	-5310	375.45	105678518	-94388515	-40915102	340967.7	128459.2	56231.7
2033-02-04 18:03:59	-591.35	-6878.52	578.65	105690364	-94377539	-40910344	340768.9	128989.8	56404.6
2033-02-04 18:13:16	3464.19	-5972.39	573.12	105702208	-94366561	-40905587	340569.3	129520.1	56577.5
2033-02-04 18:22:33	6273.42	-2917.62	360.85	105714051	-94355583	-40900829	340368.8	130050	56750.1
2033-02-04 18:31:50	6825.67	1186.79	18.41	105725892	-94344603	-40896070	340167.4	130579.5	56922.7
2033-02-04 18:41:08	4922.24	4864.23	-330.67	105737732	-94333622	-40891311	339965.2	131108.8	57095.1
2033-02-04 18:50:25	1247.93	6791.69	-560.47	105749571	-94322639	-40886551	339762.2	131637.7	57267.3
2033-02-04 18:59:42	-2875.36	6275.75	-588.09	105761408	-94311656	-40881791	339558.3	132166.3	57439.4
2033-02-04 19:08:59	-5964.19	3502.03	-403.58	105773244	-94300671	-40877030	339353.6	132694.5	57611.4
2033-02-04 19:18:16	-6907.28	-531.59	-73.49	105785078	-94289685	-40872269	339148	133222.4	57783.2
2033-02-04 19:27:34	-5365.35	-4373.95	283.12	105796911	-94278698	-40867507	338941.5	133750	57954.9
2033-02-04 19:36:51	-1893.11	-6642.72	537.59	105808743	-94267709	-40862745	338734.2	134277.3	58126.4
2033-02-04 19:46:08	2260.22	-6521.67	598.15	105820573	-94256720	-40857982	338526.1	134804.2	58297.8
2033-02-04 19:55:25	5600.4	-4054.37	442.93	105832402	-94245729	-40853219	338317.1	135330.7	58469
2033-02-04 20:04:42	6925.73	-128.46	127.94	105844230	-94234737	-40848455	338107.3	135856.9	58640.1
2033-02-04 20:13:59	5759.39	3843.65	-233.2	105856056	-94223744	-40843690	337896.6	136382.8	58811
2033-02-04 20:23:17	2520.98	6432.95	-510.22	105867881	-94212749	-40838925	337685.1	136908.3	58981.8
2033-02-04 20:32:34	-1624.4	6707.91	-603.19	105879705	-94201754	-40834160	337472.8	137433.5	59152.4
2033-02-04 20:41:51	-5185.39	4569.61	-478.58	105891527	-94190757	-40829394	337259.6	137958.3	59322.9
2033-02-04 20:51:08	-6880.83	787.34	-181.33	105903348	-94179759	-40824627	337045.6	138482.8	59493.3
2033-02-04 21:00:25	-6100.75	-3278.18	181.33	105915167	-94168759	-40819860	336830.7	139006.9	59663.4
2033-02-04 21:09:43	-3125.81	-6164.32	478.58	105926985	-94157759	-40815093	336615	139530.7	59833.5
2033-02-04 21:19:00	973.72	-6832.76	603.19	105938802	-94146757	-40810325	336398.5	140054.1	60003.4
2033-02-04 21:28:17	4722.94	-5043.02	510.22	105950617	-94135754	-40805556	336181.1	140577.2	60173.1
2033-02-04 21:37:34	6773	-1438.99	233.2	105962431	-94124750	-40800787	335962.8	141099.9	60342.7
2033-02-04 21:46:51	6386.33	2682.72	-127.94	105974244	-94113745	-40796017	335743.8	141622.3	60512.1
2033-02-04 21:56:08	3702.05	5839.28	-442.93	105986055	-94102739	-40791247	335523.9	142144.3	60681.4
2033-02-04 22:05:26	-314.13	6895.08	-598.15	105997865	-94091731	-40786477	335303.2	142665.9	60850.5
2033-02-04 22:14:43	-4217.3	5470.28	-537.59	106009673	-94080722	-40781705	335081.6	143187.2	61019.5
2033-02-04 22:24:00	-6603.22	2077.48	-283.12	106021480	-94069712	-40776934	334859.2	143708.1	61188.3
2033-02-04 22:33:17	-6613.5	-2062.71	73.49	106033286	-94058701	-40772161	334636	144228.7	61356.9
2033-02-04 22:42:34	-4244.44	-5460.81	403.58	106045090	-94047688	-40767389	334411.9	144748.9	61525.4
2033-02-04 22:51:51	-348.35	-6894.3	588.09	106056893	-94036674	-40762615	334187	145268.7	61693.8
2033-02-04 23:01:09	3673.08	-5847.47	560.47	106068695	-94025659	-40757842	333961.3	145788.2	61862
2033-02-04 23:10:26	6373.05	-2696.94	330.67	106080495	-94014643	-40753067	333734.8	146307.3	62030
2033-02-04 23:19:43	6780.19	1423.84	-18.41	106092294	-94003626	-40748292	333507.4	146826	62197.9
2033-02-04 23:29:00	4748.01	5032.37	-360.85	106104091	-93992607	-40743517	333279.2	147344.4	62365.6
2033-02-04 23:38:17	1007.64	6830.43	-573.12	106115887	-93981588	-40738741	333050.2	147862.4	62533.2
2033-02-04 23:47:35	-3095.26	6171.15	-578.65	106127682	-93970567	-40733965	332820.3	148380	62700.6
2033-02-04 23:56:52	-6084.58	3291.72	-375.45	106139475	-93959545	-40729188	332589.6	148897.3	62867.9
2033-02-05 00:06:09	-6884.86	-771.94	-36.81	106151267	-93948521	-40724410	332358.1	149414.2	63035
2033-02-05 00:15:26	-5208.17	-4557.88	315.1	106163058	-93937497	-40719632	332125.8	149930.7	63201.9
2033-02-05 00:24:43	-1657.73	-6704.05	553.35	106174847	-93926471	-40714854	331892.6	150446.8	63368.7
2033-02-05 00:34:00	2489.13	-6438.35	592	106186635	-93915444	-40710075	331658.6	150962.5	63535.3
2033-02-05 00:43:18	5740.47	-3856.37	417.09	106198422	-93904416	-40705295	331423.8	151477.9	63701.8
2033-02-05 00:52:35	6926.57	112.98	91.73	106210207	-93893387	-40700515	331188.2	151992.9	63868.1
2033-02-05 01:01:52	5620.7	4041.68	-266.72	106221990	-93882356	-40695735	330951.7	152507.5	64034.2
2033-02-05 01:11:09	2292.66	6516.33	-528.96	106233773	-93871324	-40690954	330714.5	153021.7	64200.2
2033-02-05 01:20:26	-1860.22	6646.63	-600.39	106245554	-93860291	-40686172	330476.4	153535.6	64366
2033-02-05 01:29:44	-5343.85	4385.72	-455.24	106257333	-93849257	-40681390	330237.5	154049	64531.7
2033-02-05 01:39:01	-6904.93	547	-145.88	106269112	-93838222	-40676607	329997.8	154562.1	64697.2
2033-02-05 01:48:18	-5981.82	-3488.51	216.1	106280889	-93827185	-40671824	329757.2	155074.8	64862.5
2033-02-05 01:57:35	-2906.63	-6268.97	500.13	106292664	-93816148	-40667040	329515.9	155587.1	65027.7
2033-02-05 02:06:52	1214.29	-6794.08	603.75	106304438	-93805109	-40662256	329273.7	156099	65192.7
2033-02-05 02:16:09	4898.36	-4874.93	489.58	106316211	-93794069	-40657471	329030.7	156610.5	65357.5
2033-02-05 02:25:27	6820.14	-1201.97	198.81	106327982	-93783027	-40652686	328786.9	157121.6	65522.2
2033-02-05 02:34:44	6288.24	2903.41	-163.68	106339752	-93771985	-40647900	328542.3	157632.4	65686.7
2033-02-05 02:44:01	3494.02	5964.24	-467.13	106351521	-93760941	-40643114	328296.9	158142.7	65851.1
2033-02-05 02:53:18	-557.26	6879.36	-602.07	106363288	-93749896	-40638327	328050.7	158652.7	66015.3
2033-02-05 03:02:35	-4408.06	5319.53	-519.83	106375054	-93738850	-40633540	327803.6	159162.2	66179.3
2033-02-05 03:11:53	-6672.97	1845.94	-250.08	106386818	-93727803	-40628752	327555.8	159671.4	66343.2
2033-02-05 03:21:10	-6537.15	-2291.75	109.89	106398582	-93716754	-40623963	327307.1	160180.1	66506.8
2033-02-05 03:30:27	-4049.46	-5604.94	430.21	106410343	-93705704	-40619175	327057.7	160688.5	66670.4
2033-02-05 03:39:44	-104.88	-6901.68	595.35	106422104	-93694653	-40614385	326807.4	161196.4	66833.7
2033-02-05 03:49:01	3877.43	-5715.44	545.73	106433863	-93683601	-40609595	326556.3	161704	66996.9
2033-02-05 03:58:18	6464.77	-2473	299.25	106445620	-93672548	-40604805	326304.4	162211.1	67160
2033-02-05 04:07:36	6726.28	1659.12	-55.17	106457377	-93661493	-40600014	326051.7	162717.8	67322.8
2033-02-05 04:16:53	4567.87	5194.35	-389.7	106469131	-93650438	-40595222	325798.2	163224.2	67485.5
2033-02-05 04:26:10	766.07	6860.84	-583.64	106480885	-93639381	-40590430	325543.9	163730.1	67648
2033-02-05 04:35:27	-3311.35	6059.04	-567.06	106492637	-93628323	-40585638	325288.8	164235.6	67810.4
2033-02-05 04:44:44	-6197.44	3077.43	-345.92	106504388	-93617263	-40580845	325032.9	164740.7	67972.6
2033-02-05 04:54:01	-6853.89	-1011.32	0	106516137	-93606203	-40576051	324776.2	165245.4	68134.6
2033-02-05 05:03:19	-5044.51	-4736.23	345.92	106527885	-93595141	-40571257	324518.7	165749.7	68296.4
2033-02-05 05:12:36	-1420.26	-6757.21	567.06	106539632	-93584078	-40566462	324260.4	166253.6	68458.1
2033-02-05 05:21:53	2714.97	-6347.19	583.64	106551377	-93573014	-40561667	324001.3	166757.1	68619.6
2033-02-05 05:31:10	5873.43	-3653.69	389.7	106563121	-93561949	-40556872	323741.4	167260.1	68781
2033-02-05 05:40:27	6918.82	354.27	55.17	106574863	-93550882	-40552075	323480.7	167762.8	68942.1
2033-02-05 05:49:45	5475.01	4234.77	-299.25	106586604	-93539814	-40547279	323219.2	168265	69103.1
2033-02-05 05:59:02	2061.46	6591.75	-545.73	106598344	-93528746	-40542481	322956.9	168766.8	69263.9
2033-02-05 06:08:19	-2093.75	6577.26	-595.35	106610082	-93517675	-40537684	322693.9	169268.2	69424.6
2033-02-05 06:17:36	-5495.7	4196.51	-430.21	106621819	-93506604	-40532885	322430	169769.1	69585.1
2033-02-05 06:26:53	-6920.47	306.02	-109.89	106633555	-93495532	-40528087	322165.3	170269.7	69745.4
2033-02-05 06:36:10	-5855.45	-3694.56	250.08	106645289	-93484458	-40523287	321899.9	170769.8	69905.5
2033-02-05 06:45:28	-2683.81	-6365.96	519.83	106657022	-93473383	-40518488	321633.6	171269.5	70065.5
2033-02-05 06:54:45	1453.39	-6747.13	602.07	106668753	-93462307	-40513687	321366.6	171768.7	70225.3
2033-02-05 07:04:02	5067.71	-4700.93	467.13	106680483	-93451230	-40508886	321098.7	172267.6	70384.9
2033-02-05 07:13:19	6858.82	-963.51	163.68	106692212	-93440151	-40504085	320830.1	172766	70544.3
2033-02-05 07:22:36	6182.34	3120.54	-198.81	106703939	-93429072	-40499283	320560.7	173264	70703.6
2033-02-05 07:31:54	3281.63	6081.92	-489.58	106715665	-93417991	-40494481	320290.5	173761.5	70862.7
2033-02-05 07:41:11	-799.72	6855.25	-603.75	106727390	-93406909	-40489678	320019.5	174258.7	71021.6
2033-02-05 07:50:28	-4593.36	5162.31	-500.13	106739113	-93395826	-40484874	319747.8	174755.3	71180.3
2033-02-05 07:59:45	-6734.45	1612.17	-216.1	106750835	-93384741	-40480071	319475.2	175251.6	71338.9
2033-02-05 08:09:02	-6452.68	-2517.97	145.88	106762555	-93373656	-40475266	319201.9	175747.4	71497.2
2033-02-05 08:18:19	-3849.43	-5742.23	455.24	106774274	-93362569	-40470461	318927.8	176242.8	71655.4
2033-02-05 08:27:37	138.74	-6900.64	600.39	106785992	-93351481	-40465656	318652.9	176737.8	71813.5
2033-02-05 08:36:54	4077	-5576.46	528.96	106797708	-93340392	-40460850	318377.2	177232.3	71971.3
2033-02-05 08:46:11	6548.48	-2246.07	266.72	106809423	-93329301	-40456043	318100.8	177726.4	72129
2033-02-05 08:55:28	6664.02	1892.36	-91.73	106821136	-93318210	-40451236	317823.5	178220	72286.5
2033-02-05 09:04:45	4382.04	5349.99	-417.09	106832848	-93307117	-40446428	317545.5	178713.2	72443.8
2033-02-05 09:14:03	523.52	6882.88	-592	106844559	-93296023	-40441620	317266.7	179206	72600.9
2033-02-05 09:23:20	-3523.34	5939.56	-553.35	106856268	-93284928	-40436812	316987.1	179698.3	72757.9
2033-02-05 09:32:37	-6302.62	2859.41	-315.1	106867976	-93273831	-40432003	316706.8	180190.2	72914.7
2033-02-05 09:41:54	-6814.4	-1249.44	36.81	106879683	-93262734	-40427193	316425.7	180681.6	73071.3
2033-02-05 09:51:11	-4874.57	-4908.79	375.45	106891388	-93251635	-40422383	316143.8	181172.6	73227.7
2033-02-05 10:00:28	-1181	-6802.13	578.65	106903092	-93240535	-40417572	315861.1	181663.2	73383.9
2033-02-05 10:09:46	2937.46	-6248.31	573.12	106914794	-93229434	-40412761	315577.7	182153.2	73540
2033-02-05 10:19:03	5999.12	-3446.58	360.85	106926495	-93218332	-40407949	315293.5	182642.9	73695.8
2033-02-05 10:28:20	6902.47	595.09	18.41	106938195	-93207228	-40403137	315008.5	183132.1	73851.5
2033-02-05 10:37:37	5322.52	4422.67	-330.67	106949893	-93196123	-40398324	314722.8	183620.8	74007
2033-02-05 10:46:54	1827.68	6659.13	-560.47	106961590	-93185017	-40393511	314436.2	184109.1	74162.4
2033-02-05 10:56:11	-2324.71	6499.88	-588.09	106973286	-93173910	-40388697	314148.9	184596.9	74317.5
2033-02-05 11:05:29	-5640.74	4002.21	-403.58	106984980	-93162802	-40383883	313860.9	185084.3	74472.5
2033-02-05 11:14:46	-6927.41	64.7	-73.49	106996673	-93151693	-40379068	313572.1	185571.3	74627.3
2033-02-05 11:24:03	-5721.8	-3896.08	283.12	107008364	-93140582	-40374253	313282.5	186057.7	74781.9
2033-02-05 11:33:20	-2457.65	-6455.19	537.59	107020054	-93129470	-40369437	312992.1	186543.7	74936.3
2033-02-05 11:42:37	1690.7	-6691.96	598.15	107031743	-93118357	-40364621	312701	187029.3	75090.5
2033-02-05 11:51:55	5230.78	-4521.21	442.93	107043430	-93107243	-40359804	312409.2	187514.4	75244.5
2033-02-05 12:01:12	6888.99	-723.89	127.94	107055116	-93096127	-40354986	312116.5	187999	75398.4
2033-02-05 12:10:29	6068.74	3333.85	-233.2	107066800	-93085011	-40350169	311823.1	188483.2	75552.1
2033-02-05 12:19:46	3065.14	6192.18	-510.22	107078483	-93073893	-40345350	311529	188966.9	75705.5
2033-02-05 12:29:03	-1041.21	6822.8	-603.19	107090165	-93062774	-40340531	311234	189450.1	75858.8
2033-02-05 12:38:20	-4772.98	4998.82	-478.58	107101845	-93051654	-40335712	310938.4	189932.9	76012
2033-02-05 12:47:38	-6787.57	1376.46	-181.33	107113524	-93040533	-40330892	310641.9	190415.2	76164.9
2033-02-05 12:56:55	-6360.19	-2741.1	181.33	107125202	-93029410	-40326071	310344.7	190897.1	76317.6
2033-02-05 13:06:12	-3644.61	-5872.51	478.58	107136878	-93018286	-40321250	310046.8	191378.4	76470.2
2033-02-05 13:15:29	382.2	-6891.2	603.19	107148553	-93007161	-40316429	309748.1	191859.4	76622.5
2033-02-05 13:24:46	4271.51	-5430.69	510.22	107160226	-92996035	-40311607	309448.7	192339.8	76774.7
2033-02-05 13:34:04	6624.06	-2016.42	233.2	107171898	-92984908	-40306784	309148.4	192819.8	76926.7
2033-02-05 13:43:21	6593.47	2123.28	-127.94	107183569	-92973779	-40301961	308847.5	193299.3	77078.5
2033-02-05 13:52:38	4190.75	5499.09	-442.93	107195238	-92962650	-40297138	308545.8	193778.3	77230.1
2033-02-05 14:01:55	280.31	6896.54	-598.15	107206906	-92951519	-40292314	308243.3	194256.8	77381.5
2033-02-05 14:11:12	-3730.98	5812.86	-537.59	107218572	-92940387	-40287489	307940.1	194734.9	77532.8
2033-02-05 14:20:29	-6399.98	2637.93	-283.12	107230237	-92929254	-40282664	307636.2	195212.5	77683.8
2033-02-05 14:29:47	-6766.45	-1486.02	73.49	107241901	-92918119	-40277838	307331.5	195689.6	77834.7
2033-02-05 14:39:04	-4698.56	-5075.36	403.58	107253563	-92906983	-40273012	307026	196166.2	77985.3
2033-02-05 14:48:21	-940.26	-6838.76	588.09	107265224	-92895847	-40268185	306719.8	196642.4	78135.8
2033-02-05 14:57:38	3156.33	-6141.83	560.47	107276884	-92884709	-40263358	306412.9	197118.1	78286.1
2033-02-05 15:06:55	6117.36	-3235.29	330.67	107288542	-92873570	-40258531	306105.2	197593.3	78436.2
2033-02-05 15:16:13	6877.55	835.18	-18.41	107300199	-92862429	-40253702	305796.8	198068	78586.1
2033-02-05 15:25:30	5163.4	4605.17	-360.85	107311854	-92851288	-40248874	305487.6	198542.2	78735.8
2033-02-05 15:34:47	1591.61	6718.4	-573.12	107323508	-92840145	-40244044	305177.7	199016	78885.3
2033-02-05 15:44:04	-2552.8	6414.59	-578.65	107335161	-92829001	-40239215	304867	199489.2	79034.6
2033-02-05 15:53:21	-5778.79	3803.05	-375.45	107346812	-92817856	-40234384	304555.6	199962	79183.8
2033-02-05 16:02:38	-6925.75	-176.69	-36.81	107358462	-92806710	-40229554	304243.5	200434.3	79332.7
2033-02-05 16:11:56	-5581.03	-4092.85	315.1	107370110	-92795562	-40224722	303930.6	200906.1	79481.4
2033-02-05 16:21:13	-2228.41	-6536.56	553.35	107381757	-92784413	-40219890	303617	201377.4	79630
2033-02-05 16:30:30	1925.92	-6628.64	592	107393403	-92773264	-40215058	303302.7	201848.2	79778.3
2033-02-05 16:39:47	5387.37	-4335.99	417.09	107405047	-92762112	-40210225	302987.6	202318.5	79926.5
2033-02-05 16:49:04	6910.61	-483.41	91.73	107416690	-92750960	-40205392	302671.8	202788.3	80074.5
2033-02-05 16:58:21	5947.61	3543.08	-266.72	107428332	-92739807	-40200558	302355.3	203257.7	80222.2
2033-02-05 17:07:39	2844.84	6294.89	-528.96	107439972	-92728652	-40195724	302038	203726.5	80369.8
2033-02-05 17:16:56	-1281.43	6782.04	-600.39	107451610	-92717496	-40190889	301720	204194.9	80517.2
2033-02-05 17:26:13	-4946.68	4829.26	-455.24	107463248	-92706340	-40186053	301401.3	204662.7	80664.4
2033-02-05 17:35:30	-6832.26	1139.09	-145.88	107474884	-92695181	-40181218	301081.8	205130.1	80811.3
2033-02-05 17:44:47	-6259.8	-2960.88	216.1	107486518	-92684022	-40176381	300761.6	205596.9	80958.1
2033-02-05 17:54:05	-3435.24	-5995.63	500.13	107498151	-92672862	-40171544	300440.7	206063.3	81104.7
2033-02-05 18:03:22	625.21	-6873.37	603.75	107509783	-92661700	-40166707	300119.1	206529.1	81251.1
2033-02-05 18:12:39	4460.74	-5278.32	489.58	107521414	-92650537	-40161869	299796.7	206994.5	81397.3
2033-02-05 18:21:56	6691.43	-1784.33	198.81	107533043	-92639373	-40157030	299473.6	207459.3	81543.3
2033-02-05 18:31:13	6514.74	2351.59	-163.68	107544670	-92628208	-40152191	299149.8	207923.7	81689.1
2033-02-05 18:40:30	3994.24	5641.49	-467.13	107556296	-92617041	-40147352	298825.3	208387.5	81834.7
2033-02-05 18:49:48	36.73	6901.79	-602.07	107567921	-92605874	-40142512	298500	208850.8	81980.1
2033-02-05 18:59:05	-3934	5679.08	-519.83	107579545	-92594705	-40137671	298174.1	209313.6	82125.3
2033-02-05 19:08:22	-6489.4	2413.25	-250.08	107591167	-92583535	-40132830	297847.4	209776	82270.3
2033-02-05 19:17:39	-6710.1	-1720.78	109.89	107602787	-92572364	-40127989	297519.9	210237.8	82415.1
2033-02-05 19:26:56	-4516.7	-5235.73	430.21	107614407	-92561191	-40123147	297191.8	210699.1	82559.7
2033-02-05 19:36:14	-698.33	-6867.06	595.35	107626025	-92550018	-40118304	296863	211159.9	82704.2
2033-02-05 19:45:31	3371.28	-6027.87	545.73	107637641	-92538843	-40113461	296533.4	211620.1	82848.4
2033-02-05 19:54:48	6228.01	-3020.08	299.25	107649256	-92527667	-40108617	296203.1	212079.9	82992.4
2033-02-05 20:04:05	6844.09	1074.23	-55.17	107660870	-92516490	-40103773	295872.1	212539.1	83136.2
2033-02-05 20:13:22	4997.86	4782.06	-389.7	107672482	-92505312	-40098929	295540.4	212997.9	83279.8
2033-02-05 20:22:39	1353.55	6769.48	-583.64	107684093	-92494132	-40094083	295208	213456.1	83423.2
2033-02-05 20:31:57	-2777.73	6321.49	-567.06	107695703	-92482952	-40089238	294874.9	213913.8	83566.4
2033-02-05 20:41:14	-5909.67	3599.26	-345.92	107707311	-92471770	-40084392	294541	214371	83709.4
2033-02-05 20:50:31	-6915.49	-417.84	0	107718918	-92460587	-40079545	294206.5	214827.7	83852.2
2033-02-05 20:59:48	-5433.32	-4284.62	345.92	107730523	-92449403	-40074698	293871.2	215283.8	83994.8
2033-02-05 21:09:05	-1996.4	-6609.95	567.06	107742127	-92438218	-40069850	293535.3	215739.4	84137.1
2033-02-05 21:18:22	2158.77	-6557.26	583.64	107753730	-92427031	-40065002	293198.6	216194.5	84279.3
2033-02-05 21:27:40	5537.28	-4145.51	389.7	107765331	-92415843	-40060153	292861.2	216649.1	84421.3
2033-02-05 21:36:57	6923.64	-242.36	55.17	107776931	-92404654	-40055304	292523.1	217103.2	84563.1
2033-02-05 21:46:14	5819.08	3747.98	-299.25	107788529	-92393464	-40050454	292184.4	217556.7	84704.7
2033-02-05 21:55:31	2620.98	6389.93	-545.73	107800126	-92382273	-40045604	291844.9	218009.7	84846
2033-02-05 22:04:48	-1520.07	6733.02	-595.35	107811722	-92371081	-40040753	291504.7	218462.2	84987.2
2033-02-05 22:14:06	-5114.24	4653.81	-430.21	107823316	-92359887	-40035902	291163.8	218914.2	85128.1
2033-02-05 22:23:23	-6868.47	900.34	-109.89	107834909	-92348692	-40031050	290822.2	219365.6	85268.9
2033-02-05 22:32:40	-6151.62	-3177.04	250.08	107846500	-92337496	-40026198	290479.9	219816.5	85409.4
2033-02-05 22:41:57	-3221.6	-6111.43	519.83	107858090	-92326299	-40021345	290137	220266.9	85549.8
2033-02-05 22:51:14	867.46	-6847.16	602.07	107869679	-92315101	-40016491	289793.3	220716.7	85689.9
2033-02-05 23:00:31	4644.43	-5119.53	467.13	107881266	-92303902	-40011638	289448.9	221166	85829.8
2033-02-05 23:09:49	6750.48	-1550.08	163.68	107892852	-92292701	-40006783	289103.9	221614.8	85969.6
2033-02-05 23:19:06	6427.91	2577.02	-198.81	107904436	-92281499	-40001928	288758.1	222063	86109.1
2033-02-05 23:28:23	3792.76	5777.01	-489.58	107916020	-92270296	-39997073	288411.6	222510.7	86248.4
2033-02-05 23:37:40	-206.91	6898.64	-603.75	107927601	-92259092	-39992217	288064.5	222957.9	86387.5
2033-02-05 23:46:57	-4132.15	5538.39	-500.13	107939182	-92247886	-39987361	287716.7	223404.5	86526.4
2033-02-05 23:56:15	-6570.76	2185.64	-216.1	107950760	-92236680	-39982504	287368.1	223850.6	86665.1
2033-02-06 00:05:32	-6645.41	-1953.43	145.88	107962338	-92225472	-39977646	287018.9	224296.2	86803.5
2033-02-06 00:14:49	-4329.23	-5389.72	455.24	107973914	-92214263	-39972788	286669	224741.2	86941.8
2033-02-06 00:24:06	-455.53	-6886.99	600.39	107985489	-92203053	-39967930	286318.4	225185.7	87079.9
2033-02-06 00:33:23	3582.07	-5906.57	528.96	107997062	-92191842	-39963071	285967.2	225629.6	87217.7
2033-02-06 00:42:40	6330.94	-2801.19	266.72	108008634	-92180629	-39958212	285615.2	226073	87355.4
2033-02-06 00:51:58	6802.13	1311.96	-91.73	108020205	-92169416	-39953352	285262.6	226515.9	87492.8
2033-02-06 01:01:15	4826.11	4953.11	-417.09	108031774	-92158201	-39948491	284909.3	226958.2	87630
2033-02-06 01:10:32	1113.8	6812.31	-592	108043342	-92146985	-39943630	284555.3	227399.9	87767
2033-02-06 01:19:49	-2999.22	6220.69	-553.35	108054908	-92135768	-39938769	284200.6	227841.1	87903.8
2033-02-06 01:29:06	-6033.22	3391.1	-315.1	108066473	-92124550	-39933907	283845.2	228281.8	88040.4
2033-02-06 01:38:24	-6896.64	-658.48	36.81	108078036	-92113330	-39929044	283489.2	228721.9	88176.8
2033-02-06 01:47:41	-5278.85	-4471.17	375.45	108089599	-92102109	-39924181	283132.5	229161.5	88312.9
2033-02-06 01:56:58	-1761.89	-6675.29	578.65	108101159	-92090888	-39919318	282775.1	229600.5	88448.9
2033-02-06 02:06:15	2388.95	-6477.89	573.12	108112719	-92079664	-39914453	282417	230039	88584.6
2033-02-06 02:15:32	5680.32	-3949.98	360.85	108124277	-92068440	-39909589	282058.3	230476.9	88720.1
2033-02-06 02:24:49	6928.08	-1.02	18.41	108135833	-92057215	-39904724	281698.8	230914.3	88855.5
2033-02-06 02:34:07	5683.32	3948.31	-330.67	108147388	-92045988	-39899858	281338.8	231351.1	88990.6
2033-02-06 02:43:24	2393.87	6477.18	-560.47	108158942	-92034761	-39894992	280978	231787.4	89125.5
2033-02-06 02:52:41	-1756.83	6675.8	-588.09	108170495	-92023532	-39890126	280616.6	232223.1	89260.1
2033-02-06 03:01:58	-5275.47	4472.71	-403.58	108182046	-92012302	-39885258	280254.5	232658.3	89394.6
2033-02-06 03:11:15	-6896.15	660.51	-73.49	108193595	-92001070	-39880391	279891.7	233092.9	89528.8
2033-02-06 03:20:32	-6035.8	-3389.32	283.12	108205143	-91989838	-39875523	279528.3	233526.9	89662.9
2033-02-06 03:29:50	-3003.95	-6219.79	537.59	108216690	-91978604	-39870654	279164.2	233960.4	89796.7
2033-02-06 03:39:07	1108.63	-6812.62	598.15	108228236	-91967370	-39865785	278799.4	234393.3	89930.3
2033-02-06 03:48:24	4822.37	-4954.51	442.93	108239780	-91956134	-39860915	278434	234825.7	90063.7
2033-02-06 03:57:41	6801.16	-1313.95	127.94	108251322	-91944897	-39856045	278067.9	235257.5	90196.9
2033-02-06 04:06:58	6333.09	2799.31	-233.2	108262864	-91933658	-39851174	277701.1	235688.7	90329.8
2033-02-06 04:16:16	3586.57	5905.49	-510.22	108274403	-91922419	-39846303	277333.7	236119.4	90462.6
2033-02-06 04:25:33	-450.3	6887.09	-603.19	108285942	-91911178	-39841432	276965.6	236549.5	90595.1
2033-02-06 04:34:50	-4325.16	5390.96	-478.58	108297479	-91899936	-39836559	276596.9	236979.1	90727.4
2033-02-06 04:44:07	-6643.96	1955.37	-181.33	108309014	-91888693	-39831687	276227.5	237408.1	90859.5
2033-02-06 04:53:24	-6572.46	-2183.69	181.33	108320549	-91877449	-39826813	275857.4	237836.5	90991.4
2033-02-06 05:02:41	-4136.38	-5537.14	478.58	108332082	-91866204	-39821940	275486.7	238264.3	91123
2033-02-06 05:11:59	-212.15	-6898.53	603.19	108343613	-91854957	-39817065	275115.4	238691.6	91254.5
2033-02-06 05:21:16	3788.4	-5778.08	510.22	108355143	-91843710	-39812191	274743.3	239118.3	91385.7
2033-02-06 05:30:33	6426	-2578.9	233.2	108366672	-91832461	-39807315	274370.7	239544.5	91516.7
2033-02-06 05:39:50	6751.71	1548.08	-127.94	108378199	-91821211	-39802440	273997.3	239970.1	91647.5
2033-02-06 05:49:07	4648.36	5118.12	-442.93	108389725	-91809960	-39797563	273623.4	240395.1	91778.1
2033-02-06 05:58:25	872.66	6846.84	-598.15	108401249	-91798707	-39792687	273248.7	240819.5	91908.4
2033-02-06 06:07:42	-3216.99	6112.32	-537.59	108412772	-91787454	-39787809	272873.5	241243.4	92038.6
2033-02-06 06:16:59	-6149.27	3178.82	-283.12	108424294	-91776199	-39782932	272497.6	241666.6	92168.5
2033-02-06 06:26:16	-6869.22	-898.31	73.49	108435814	-91764943	-39778053	272121	242089.3	92298.2
2033-02-06 06:35:33	-5117.83	-4652.26	403.58	108447333	-91753686	-39773174	271743.8	242511.5	92427.7
2033-02-06 06:44:50	-1525.19	-6732.5	588.09	108458850	-91742428	-39768295	271365.9	242933	92556.9
2033-02-06 06:54:08	2616.16	-6390.63	560.47	108470366	-91731168	-39763415	270987.4	243354	92686
2033-02-06 07:03:25	5816.3	-3749.65	330.67	108481881	-91719908	-39758535	270608.3	243774.4	92814.8
2033-02-06 07:12:42	6923.91	240.32	-18.41	108493394	-91708646	-39753654	270228.5	244194.2	92943.4
2033-02-06 07:21:59	5540.49	4143.83	-360.85	108504906	-91697383	-39748773	269848.1	244613.5	93071.8
2033-02-06 07:31:16	2163.77	6556.54	-573.12	108516417	-91686119	-39743891	269467	245032.2	93199.9
2033-02-06 07:40:34	-1991.41	6610.45	-578.65	108527926	-91674854	-39739009	269085.3	245450.2	93327.9
2033-02-06 07:49:51	-5430.14	4286.16	-375.45	108539433	-91663588	-39734126	268703	245867.7	93455.6
2033-02-06 07:59:08	-6915.27	419.88	-36.81	108550940	-91652320	-39729242	268320	246284.7	93583.1
2033-02-06 08:08:25	-5912.49	-3597.47	315.1	108562444	-91641051	-39724358	267936.4	246701	93710.3
2033-02-06 08:17:42	-2782.57	-6320.58	553.35	108573948	-91629781	-39719474	267552.1	247116.7	93837.4
2033-02-06 08:26:59	1348.44	-6769.77	592	108585450	-91618510	-39714589	267167.2	247531.9	93964.2
2033-02-06 08:36:17	4994.31	-4783.46	417.09	108596951	-91607238	-39709704	266781.7	247946.5	94090.8
2033-02-06 08:45:34	6843.38	-1076.23	91.73	108608450	-91595965	-39704818	266395.6	248360.5	94217.2
2033-02-06 08:54:51	6230.41	3018.19	-266.72	108619948	-91584690	-39699931	266008.8	248773.9	94343.3
2033-02-06 09:04:08	3375.91	6026.77	-528.96	108631444	-91573414	-39695045	265621.4	249186.7	94469.3
2033-02-06 09:13:25	-693.13	6867.14	-600.39	108642939	-91562137	-39690157	265233.4	249598.9	94595
2033-02-06 09:22:42	-4512.81	5236.97	-455.24	108654433	-91550859	-39685269	264844.7	250010.5	94720.5
2033-02-06 09:32:00	-6708.91	1722.73	-145.88	108665925	-91539580	-39680381	264455.5	250421.6	94845.7
2033-02-06 09:41:17	-6491.34	-2411.29	216.1	108677416	-91528300	-39675492	264065.5	250832	94970.8
2033-02-06 09:50:34	-3938.38	-5677.81	500.13	108688905	-91517018	-39670602	263675	251241.9	95095.6
2033-02-06 09:59:51	31.49	-6901.67	603.75	108700393	-91505735	-39665712	263283.9	251651.1	95220.2
2033-02-06 10:09:08	3990.04	-5642.56	489.58	108711880	-91494451	-39660822	262892.1	252059.8	95344.5
2033-02-06 10:18:26	6513.08	-2353.46	198.81	108723365	-91483166	-39655931	262499.7	252467.9	95468.7
2033-02-06 10:27:43	6692.91	1782.32	-163.68	108734849	-91471880	-39651039	262106.7	252875.3	95592.6
2033-02-06 10:37:00	4464.83	5276.9	-467.13	108746331	-91460592	-39646147	261713.1	253282.2	95716.3
2033-02-06 10:46:17	630.44	6873.04	-602.07	108757812	-91449304	-39641255	261318.8	253688.5	95839.7
2033-02-06 10:55:34	-3430.77	5996.51	-519.83	108769292	-91438014	-39636362	260923.9	254094.2	95963
2033-02-06 11:04:51	-6257.69	2962.66	-250.08	108780770	-91426723	-39631468	260528.5	254499.3	96086
2033-02-06 11:14:09	-6833.27	-1137.04	109.89	108792247	-91415431	-39626574	260132.4	254903.7	96208.8
2033-02-06 11:23:26	-4950.45	-4827.69	430.21	108803722	-91404138	-39621680	259735.7	255307.6	96331.3
2033-02-06 11:32:43	-1286.6	-6781.5	595.35	108815196	-91392843	-39616785	259338.3	255710.9	96453.6
2033-02-06 11:42:00	2840.13	-6295.59	545.73	108826669	-91381548	-39611889	258940.4	256113.6	96575.7
2033-02-06 11:51:17	5945.06	-3544.75	299.25	108838140	-91370251	-39606993	258541.9	256515.6	96697.6
2033-02-06 12:00:35	6911.14	481.36	-55.17	108849610	-91358953	-39602097	258142.7	256917.1	96819.3
2033-02-06 12:09:52	5390.79	4334.29	-389.7	108861078	-91347654	-39597200	257743	257318	96940.7
2033-02-06 12:19:09	1930.99	6627.91	-583.64	108872545	-91336354	-39592302	257342.6	257718.2	97061.9
2033-02-06 12:28:26	-2223.51	6537.05	-567.06	108884011	-91325052	-39587404	256941.6	258117.9	97182.8
2033-02-06 12:37:43	-5578.07	4094.4	-345.92	108895475	-91313750	-39582506	256540.1	258516.9	97303.5
2033-02-06 12:47:00	-6925.79	178.73	0	108906938	-91302446	-39577606	256137.9	258915.4	97424.1
2033-02-06 12:56:18	-5781.83	-3801.24	345.92	108918399	-91291141	-39572707	255735.1	259313.2	97544.3
2033-02-06 13:05:35	-2557.73	-6413.66	567.06	108929859	-91279835	-39567807	255331.7	259710.4	97664.4
2033-02-06 13:14:52	1586.56	-6718.69	583.64	108941318	-91268528	-39562906	254927.7	260107	97784.2
2033-02-06 13:24:09	5160.06	-4606.58	389.7	108952775	-91257219	-39558005	254523.2	260503	97903.8
2033-02-06 13:33:26	6877.11	-837.19	55.17	108964230	-91245910	-39553104	254118	260898.4	98023.1
2033-02-06 13:42:44	6119.98	3233.39	-299.25	108975685	-91234599	-39548201	253712.2	261293.1	98142.2
2033-02-06 13:52:01	3161.07	6140.72	-545.73	108987138	-91223287	-39543299	253305.8	261687.3	98261.1
2033-02-06 14:01:18	-935.1	6838.84	-595.35	108998589	-91211974	-39538396	252898.9	262080.8	98379.8
2033-02-06 14:10:35	-4694.85	5076.6	-430.21	109010039	-91200660	-39533492	252491.3	262473.8	98498.2
2033-02-06 14:19:52	-6765.53	1487.98	-109.89	109021488	-91189345	-39528588	252083.2	262866.1	98616.4
2033-02-06 14:29:09	-6402.17	-2635.95	250.08	109032935	-91178028	-39523683	251674.4	263257.8	98734.4
2033-02-06 14:38:27	-3735.5	-5811.58	519.83	109044381	-91166710	-39518778	251265.1	263648.9	98852.1
2033-02-06 14:47:44	275.09	-6896.41	602.07	109055826	-91155391	-39513873	250855.2	264039.3	98969.7
2033-02-06 14:57:01	4186.71	-5500.16	467.13	109067269	-91144071	-39508966	250444.7	264429.2	99086.9
2033-02-06 15:06:18	6592.08	-2125.16	163.68	109078711	-91132750	-39504060	250033.6	264818.4	99204
2033-02-06 15:15:35	6625.8	2014.39	-198.81	109090151	-91121428	-39499153	249621.9	265207	99320.8
2033-02-06 15:24:52	4275.76	5429.25	-489.58	109101590	-91110104	-39494245	249209.6	265595	99437.4
2033-02-06 15:34:10	387.43	6890.86	-603.75	109113027	-91098780	-39489337	248796.8	265982.3	99553.7
2033-02-06 15:43:27	-3640.29	5873.39	-500.13	109124463	-91087454	-39484428	248383.4	266369.1	99669.8
2033-02-06 15:52:44	-6358.33	2742.9	-216.1	109135898	-91076127	-39479519	247969.3	266755.2	99785.7
2033-02-06 16:02:01	-6788.84	-1374.4	145.88	109147331	-91064799	-39474609	247554.7	267140.7	99901.3
2033-02-06 16:11:18	-4776.92	-4997.23	455.24	109158763	-91053469	-39469699	247139.6	267525.5	100016.8
2033-02-06 16:20:36	-1046.41	-6822.25	600.39	109170193	-91042139	-39464789	246723.8	267909.8	100131.9
2033-02-06 16:29:53	3060.57	-6192.88	528.96	109181622	-91030807	-39459877	246307.5	268293.4	100246.9
2033-02-06 16:39:10	6066.44	-3335.53	266.72	109193050	-91019474	-39454966	245890.6	268676.4	100361.6
2033-02-06 16:48:27	6889.78	721.82	-91.73	109204476	-91008140	-39450054	245473.1	269058.7	100476.1
2033-02-06 16:57:44	5234.39	4519.49	-417.09	109215901	-90996805	-39445141	245055	269440.4	100590.3
2033-02-06 17:07:01	1695.82	6691.21	-592	109227324	-90985469	-39440228	244636.4	269821.5	100704.3
2033-02-06 17:16:19	-2452.86	6455.68	-553.35	109238746	-90974132	-39435314	244217.2	270202	100818.1
2033-02-06 17:25:36	-5719.06	3897.64	-315.1	109250167	-90962793	-39430400	243797.5	270581.9	100931.6
2033-02-06 17:34:53	-6927.72	-62.64	36.81	109261586	-90951453	-39425485	243377.1	270961.1	101044.9
2033-02-06 17:44:10	-5643.99	-4000.38	375.45	109273004	-90940112	-39420570	242956.2	271339.6	101158
2033-02-06 17:53:27	-2329.71	-6498.94	578.65	109284420	-90928770	-39415654	242534.7	271717.6	101270.8
2033-02-06 18:02:45	1822.72	-6659.41	573.12	109295835	-90917427	-39410738	242112.7	272094.9	101383.4
2033-02-06 18:12:02	5319.39	-4424.08	360.85	109307248	-90906083	-39405821	241690.1	272471.6	101495.8
2033-02-06 18:21:19	6902.29	-597.12	18.41	109318660	-90894737	-39400904	241266.9	272847.6	101607.9
2033-02-06 18:30:36	6001.96	3444.66	-330.67	109330071	-90883390	-39395986	240843.2	273223	101719.8
2033-02-06 18:39:53	2942.3	6247.18	-560.47	109341480	-90872042	-39391068	240418.9	273597.8	101831.4
2033-02-06 18:49:10	-1175.91	6802.2	-588.09	109352888	-90860693	-39386149	239994	273971.9	101942.8
2033-02-06 18:58:28	-4871.06	4910.04	-403.58	109364295	-90849343	-39381230	239568.6	274345.4	102054
2033-02-06 19:07:45	-6813.74	1251.42	-73.49	109375700	-90837992	-39376310	239142.7	274718.3	102164.9
2033-02-06 19:17:02	-6305.05	-2857.41	283.12	109387103	-90826639	-39371390	238716.1	275090.5	102275.6
2033-02-06 19:26:19	-3527.98	-5938.26	537.59	109398506	-90815286	-39366470	238289	275462.1	102386.1
2033-02-06 19:35:36	518.35	-6882.74	598.15	109409907	-90803931	-39361548	237861.4	275833	102496.3
2033-02-06 19:44:53	4378.19	-5351.06	442.93	109421306	-90792575	-39356627	237433.2	276203.3	102606.3
2033-02-06 19:54:11	6662.88	-1894.27	127.94	109432704	-90781218	-39351704	237004.5	276573	102716
2033-02-06 20:03:28	6550.46	2244.02	-233.2	109444101	-90769859	-39346782	236575.2	276942	102825.5
2033-02-06 20:12:45	4081.39	5574.99	-510.22	109455496	-90758500	-39341858	236145.3	277310.3	102934.8
2033-02-06 20:22:02	143.95	6900.29	-603.19	109466889	-90747139	-39336935	235714.9	277678.1	103043.8
2033-02-06 20:31:19	-3845.27	5743.12	-478.58	109478282	-90735778	-39332010	235284	278045.1	103152.6
2033-02-06 20:40:37	-6451.08	2519.78	-181.33	109489673	-90724415	-39327086	234852.5	278411.6	103261.2
2033-02-06 20:49:54	-6735.97	-1610.08	181.33	109501062	-90713051	-39322160	234420.4	278777.4	103369.5
2033-02-06 20:59:11	-4597.47	-5160.7	478.58	109512450	-90701685	-39317235	233987.8	279142.5	103477.6
2033-02-06 21:08:28	-804.93	-6854.69	603.19	109523837	-90690319	-39312308	233554.7	279507	103585.4
2033-02-06 21:17:45	3277.19	-6082.62	510.22	109535222	-90678951	-39307382	233121	279870.9	103693
2033-02-06 21:27:02	6180.28	-3122.24	233.2	109546606	-90667583	-39302454	232686.8	280234.1	103800.3
2033-02-06 21:36:20	6859.88	961.41	-127.94	109557989	-90656213	-39297527	232252.1	280596.6	103907.4
2033-02-06 21:45:37	5071.5	4699.18	-442.93	109569370	-90644842	-39292598	231816.8	280958.5	104014.3
2033-02-06 21:54:54	1458.54	6746.37	-598.15	109580750	-90633470	-39287670	231380.9	281319.8	104120.9
2033-02-06 22:04:11	-2679.15	6366.45	-537.59	109592128	-90622096	-39282740	230944.6	281680.3	104227.3
2033-02-06 22:13:28	-5852.95	3696.13	-283.12	109603505	-90610722	-39277811	230507.7	282040.3	104333.5
2033-02-06 22:22:46	-6921.04	-303.94	73.49	109614880	-90599346	-39272880	230070.2	282399.6	104439.4
2033-02-06 22:32:03	-5499.14	-4194.66	403.58	109626254	-90587969	-39267950	229632.3	282758.2	104545
2033-02-06 22:41:20	-2098.82	-6576.3	588.09	109637627	-90576591	-39263018	229193.8	283116.2	104650.5
2033-02-06 22:50:37	2056.6	-6592.03	560.47	109648998	-90565212	-39258087	228754.7	283473.5	104755.6
2033-02-06 22:59:54	5472.1	-4236.19	330.67	109660368	-90553832	-39253154	228315.1	283830.2	104860.6
2033-02-06 23:09:11	6918.91	-356.32	-18.41	109671736	-90542451	-39248222	227875.1	284186.2	104965.3
2033-02-06 23:18:29	5876.49	3651.74	-360.85	109683103	-90531068	-39243288	227434.4	284541.6	105069.7
2033-02-06 23:27:46	2719.89	6346.05	-573.12	109694468	-90519684	-39238355	226993.3	284896.3	105173.9
2033-02-06 23:37:03	-1415.24	6757.28	-578.65	109705832	-90508300	-39233420	226551.6	285250.4	105277.9
2033-02-06 23:46:20	-5041.21	4737.49	-375.45	109717195	-90496914	-39228486	226109.4	285603.7	105381.6
2033-02-06 23:55:37	-6853.49	1013.32	-36.81	109728556	-90485526	-39223550	225666.7	285956.5	105485.1
2033-02-07 00:04:55	-6200.09	-3075.4	315.1	109739916	-90474138	-39218614	225223.4	286308.5	105588.3
2033-02-07 00:14:12	-3316.09	-6057.72	553.35	109751275	-90462749	-39213678	224779.7	286660	105691.3
2033-02-07 00:23:29	760.95	-6860.69	592	109762632	-90451358	-39208741	224335.4	287010.7	105794.1
2033-02-07 00:32:46	4564.21	-5195.44	417.09	109773987	-90439966	-39203804	223890.6	287360.8	105896.6
2033-02-07 00:42:03	6725.4	-1661.06	91.73	109785342	-90428573	-39198866	223445.2	287710.2	105998.9
2033-02-07 00:51:20	6466.99	2470.92	-266.72	109796694	-90417179	-39193928	222999.4	288059	106100.9
2033-02-07 01:00:38	3881.95	5713.95	-528.96	109808046	-90405784	-39188989	222553	288407.1	106202.7
2033-02-07 01:09:55	-99.7	6901.32	-600.39	109819396	-90394387	-39184050	222106.2	288754.5	106304.2
2033-02-07 01:19:12	-4045.47	5605.84	-455.24	109830744	-90382990	-39179110	221658.8	289101.3	106405.5
2033-02-07 01:28:29	-6535.8	2293.59	-145.88	109842091	-90371591	-39174170	221210.9	289447.4	106506.5
2033-02-07 01:37:46	-6674.74	-1843.82	216.1	109853437	-90360191	-39169229	220762.5	289792.8	106607.3
2033-02-07 01:47:03	-4412.31	-5317.89	500.13	109864781	-90348790	-39164288	220313.5	290137.6	106707.9
2033-02-07 01:56:21	-562.46	-6878.79	603.75	109876124	-90337388	-39159346	219864.1	290481.7	106808.2
2033-02-07 02:05:38	3489.74	-5964.95	489.58	109887466	-90325985	-39154404	219414.2	290825.1	106908.2
2033-02-07 02:14:55	6286.43	-2905.14	198.81	109898806	-90314581	-39149461	218963.7	291167.9	107008
2033-02-07 02:24:12	6821.45	1199.84	-163.68	109910145	-90303175	-39144518	218512.8	291510	107107.6
2033-02-07 02:33:29	4902.31	4873.16	-467.13	109921482	-90291768	-39139574	218061.3	291851.4	107206.9
2033-02-07 02:42:47	1219.47	6793.3	-602.07	109932818	-90280360	-39134630	217609.4	292192.2	107306
2033-02-07 02:52:04	-2902.09	6269.47	-519.83	109944152	-90268951	-39129685	217156.9	292532.3	107404.8
2033-02-07 03:01:21	-5979.57	3490.1	-250.08	109955485	-90257541	-39124740	216704	292871.7	107503.4
2033-02-07 03:10:38	-6905.77	-544.88	109.89	109966816	-90246130	-39119794	216250.5	293210.4	107601.7
2033-02-07 03:19:55	-5347.47	-4383.83	430.21	109978147	-90234717	-39114848	215796.6	293548.5	107699.8
2033-02-07 03:29:12	-1865.32	-6645.65	595.35	109989475	-90223303	-39109901	215342.1	293885.9	107797.7
2033-02-07 03:38:30	2287.91	-6516.61	545.73	110000803	-90211889	-39104954	214887.2	294222.6	107895.3
2033-02-07 03:47:47	5618.02	-4043.13	299.25	110012129	-90200473	-39100006	214431.7	294558.7	107992.6
2033-02-07 03:57:04	6926.92	-115.08	-55.17	110023453	-90189056	-39095058	213975.8	294894	108089.7
2033-02-07 04:06:21	5743.73	3854.38	-389.7	110034776	-90177637	-39090109	213519.4	295228.7	108186.6
2033-02-07 04:15:38	2494.11	6437.18	-583.64	110046098	-90166218	-39085160	213062.4	295562.7	108283.2
2033-02-07 04:24:56	-1652.81	6704.12	-567.06	110057418	-90154797	-39080210	212605	295896.1	108379.5
2033-02-07 04:34:13	-5205.09	4559.16	-345.92	110068737	-90143376	-39075260	212147.1	296228.7	108475.6
2033-02-07 04:43:30	-6884.73	773.98	0	110080054	-90131953	-39070309	211688.7	296560.7	108571.5
2033-02-07 04:52:47	-6087.45	-3289.66	345.92	110091370	-90120529	-39065358	211229.9	296892	108667.1
2033-02-07 05:02:04	-3100.09	-6169.8	567.06	110102685	-90109104	-39060406	210770.5	297222.7	108762.5
2033-02-07 05:11:21	1002.59	-6830.28	583.64	110113998	-90097678	-39055454	210310.6	297552.6	108857.6
2033-02-07 05:20:39	4744.56	-5033.48	389.7	110125309	-90086250	-39050501	209850.3	297881.9	108952.4
2033-02-07 05:29:56	6779.57	-1425.81	55.17	110136620	-90074822	-39045548	209389.5	298210.5	109047.1
2033-02-07 05:39:13	6375.5	2694.82	-299.25	110147929	-90063392	-39040594	208928.2	298538.4	109141.4
2033-02-07 05:48:30	3677.71	5845.96	-545.73	110159236	-90051961	-39035640	208466.4	298865.6	109235.5
2033-02-07 05:57:47	-343.21	6893.94	-595.35	110170542	-90040529	-39030685	208004.2	299192.1	109329.4
2033-02-07 06:07:05	-4240.64	5461.73	-430.21	110181847	-90029096	-39025730	207541.5	299518	109423
2033-02-07 06:16:22	-6612.41	2064.59	-109.89	110193150	-90017661	-39020774	207078.3	299843.2	109516.4
2033-02-07 06:25:39	-6605.23	-2075.32	250.08	110204452	-90006226	-39015818	206614.6	300167.7	109609.5
2033-02-07 06:34:56	-4221.69	-5468.61	519.83	110215752	-89994789	-39010861	206150.4	300491.5	109702.4
2033-02-07 06:44:13	-319.31	-6894.5	602.07	110227051	-89983352	-39005904	205685.8	300814.6	109795
2033-02-07 06:53:30	3697.94	-5840	467.13	110238349	-89971913	-39000947	205220.7	301137	109887.4
2033-02-07 07:02:48	6384.77	-2684.48	163.68	110249645	-89960473	-38995988	204755.1	301458.7	109979.5
2033-02-07 07:12:05	6774.55	1436.82	-198.81	110260939	-89949031	-38991030	204289.1	301779.8	110071.4
2033-02-07 07:21:22	4727.05	5041.22	-489.58	110272233	-89937589	-38986070	203822.6	302100.2	110163
2033-02-07 07:30:39	978.9	6831.97	-603.75	110283524	-89926146	-38981111	203355.6	302419.9	110254.3
2033-02-07 07:39:56	-3121.42	6164.83	-500.13	110294815	-89914701	-38976151	202888.2	302738.8	110345.4
2033-02-07 07:49:13	-6098.75	3279.81	-216.1	110306104	-89903255	-38971190	202420.2	303057.1	110436.3
2033-02-07 07:58:31	-6881.92	-785.17	145.88	110317391	-89891808	-38966229	201951.9	303374.8	110526.9
2033-02-07 08:07:48	-5189.18	-4567.68	455.24	110328678	-89880360	-38961267	201483	303691.7	110617.3
2033-02-07 08:17:05	-1629.53	-6706.92	600.39	110339962	-89868911	-38956305	201013.7	304007.9	110707.4
2033-02-07 08:26:22	2516.37	-6433.25	528.96	110351246	-89857461	-38951342	200544	304323.4	110797.2
2033-02-07 08:35:39	5756.94	-3845.13	266.72	110362527	-89846009	-38946379	200073.8	304638.3	110886.8
2033-02-07 08:44:57	6926.34	126.33	-91.73	110373808	-89834557	-38941415	199603.1	304952.4	110976.2
2033-02-07 08:54:14	5603.85	4052.35	-417.09	110385087	-89823103	-38936451	199132	305265.9	111065.3
2033-02-07 09:03:31	2265.26	6520.48	-592	110396365	-89811648	-38931486	198660.4	305578.7	111154.1
2033-02-07 09:12:48	-1888.3	6642.79	-553.35	110407641	-89800192	-38926521	198188.4	305890.7	111242.7
2033-02-07 09:22:05	-5362.49	4375.27	-315.1	110418916	-89788735	-38921556	197715.9	306202.1	111331.1
2033-02-07 09:31:22	-6907.42	533.67	36.81	110430189	-89777276	-38916589	197242.9	306512.8	111419.2
2033-02-07 09:40:40	-5967.26	-3499.92	375.45	110441461	-89765817	-38911623	196769.5	306822.8	111507
2033-02-07 09:49:57	-2880.26	-6274.38	578.65	110452731	-89754356	-38906656	196295.7	307132.1	111594.6
2033-02-07 09:59:14	1242.97	-6791.55	573.12	110464001	-89742894	-38901688	195821.4	307440.7	111681.9
2033-02-07 10:08:31	4919	-4865.37	360.85	110475268	-89731431	-38896720	195346.6	307748.5	111769
2033-02-07 10:17:48	6825.32	-1188.8	18.41	110486535	-89719967	-38891751	194871.5	308055.7	111855.8
2033-02-07 10:27:06	6276.09	2915.46	-330.67	110497799	-89708502	-38886782	194395.8	308362.2	111942.4
2033-02-07 10:36:23	3468.91	5970.85	-560.47	110509063	-89697036	-38881812	193919.8	308668	112028.7
2033-02-07 10:45:40	-586.27	6878.15	-588.09	110520325	-89685568	-38876842	193443.2	308973.1	112114.8
2033-02-07 10:54:57	-4430.52	5310.95	-403.58	110531585	-89674100	-38871872	192966.3	309277.5	112200.6
2033-02-07 11:04:14	-6680.8	1833.05	-73.49	110542844	-89662630	-38866901	192488.9	309581.2	112286.1
2033-02-07 11:13:31	-6527.52	-2304.32	283.12	110554102	-89651159	-38861929	192011	309884.2	112371.4
2033-02-07 11:22:49	-4025.84	-5612.68	537.59	110565358	-89639687	-38856957	191532.8	310186.5	112456.5
2033-02-07 11:32:06	-75.78	-6901.81	598.15	110576613	-89628214	-38851984	191054	310488.1	112541.3
2033-02-07 11:41:23	3901.53	-5707.93	442.93	110587867	-89616739	-38847011	190574.9	310789	112625.8
2033-02-07 11:50:40	6475.18	-2460.53	127.94	110599119	-89605264	-38842038	190095.3	311089.2	112710.1
2033-02-07 11:59:57	6719.25	1672.08	-233.2	110610369	-89593787	-38837063	189615.3	311388.6	112794.1
2033-02-07 12:09:15	4545.94	5203.14	-510.22	110621619	-89582309	-38832089	189134.8	311687.4	112877.9
2033-02-07 12:18:32	737.13	6862.31	-603.19	110632866	-89570830	-38827114	188654	311985.5	112961.4
2033-02-07 12:27:49	-3336.86	6052.68	-478.58	110644113	-89559350	-38822138	188172.6	312282.9	113044.7
2033-02-07 12:37:06	-6210.34	3065.5	-181.33	110655358	-89547869	-38817162	187690.9	312579.5	113127.7
2033-02-07 12:46:23	-6849.53	-1024.53	181.33	110666601	-89536387	-38812186	187208.7	312875.5	113210.4
2033-02-07 12:55:40	-5024.45	-4745.99	478.58	110677843	-89524903	-38807209	186726.2	313170.7	113292.9
2033-02-07 13:04:58	-1391.74	-6760.01	603.19	110689084	-89513419	-38802231	186243.1	313465.3	113375.2
2033-02-07 13:14:15	2741.68	-6342.04	510.22	110700323	-89501933	-38797253	185759.7	313759.1	113457.1
2033-02-07 13:23:32	5888.71	-3642.43	233.2	110711561	-89490446	-38792274	185275.8	314052.2	113538.9
2033-02-07 13:32:49	6917.16	367.6	-127.94	110722797	-89478958	-38787295	184791.5	314344.6	113620.3
2033-02-07 13:42:06	5457.02	4245.39	-442.93	110734032	-89467469	-38782316	184306.8	314636.3	113701.6
2033-02-07 13:51:23	2033.61	6595.85	-598.15	110745265	-89455979	-38777336	183821.7	314927.3	113782.5
2033-02-07 14:00:41	-2121.42	6573.36	-537.59	110756498	-89444487	-38772355	183336.2	315217.6	113863.2
2033-02-07 14:09:58	-5513.22	4186.02	-283.12	110767728	-89432995	-38767374	182850.2	315507.2	113943.7
2033-02-07 14:19:15	-6921.52	292.69	73.49	110778957	-89421501	-38762393	182363.8	315796.1	114023.9
2033-02-07 14:28:32	-5839.67	-3705.94	403.58	110790185	-89410006	-38757411	181877	316084.2	114103.8
2033-02-07 14:37:49	-2656.87	-6371.32	588.09	110801412	-89398510	-38752428	181389.8	316371.7	114183.5
2033-02-07 14:47:07	1481.78	-6744.54	560.47	110812637	-89387013	-38747445	180902.2	316658.4	114262.9
2033-02-07 14:56:24	5087.32	-4691.31	330.67	110823860	-89375515	-38742462	180414.2	316944.4	114342.1
2033-02-07 15:05:41	6862.59	-950.32	-18.41	110835082	-89364015	-38737478	179925.8	317229.7	114421
2033-02-07 15:14:58	6168.9	3132.57	-360.85	110846303	-89352515	-38732493	179436.9	317514.3	114499.6
2033-02-07 15:24:15	3255.83	6088.49	-573.12	110857522	-89341013	-38727508	178947.7	317798.2	114578
2033-02-07 15:33:32	-828.58	6853.99	-578.65	110868740	-89329510	-38722523	178458	318081.3	114656.1
2033-02-07 15:42:50	-4614.89	5153.68	-375.45	110879956	-89318006	-38717537	177967.9	318363.8	114734
2033-02-07 15:52:07	-6740.89	1599.26	-36.81	110891171	-89306501	-38712551	177477.5	318645.5	114811.6
2033-02-07 16:01:24	-6441.72	-2530.53	315.1	110902385	-89294995	-38707564	176986.6	318926.5	114889
2033-02-07 16:10:41	-3825.01	-5749.93	553.35	110913597	-89283488	-38702576	176495.3	319206.8	114966.1
2033-02-07 16:19:58	167.82	-6900.72	592	110924808	-89271979	-38697588	176003.7	319486.4	115042.9
2033-02-07 16:29:16	4100.26	-5568.89	417.09	110936017	-89260469	-38692600	175511.6	319765.2	115119.5
2033-02-07 16:38:33	6557.54	-2233.57	91.73	110947225	-89248959	-38687611	175019.1	320043.4	115195.8
2033-02-07 16:47:50	6655.61	1905.32	-266.72	110958431	-89237447	-38682622	174526.2	320320.8	115271.9
2033-02-07 16:57:07	4359.2	5358.75	-528.96	110969636	-89225934	-38677632	174033	320597.5	115347.7
2033-02-07 17:06:24	494.48	6884.3	-600.39	110980840	-89214419	-38672641	173539.3	320873.5	115423.3
2033-02-07 17:15:41	-3548.13	5933.13	-455.24	110992042	-89202904	-38667650	173045.3	321148.8	115498.5
2033-02-07 17:24:59	-6314.22	2847.44	-145.88	111003242	-89191388	-38662659	172550.8	321423.3	115573.6
2033-02-07 17:34:16	-6808.64	-1262.67	216.1	111014442	-89179870	-38657667	172056	321697.1	115648.4
2033-02-07 17:43:33	-4853.51	-4918.52	500.13	111025639	-89168351	-38652675	171560.8	321970.2	115722.9
2033-02-07 17:52:50	-1152.24	-6804.88	603.75	111036836	-89156831	-38647682	171065.2	322242.6	115797.1
2033-02-07 18:02:07	2963.56	-6243.09	489.58	111048031	-89145310	-38642689	170569.2	322514.3	115871.1
2033-02-07 18:11:25	6013.15	-3435.26	198.81	111059224	-89133788	-38637695	170072.8	322785.2	115944.9
2033-02-07 18:20:42	6899.39	608.46	-163.68	111070416	-89122265	-38632700	169576	323055.4	116018.3
2033-02-07 18:29:59	5303.43	4433.28	-467.13	111081607	-89110741	-38627706	169078.9	323324.9	116091.6
2033-02-07 18:39:16	1799.46	6663.18	-602.07	111092796	-89099215	-38622710	168581.4	323593.7	116164.5
2033-02-07 18:48:33	-2351.89	6495.92	-519.83	111103984	-89087688	-38617715	168083.4	323861.7	116237.2
2033-02-07 18:57:50	-5657.1	3991.65	-250.08	111115171	-89076161	-38612718	167585.1	324129.1	116309.7
2033-02-07 19:07:08	-6927.04	51.33	109.89	111126356	-89064632	-38607721	167086.5	324395.7	116381.8
2033-02-07 19:16:25	-5704.84	-3907.47	430.21	111137539	-89053102	-38602724	166587.4	324661.5	116453.7
2033-02-07 19:25:42	-2430.21	-6460.51	595.35	111148721	-89041570	-38597726	166088	324926.7	116525.4
2033-02-07 19:34:59	1718.72	-6689.3	545.73	111159902	-89030038	-38592728	165588.2	325191.1	116596.8
2033-02-07 19:44:16	5249.3	-4511.52	299.25	111171081	-89018505	-38587729	165088	325454.8	116667.9
2033-02-07 19:53:33	6891.33	-710.66	-55.17	111182259	-89006970	-38582730	164587.5	325717.7	116738.8
2033-02-07 20:02:51	6054.07	3345.89	-389.7	111193435	-88995434	-38577730	164086.5	325980	116809.4
2033-02-07 20:12:08	3038.73	6198.71	-583.64	111204610	-88983897	-38572730	163585.2	326241.5	116879.8
2033-02-07 20:21:25	-1069.84	6821.47	-567.06	111215784	-88972359	-38567729	163083.6	326502.3	116949.9
2033-02-07 20:30:42	-4793.5	4990.11	-345.92	111226956	-88960820	-38562728	162581.6	326762.3	117019.7
2033-02-07 20:39:59	-6792.6	1363.49	0	111238127	-88949280	-38557726	162079.2	327021.6	117089.3
2033-02-07 20:49:17	-6347.93	-2753.68	345.92	111249296	-88937739	-38552724	161576.4	327280.2	117158.6
2033-02-07 20:58:34	-3619.46	-5880.18	567.06	111260464	-88926196	-38547722	161073.3	327538.1	117227.7
2033-02-07 21:07:51	411.18	-6891.22	583.64	111271630	-88914652	-38542718	160569.8	327795.2	117296.5
2033-02-07 21:17:08	4293.87	-5423.04	389.7	111282795	-88903108	-38537715	160065.9	328051.6	117365
2033-02-07 21:26:25	6631.75	-2003.85	55.17	111293958	-88891562	-38532711	159561.7	328307.3	117433.3
2033-02-07 21:35:42	6583.72	2136.27	-299.25	111305121	-88880015	-38527706	159057.1	328562.3	117501.3
2033-02-07 21:45:00	4167.07	5507.84	-545.73	111316281	-88868467	-38522701	158552.2	328816.5	117569
2033-02-07 21:54:17	251.24	6897.9	-595.35	111327440	-88856917	-38517695	158046.9	329069.9	117636.5
2033-02-07 22:03:34	-3754.97	5806.35	-430.21	111338598	-88845367	-38512689	157541.3	329322.7	117703.7
2033-02-07 22:12:51	-6410.25	2625.88	-109.89	111349754	-88833815	-38507682	157035.3	329574.7	117770.7
2033-02-07 22:22:08	-6759.3	-1499.3	250.08	111360909	-88822263	-38502675	156528.9	329826	117837.4
2033-02-07 22:31:26	-4676.56	-5085.09	519.83	111372063	-88810709	-38497668	156022.2	330076.5	117903.8
2033-02-07 22:40:43	-911.34	-6841.46	602.07	111383215	-88799154	-38492660	155515.2	330326.3	117970
2033-02-07 22:50:00	3181.74	-6136.52	467.13	111394366	-88787598	-38487651	155007.7	330575.4	118035.9
2033-02-07 22:59:17	6130.12	-3223.89	163.68	111405515	-88776040	-38482642	154500	330823.7	118101.5
2033-02-07 23:08:34	6873.06	848.6	-198.81	111416662	-88764482	-38477632	153991.9	331071.3	118166.9
2033-02-07 23:17:51	5143.28	4615.79	-489.58	111427809	-88752923	-38472622	153483.4	331318.2	118232.1
2033-02-07 23:27:09	1563.11	6722.41	-603.75	111438954	-88741362	-38467612	152974.6	331564.3	118296.9
2033-02-07 23:36:26	-2579.41	6410.54	-500.13	111450097	-88729800	-38462601	152465.5	331809.7	118361.5
2033-02-07 23:45:43	-5793.93	3792.4	-216.1	111461239	-88718237	-38457589	151956	332054.4	118425.9
2033-02-07 23:55:00	-6923.95	-190.12	145.88	111472380	-88706673	-38452577	151446.2	332298.3	118489.9
2033-02-08 00:04:17	-5562.95	-4104.26	455.24	111483519	-88695108	-38447565	150936	332541.5	118553.7
2033-02-08 00:13:34	-2200.57	-6541.84	600.39	111494657	-88683542	-38442552	150425.5	332784	118617.3
2033-02-08 00:22:52	1953.5	-6625.9	528.96	111505793	-88671975	-38437538	149914.7	333025.7	118680.6
2033-02-08 00:32:09	5404.75	-4326.21	266.72	111516928	-88660406	-38432524	149403.5	333266.6	118743.6
2033-02-08 00:41:26	6911.52	-470.1	-91.73	111528061	-88648836	-38427510	148892	333506.9	118806.4
2033-02-08 00:50:43	5931.74	3555.15	-417.09	111539193	-88637266	-38422495	148380.1	333746.4	118868.9
2033-02-08 01:00:00	2817.89	6301.4	-592	111550324	-88625694	-38417479	147867.9	333985.1	118931.1
2033-02-08 01:09:18	-1309.73	6780.63	-553.35	111561453	-88614121	-38412464	147355.4	334223.1	118993.1
2033-02-08 01:18:35	-4966.15	4820.44	-315.1	111572581	-88602547	-38407447	146842.6	334460.4	119054.8
2033-02-08 01:27:52	-6835.88	1126.03	36.81	111583707	-88590971	-38402430	146329.4	334696.9	119116.2
2033-02-08 01:37:09	-6246.27	-2973.51	375.45	111594832	-88579395	-38397413	145815.9	334932.7	119177.4
2033-02-08 01:46:26	-3409.44	-6003.29	578.65	111605955	-88567817	-38392395	145302	335167.8	119238.3
2033-02-08 01:55:43	653.99	-6873.31	573.12	111617077	-88556239	-38387377	144787.9	335402.1	119299
2033-02-08 02:05:01	4482.13	-5270.57	360.85	111628197	-88544659	-38382358	144273.4	335635.7	119359.4
2033-02-08 02:14:18	6697.72	-1771.66	18.41	111639316	-88533078	-38377338	143758.6	335868.5	119419.5
2033-02-08 02:23:35	6503.67	2364.64	-330.67	111650434	-88521496	-38372319	143243.4	336100.6	119479.4
2033-02-08 02:32:52	3969.79	5650.24	-560.47	111661550	-88509913	-38367298	142728	336331.9	119539
2033-02-08 02:42:09	7.72	6903.09	-588.09	111672665	-88498328	-38362277	142212.2	336562.5	119598.3
2033-02-08 02:51:27	-3957.13	5672.46	-403.58	111683778	-88486743	-38357256	141696.1	336792.4	119657.4
2033-02-08 03:00:44	-6498.3	2401.08	-73.49	111694890	-88475157	-38352234	141179.7	337021.5	119716.2
2033-02-08 03:10:01	-6701.58	-1734.13	283.12	111706001	-88463569	-38347212	140663	337249.8	119774.7
2033-02-08 03:19:18	-4493.84	-5245.47	537.59	111717110	-88451980	-38342189	140145.9	337477.5	119833
2033-02-08 03:28:35	-669.35	-6869.7	598.15	111728217	-88440390	-38337166	139628.6	337704.3	119891
2033-02-08 03:37:52	3395.94	-6022.46	442.93	111739324	-88428799	-38332142	139110.9	337930.5	119948.7
2033-02-08 03:47:10	6239.46	-3008.55	127.94	111750428	-88417207	-38327118	138592.9	338155.8	120006.2
2033-02-08 03:56:27	6838.2	1087.74	-233.2	111761531	-88405614	-38322093	138074.6	338380.5	120063.5
2033-02-08 04:05:44	4976.77	4792.71	-510.22	111772633	-88394019	-38317068	137556	338604.4	120120.4
2033-02-08 04:15:01	1324.85	6773.44	-603.19	111783734	-88382424	-38312042	137037.1	338827.5	120177.1
2033-02-08 04:24:18	-2803.7	6317.34	-478.58	111794833	-88370827	-38307016	136517.9	339049.9	120233.5
2033-02-08 04:33:36	-5923.55	3588.49	-181.33	111805930	-88359229	-38301989	135998.4	339271.6	120289.7
2033-02-08 04:42:53	-6912.28	-431.38	181.33	111817026	-88347630	-38296962	135478.5	339492.5	120345.6
2033-02-08 04:52:10	-5414.18	-4296.07	478.58	111828121	-88336030	-38291935	134958.4	339712.6	120401.2
2033-02-08 05:01:27	-1968.22	-6615.2	603.19	111839214	-88324429	-38286906	134438	339932	120456.6
2033-02-08 05:10:44	2185.83	-6554.42	510.22	111850306	-88312827	-38281878	133917.2	340150.7	120511.7
2033-02-08 05:20:01	5553.47	-4135.6	233.2	111861396	-88301223	-38276849	133396.2	340368.6	120566.5
2033-02-08 05:29:19	6923.13	-228.93	-127.94	111872485	-88289619	-38271819	132874.9	340585.8	120621.1
2033-02-08 05:38:36	5802.06	3760.11	-442.93	111883573	-88278013	-38266789	132353.2	340802.2	120675.4
2033-02-08 05:47:53	2593.59	6396.41	-598.15	111894659	-88266406	-38261758	131831.3	341017.8	120729.5
2033-02-08 05:57:10	-1547.97	6731.52	-537.59	111905743	-88254799	-38256727	131309.1	341232.7	120783.2
2033-02-08 06:06:27	-5132.6	4644.87	-283.12	111916826	-88243190	-38251696	130786.6	341446.9	120836.7
2033-02-08 06:15:44	-6870.67	887.15	73.49	111927908	-88231579	-38246664	130263.8	341660.3	120890
2033-02-08 06:25:02	-6136.88	-3189.74	403.58	111938988	-88219968	-38241631	129740.7	341873	120943
2033-02-08 06:34:19	-3195.22	-6119.09	588.09	111950067	-88208356	-38236598	129217.3	342084.9	120995.7
2033-02-08 06:43:36	895.96	-6847.02	560.47	111961145	-88196742	-38231565	128693.6	342296.1	121048.1
2033-02-08 06:52:53	4664.8	-5111.64	330.67	111972221	-88185128	-38226531	128169.6	342506.5	121100.3
2033-02-08 07:02:10	6755.37	-1537.27	-18.41	111983295	-88173512	-38221496	127645.4	342716.1	121152.2
2033-02-08 07:11:28	6415.56	2590.17	-360.85	111994368	-88161895	-38216461	127120.8	342925	121203.9
2033-02-08 07:20:45	3767.63	5785.77	-573.12	112005440	-88150277	-38211426	126596	343133.2	121255.3
2033-02-08 07:30:02	-235.78	6899.87	-578.65	112016510	-88138658	-38206390	126070.9	343340.6	121306.4
2033-02-08 07:39:19	-4154.34	5531.64	-375.45	112027579	-88127038	-38201354	125545.5	343547.2	121357.3
2033-02-08 07:48:36	-6578.29	2173.33	-36.81	112038646	-88115416	-38196317	125019.9	343753.1	121407.8
2033-02-08 07:57:53	-6635.56	-1966.88	315.1	112049712	-88103794	-38191279	124493.9	343958.2	121458.2
2033-02-08 08:07:11	-4305.56	-5399.49	553.35	112060776	-88092170	-38186241	123967.7	344162.6	121508.2
2033-02-08 08:16:28	-426.56	-6889.57	592	112071839	-88080545	-38181203	123441.2	344366.2	121558
2033-02-08 08:25:45	3605.89	-5901.03	417.09	112082901	-88068920	-38176164	122914.4	344569.1	121607.5
2033-02-08 08:35:02	6341.04	-2789.51	91.73	112093961	-88057293	-38171125	122387.3	344771.2	121656.8
2033-02-08 08:44:19	6794.87	1325.59	-266.72	112105020	-88045665	-38166085	121860	344972.6	121705.8
2033-02-08 08:53:37	4804.11	4963.8	-528.96	112116077	-88034035	-38161045	121332.4	345173.2	121754.5
2033-02-08 09:02:54	1084.99	6816.22	-600.39	112127133	-88022405	-38156004	120804.6	345373.1	121803
2033-02-08 09:12:11	-3024.47	6216.42	-455.24	112138187	-88010774	-38150963	120276.4	345572.2	121851.2
2033-02-08 09:21:28	-6045.8	3380.17	-145.88	112149240	-87999141	-38145921	119748	345770.5	121899.1
2033-02-08 09:30:45	-6892.03	-672.15	216.1	112160292	-87987507	-38140878	119219.3	345968.1	121946.8
2033-02-08 09:40:02	-5258.71	-4482.68	500.13	112171342	-87975873	-38135836	118690.4	346164.9	121994.2
2033-02-08 09:49:20	-1733.48	-6680.5	603.75	112182390	-87964237	-38130793	118161.2	346361	122041.3
2033-02-08 09:58:37	2415.4	-6474.93	489.58	112193437	-87952600	-38125749	117631.7	346556.3	122088.2
2033-02-08 10:07:54	5695.28	-3939.91	198.81	112204483	-87940961	-38120705	117102	346750.9	122134.8
2033-02-08 10:17:11	6926.15	12.56	-163.68	112215527	-87929322	-38115660	116572	346944.7	122181.1
2033-02-08 10:26:28	5665.21	3960.52	-467.13	112226570	-87917682	-38110615	116041.7	347137.7	122227.2
2033-02-08 10:35:46	2366.1	6483.64	-602.07	112237611	-87906040	-38105569	115511.2	347330	122272.9
2033-02-08 10:45:03	-1784.25	6674.19	-519.83	112248651	-87894398	-38100523	114980.5	347521.5	122318.5
2033-02-08 10:54:20	-5292.66	4463.6	-250.08	112259690	-87882754	-38095476	114449.4	347712.3	122363.7
2033-02-08 11:03:37	-6896.93	647.16	109.89	112270727	-87871109	-38090429	113918.1	347902.3	122408.7
2033-02-08 11:12:54	-6019.89	-3402.12	430.21	112281763	-87859463	-38085382	113386.6	348091.6	122453.5
2033-02-08 11:22:11	-2977.08	-6227.45	595.35	112292797	-87847816	-38080334	112854.8	348280	122497.9
2033-02-08 11:31:29	1136.78	-6812.38	545.73	112303830	-87836168	-38075285	112322.8	348467.8	122542.1
2033-02-08 11:40:46	4841.65	-4946.46	299.25	112314861	-87824518	-38070236	111790.5	348654.8	122586.1
2033-02-08 11:50:03	6804.63	-1300.97	-55.17	112325891	-87812868	-38065186	111257.9	348841	122629.7
2033-02-08 11:59:20	6319.51	2812.57	-389.7	112336919	-87801216	-38060136	110725.2	349026.4	122673.1
2033-02-08 12:08:37	3560.82	5914.26	-583.64	112347946	-87789564	-38055086	110192.1	349211.1	122716.2
2033-02-08 12:17:54	-478.93	6888.22	-567.06	112358971	-87777910	-38050035	109658.8	349395	122759.1
2033-02-08 12:27:12	-4346.37	5384.05	-345.92	112369996	-87766255	-38044983	109125.3	349578.2	122801.7
2033-02-08 12:36:29	-6650.1	1942.88	0	112381018	-87754599	-38039931	108591.5	349760.6	122844
2033-02-08 12:45:46	-6561.32	-2197.28	345.92	112392039	-87742942	-38034879	108057.5	349942.3	122886.1
2033-02-08 12:55:03	-4111.98	-5546.95	567.06	112403059	-87731284	-38029826	107523.3	350123.2	122927.9
2033-02-08 13:04:20	-183.28	-6901.04	583.64	112414077	-87719624	-38024773	106988.8	350303.3	122969.4
2033-02-08 13:13:38	3811.34	-5772.38	389.7	112425094	-87707964	-38019719	106454.1	350482.6	123010.7
2033-02-08 13:22:55	6434.74	-2567.03	55.17	112436110	-87696302	-38014664	105919.1	350661.2	123051.7
2033-02-08 13:32:12	6743.11	1561.86	-299.25	112447124	-87684639	-38009609	105383.9	350839.1	123092.4
2033-02-08 13:41:29	4625.52	5128.87	-545.73	112458136	-87672976	-38004554	104848.5	351016.2	123132.8
2033-02-08 13:50:46	843.82	6850.7	-595.35	112469147	-87661311	-37999498	104312.8	351192.5	123173
2033-02-08 14:00:03	-3241.46	6107.9	-430.21	112480157	-87649645	-37994442	103776.9	351368	123213
2033-02-08 14:09:21	-6160.54	3167.69	-109.89	112491165	-87637977	-37989385	103240.8	351542.8	123252.6
2033-02-08 14:18:38	-6863.24	-912.15	250.08	112502172	-87626309	-37984328	102704.4	351716.8	123292
2033-02-08 14:27:55	-5096.75	-4663.85	519.83	112513177	-87614640	-37979270	102167.8	351890.1	123331.1
2033-02-08 14:37:12	-1496.62	-6737.67	602.07	112524181	-87602969	-37974212	101631	352062.6	123370
2033-02-08 14:46:29	2641.94	-6387.53	467.13	112535183	-87591298	-37969153	101093.9	352234.3	123408.6
2033-02-08 14:55:47	5829.99	-3739.38	163.68	112546184	-87579625	-37964094	100556.7	352405.3	123446.9
2033-02-08 15:05:04	6920.58	254.08	-198.81	112557184	-87567951	-37959034	100019.2	352575.5	123484.9
2033-02-08 15:14:21	5521.36	4156.14	-489.58	112568182	-87556276	-37953974	99481.4	352744.9	123522.7
2033-02-08 15:23:38	2135.72	6562.98	-603.75	112579178	-87544600	-37948913	98943.5	352913.6	123560.2
2033-02-08 15:32:55	-2018.27	6608.71	-500.13	112590174	-87532923	-37943852	98405.3	353081.5	123597.5
2033-02-08 15:42:12	-5446.13	4276.86	-216.1	112601167	-87521244	-37938791	97867	353248.6	123634.5
2033-02-08 15:51:30	-6914.64	406.33	145.88	112612160	-87509565	-37933728	97328.4	353415	123671.2
2033-02-08 16:00:47	-5895.46	-3610.39	455.24	112623151	-87497884	-37928666	96789.6	353580.6	123707.6
2033-02-08 16:10:04	-2755.28	-6328.23	600.39	112634140	-87486203	-37923603	96250.5	353745.5	123743.8
2033-02-08 16:19:21	1376.15	-6769.42	528.96	112645128	-87474520	-37918539	95711.3	353909.6	123779.7
2033-02-08 16:28:38	5012.47	-4775.21	266.72	112656114	-87462836	-37913475	95171.8	354072.9	123815.4
2033-02-08 16:37:56	6845.44	-1063.04	-91.73	112667099	-87451151	-37908411	94632.2	354235.4	123850.7
2033-02-08 16:47:13	6215.63	3031.59	-417.09	112678083	-87439465	-37903346	94092.3	354397.2	123885.8
2033-02-08 16:56:30	3349.63	6035.57	-592	112689065	-87427778	-37898280	93552.2	354558.2	123920.7
2033-02-08 17:05:47	-721.45	6868.18	-553.35	112700046	-87416090	-37893214	93011.9	354718.5	123955.3
2033-02-08 17:15:04	-4532.97	5229.86	-315.1	112711025	-87404400	-37888148	92471.4	354878	123989.6
2033-02-08 17:24:21	-6713.65	1710.02	36.81	112722003	-87392710	-37883081	91930.7	355036.7	124023.6
2033-02-08 17:33:39	-6478.95	-2425.03	375.45	112732979	-87381018	-37878013	91389.8	355194.6	124057.4
2033-02-08 17:42:56	-3913.33	-5687.67	578.65	112743954	-87369325	-37872945	90848.6	355351.8	124090.9
2033-02-08 17:52:13	60.17	-6904.09	573.12	112754928	-87357631	-37867877	90307.3	355508.2	124124.1
2033-02-08 18:01:30	4012.02	-5636.67	360.85	112765900	-87345936	-37862808	89765.8	355663.8	124157.1
2033-02-08 18:10:47	6520.44	-2341.37	18.41	112776870	-87334240	-37857739	89224.1	355818.7	124189.8
2033-02-08 18:20:04	6683.01	1796.28	-330.67	112787839	-87322543	-37852669	88682.2	355972.8	124222.2
2033-02-08 18:29:22	4441.23	5287.71	-560.47	112798807	-87310845	-37847599	88140	356126.2	124254.4
2033-02-08 18:38:39	601.65	6876.83	-588.09	112809773	-87299145	-37842528	87597.7	356278.7	124286.3
2033-02-08 18:47:56	-3454.38	5991.91	-403.58	112820738	-87287445	-37837456	87055.2	356430.5	124317.9
2033-02-08 18:57:13	-6267.61	2951.31	-73.49	112831702	-87275743	-37832385	86512.5	356581.6	124349.2
2033-02-08 19:06:30	-6825.94	-1151.08	283.12	112842663	-87264040	-37827312	85969.6	356731.8	124380.3
2033-02-08 19:15:48	-4928.5	-4839.36	537.59	112853624	-87252336	-37822240	85426.5	356881.3	124411.2
2033-02-08 19:25:05	-1257.95	-6786.63	598.15	112864583	-87240631	-37817167	84883.2	357030.1	124441.7
2033-02-08 19:34:22	2865.16	-6292.32	442.93	112875540	-87228925	-37812093	84339.8	357178	124472
2033-02-08 19:43:39	5957.46	-3534.25	127.94	112886496	-87217218	-37807019	83796.1	357325.2	124502
2033-02-08 19:52:56	6906.43	495.33	-233.2	112897451	-87205510	-37801944	83252.3	357471.6	124531.8
2033-02-08 20:02:13	5370.69	4346.72	-510.22	112908404	-87193800	-37796869	82708.3	357617.3	124561.3
2033-02-08 20:11:31	1902.74	6634.33	-603.19	112919356	-87182090	-37791793	82164	357762.1	124590.5
2033-02-08 20:20:48	-2249.74	6535.15	-478.58	112930306	-87170378	-37786717	81619.7	357906.3	124619.4
2033-02-08 20:30:05	-5592.82	4084.86	-181.33	112941255	-87158666	-37781641	81075.1	358049.6	124648.1
2033-02-08 20:39:22	-6923.76	164.97	181.33	112952203	-87146952	-37776563	80530.3	358192.2	124676.5
2033-02-08 20:48:39	-5763.74	-3814.29	478.58	112963149	-87135237	-37771486	79985.4	358334	124704.7
2033-02-08 20:57:57	-2530.11	-6421.31	603.19	112974093	-87123521	-37766408	79440.3	358475	124732.5
2033-02-08 21:07:14	1613.76	-6718.19	510.22	112985036	-87111804	-37761329	78895	358615.2	124760.1
2033-02-08 21:16:31	5177.04	-4598.09	233.2	112995978	-87100085	-37756250	78349.5	358754.7	124787.5
2033-02-08 21:25:48	6877.76	-823.76	-127.94	113006918	-87088366	-37751171	77803.9	358893.4	124814.6
2033-02-08 21:35:05	6104.07	3246.95	-442.93	113017857	-87076645	-37746091	77258.1	359031.4	124841.4
2033-02-08 21:44:22	3134.33	6149.53	-598.15	113028794	-87064924	-37741011	76712.1	359168.5	124867.9
2033-02-08 21:53:40	-963.03	6839.75	-537.59	113039730	-87053201	-37735930	76165.9	359304.9	124894.2
2033-02-08 22:02:57	-4713.91	5069.26	-283.12	113050664	-87041477	-37730848	75619.6	359440.6	124920.2
2033-02-08 22:12:14	-6768.86	1475.03	73.49	113061597	-87029752	-37725766	75073.1	359575.4	124945.9
2033-02-08 22:21:31	-6388.57	-2649.88	403.58	113072528	-87018026	-37720684	74526.4	359709.5	124971.4
2033-02-08 22:30:48	-3709.88	-5821.47	588.09	113083458	-87006299	-37715601	73979.6	359842.8	124996.6
2033-02-08 22:40:05	303.51	-6898.72	560.47	113094387	-86994571	-37710518	73432.6	359975.4	125021.5
2033-02-08 22:49:23	4207.68	-5494.05	330.67	113105314	-86982842	-37705434	72885.4	360107.1	125046.2
2033-02-08 22:58:40	6598.05	-2112.82	-18.41	113116239	-86971111	-37700350	72338.1	360238.1	125070.6
2033-02-08 23:07:57	6614.63	2028.55	-360.85	113127164	-86959380	-37695265	71790.6	360368.3	125094.7
2033-02-08 23:17:14	4251.47	5440.13	-573.12	113138086	-86947647	-37690180	71243	360497.8	125118.6
2033-02-08 23:26:31	358.78	6894.56	-578.65	113149008	-86935913	-37685094	70695.2	360626.5	125142.2
2033-02-08 23:35:49	-3662.98	5868.58	-375.45	113159928	-86924179	-37680008	70147.2	360754.4	125165.5
2033-02-08 23:45:06	-6366.89	2731.28	-36.81	113170846	-86912443	-37674921	69599.1	360881.5	125188.5
2033-02-08 23:54:23	-6780.19	-1388.65	315.1	113181763	-86900705	-37669834	69050.8	361007.9	125211.3
2033-02-09 00:03:40	-4754.18	-5009.01	553.35	113192678	-86888967	-37664747	68502.4	361133.5	125233.9
2033-02-09 00:12:57	-1017.77	-6827.32	592	113203592	-86877228	-37659658	67953.8	361258.3	125256.1
2033-02-09 00:22:14	3084.78	-6189.41	417.09	113214505	-86865488	-37654570	67405.1	361382.3	125278.1
2033-02-09 00:31:32	6077.51	-3324.76	91.73	113225416	-86853746	-37649481	66856.2	361505.6	125299.8
2033-02-09 00:40:49	6883.73	736.03	-266.72	113236326	-86842004	-37644391	66307.2	361628.1	125321.3
2033-02-09 00:50:06	5213.39	4532.03	-528.96	113247234	-86830260	-37639301	65758	361749.8	125342.4
2033-02-09 00:59:23	1667.45	6697.59	-600.39	113258141	-86818515	-37634211	65208.7	361870.7	125363.4
2033-02-09 01:08:40	-2478.38	6453.6	-455.24	113269046	-86806769	-37629120	64659.2	361990.9	125384
2033-02-09 01:17:58	-5732.54	3887.83	-145.88	113279950	-86795022	-37624028	64109.6	362110.3	125404.4
2033-02-09 01:27:15	-6924.3	-76.66	216.1	113290852	-86783274	-37618936	63559.8	362228.9	125424.5
2033-02-09 01:36:32	-5624.91	-4013.58	500.13	113301753	-86771525	-37613844	63009.9	362346.8	125444.3
2033-02-09 01:45:49	-2301.85	-6506.58	603.75	113312653	-86759775	-37608751	62459.9	362463.9	125463.9
2033-02-09 01:55:06	1849.32	-6658.74	489.58	113323551	-86748023	-37603658	61909.7	362580.2	125483.2
2033-02-09 02:04:23	5335.16	-4415.33	198.81	113334447	-86736271	-37598564	61359.4	362695.7	125502.3
2033-02-09 02:13:41	6901.55	-583.43	-163.68	113345342	-86724517	-37593469	60808.9	362810.5	125521.1
2033-02-09 02:22:58	5984.97	3458.39	-467.13	113356236	-86712762	-37588375	60258.3	362924.4	125539.6
2033-02-09 02:32:15	2915.2	6256.01	-602.07	113367128	-86701006	-37583279	59707.6	363037.6	125557.8
2033-02-09 02:41:32	-1203.37	6802.96	-519.83	113378019	-86689250	-37578184	59156.7	363150.1	125575.8
2033-02-09 02:50:49	-4888.98	4902.44	-250.08	113388908	-86677491	-37573087	58605.7	363261.7	125593.5
2033-02-09 03:00:07	-6815.67	1238.19	109.89	113399796	-86665732	-37567991	58054.6	363372.6	125610.9
2033-02-09 03:09:24	-6290.29	-2871.54	430.21	113410682	-86653972	-37562893	57503.3	363482.7	125628.1
2033-02-09 03:18:41	-3501.86	-5948.2	595.35	113421567	-86642211	-37557796	56951.9	363592.1	125645
2033-02-09 03:27:58	546.41	-6884.92	545.73	113432451	-86630448	-37552698	56400.4	363700.6	125661.6
2033-02-09 03:37:15	4398.09	-5344.7	299.25	113443333	-86618685	-37547599	55848.8	363808.4	125678
2033-02-09 03:46:32	6667.46	-1881.63	-55.17	113454213	-86606920	-37542500	55297	363915.4	125694.1
2033-02-09 03:55:50	6538.07	2258.4	-389.7	113465093	-86595154	-37537400	54745.1	364021.6	125709.9
2033-02-09 04:05:07	4056.49	5585.95	-583.64	113475970	-86583388	-37532300	54193.1	364127.1	125725.5
2033-02-09 04:14:24	115.52	6903.89	-567.06	113486846	-86571620	-37527200	53641	364231.8	125740.8
2033-02-09 04:23:41	-3866.99	5738.06	-345.92	113497721	-86559851	-37522099	53088.7	364335.7	125755.8
2033-02-09 04:32:58	-6458.26	2507.87	0	113508595	-86548081	-37516997	52536.3	364438.8	125770.6
2033-02-09 04:42:15	-6726.04	-1624.58	345.92	113519466	-86536309	-37511895	51983.8	364541.2	125785.1
2033-02-09 04:51:33	-4574	-5172.57	567.06	113530337	-86524537	-37506793	51431.2	364642.8	125799.3
2033-02-09 05:00:50	-776.39	-6859.68	583.64	113541206	-86512764	-37501690	50878.5	364743.6	125813.3
2033-02-09 05:10:07	3300.53	-6078.91	389.7	113552073	-86500989	-37496586	50325.6	364843.6	125827
2033-02-09 05:19:24	6190	-3111.17	55.17	113562939	-86489213	-37491482	49772.7	364942.9	125840.4
2033-02-09 05:28:41	6852.49	975.88	-299.25	113573804	-86477437	-37486378	49219.6	365041.3	125853.6
2033-02-09 05:37:59	5049.67	4711.86	-545.73	113584667	-86465659	-37481273	48666.4	365139	125866.5
2033-02-09 05:47:16	1430.14	6752.69	-595.35	113595528	-86453880	-37476168	48113.1	365236	125879.1
2033-02-09 05:56:33	-2703.9	6364.15	-430.21	113606389	-86442100	-37471062	47559.7	365332.1	125891.5
2033-02-09 06:05:50	-5865.13	3686.01	-109.89	113617247	-86430319	-37465956	47006.2	365427.5	125903.5
2033-02-09 06:15:07	-6916.27	-318.24	250.08	113628105	-86418537	-37460849	46452.6	365522.1	125915.4
2033-02-09 06:24:24	-5479.14	-4208.01	519.83	113638960	-86406753	-37455742	45898.9	365615.9	125926.9
2033-02-09 06:33:42	-2070.79	-6583.91	602.07	113649815	-86394969	-37450634	45345	365709	125938.2
2033-02-09 06:42:59	2082.54	-6591.16	467.13	113660668	-86383183	-37445526	44791.1	365801.3	125949.3
2033-02-09 06:52:16	5486.63	-4227.14	163.68	113671519	-86371397	-37440417	44237.1	365892.8	125960
2033-02-09 07:01:33	6916.78	-342.33	-198.81	113682369	-86359609	-37435308	43683	365983.5	125970.5
2033-02-09 07:10:50	5858.49	3665.65	-489.58	113693218	-86347820	-37430198	43128.7	366073.4	125980.7
2033-02-09 07:20:08	2692.5	6354.88	-603.75	113704065	-86336030	-37425088	42574.4	366162.6	125990.7
2033-02-09 07:29:25	-1442.15	6757.86	-500.13	113714910	-86324239	-37419978	42020	366251	126000.4
2033-02-09 07:38:42	-5057.95	4729.59	-216.1	113725755	-86312447	-37414867	41465.4	366338.6	126009.8
2033-02-09 07:47:59	-6854.03	999.78	145.88	113736597	-86300654	-37409755	40910.8	366425.5	126019
2033-02-09 07:57:16	-6184.24	-3089.74	455.24	113747438	-86288860	-37404643	40356.1	366511.5	126027.9
2033-02-09 08:06:33	-3289.56	-6067.69	600.39	113758278	-86277064	-37399531	39801.3	366596.8	126036.5
2033-02-09 08:15:51	788.59	-6862.72	528.96	113769117	-86265268	-37394418	39246.4	366681.3	126044.9
2033-02-09 08:25:08	4583.01	-5188.78	266.72	113779953	-86253470	-37389304	38691.4	366765.1	126053
2033-02-09 08:34:25	6728.59	-1648.09	-91.73	113790789	-86241671	-37384190	38136.4	366848	126060.8
2033-02-09 08:43:42	6453.43	2485.54	-417.09	113801623	-86229872	-37379076	37581.2	366930.2	126068.4
2033-02-09 08:52:59	3856.52	5724.97	-592	113812455	-86218071	-37373961	37026	367011.6	126075.7
2033-02-09 09:02:17	-127.82	6904.78	-553.35	113823286	-86206269	-37368846	36470.6	367092.3	126082.7
2033-02-09 09:11:34	-4066.17	5600.5	-315.1	113834116	-86194466	-37363730	35915.2	367172.1	126089.4
2033-02-09 09:20:51	-6541.61	2281.34	36.81	113844944	-86182662	-37358614	35359.7	367251.2	126095.9
2033-02-09 09:30:08	-6663.58	-1858.58	375.45	113855771	-86170856	-37353497	34804.1	367329.5	126102.2
2033-02-09 09:39:25	-4388.2	-5329.86	578.65	113866596	-86159050	-37348380	34248.5	367407	126108.1
2033-02-09 09:48:42	-534.09	-6883.67	573.12	113877419	-86147243	-37343262	33692.7	367483.8	126113.8
2033-02-09 09:58:00	3512.14	-5960.97	360.85	113888242	-86135434	-37338144	33136.9	367559.8	126119.3
2033-02-09 10:07:17	6294.81	-2893.73	18.41	113899062	-86123624	-37333025	32581	367635	126124.5
2033-02-09 10:16:34	6812.78	1214.6	-330.67	113909882	-86111814	-37327906	32025.1	367709.4	126129.4
2033-02-09 10:25:51	4879.73	4885.97	-560.47	113920700	-86100002	-37322787	31469	367783.1	126134
2033-02-09 10:35:08	1191.11	6799.56	-588.09	113931516	-86088189	-37317666	30912.9	367855.9	126138.4
2033-02-09 10:44:25	-2926.01	6266.91	-403.58	113942331	-86076375	-37312546	30356.7	367928	126142.5
2033-02-09 10:53:43	-5990.43	3479.65	-73.49	113953145	-86064560	-37307425	29800.5	367999.3	126146.3
2033-02-09 11:03:00	-6899.67	-559.49	283.12	113963957	-86052744	-37302303	29244.1	368069.9	126149.9
2033-02-09 11:12:17	-5326.62	-4397.35	537.59	113974767	-86040926	-37297181	28687.7	368139.7	126153.2
2033-02-09 11:21:34	-1837.22	-6653.22	598.15	113985576	-86029108	-37292059	28131.3	368208.7	126156.2
2033-02-09 11:30:51	2313.13	-6515.51	442.93	113996384	-86017289	-37286936	27574.7	368276.9	126159
2033-02-09 11:40:09	5631.27	-4033.74	127.94	114007190	-86005468	-37281813	27018.1	368344.3	126161.5
2033-02-09 11:49:26	6923.44	-100.76	-233.2	114017995	-85993646	-37276689	26461.5	368411	126163.8
2033-02-09 11:58:43	5724.77	3868.49	-510.22	114028798	-85981824	-37271564	25904.7	368476.9	126165.8
2033-02-09 12:08:00	2466.52	6446.01	-603.19	114039600	-85970000	-37266440	25348	368542	126167.5
2033-02-09 12:17:17	-1679.1	6704.49	-478.58	114050400	-85958175	-37261314	24791.1	368606.3	126168.9
2033-02-09 12:26:34	-5220.61	4550.93	-181.33	114061199	-85946349	-37256188	24234.2	368669.9	126170.1
2033-02-09 12:35:52	-6883.89	760.09	181.33	114071997	-85934522	-37251062	23677.2	368732.7	126171
2033-02-09 12:45:09	-6070.56	-3304.22	478.58	114082793	-85922693	-37245935	23120.2	368794.7	126171.7
2033-02-09 12:54:26	-3073.23	-6179.8	603.19	114093587	-85910864	-37240808	22563.1	368855.9	126172.1
2033-02-09 13:03:43	1029.73	-6832.12	510.22	114104380	-85899034	-37235681	22006	368916.4	126172.2
2033-02-09 13:13:00	4762.21	-5026.49	233.2	114115172	-85887202	-37230552	21448.8	368976	126172.1
2033-02-09 13:22:18	6781.38	-1412.49	-127.94	114125962	-85875370	-37225424	20891.6	369034.9	126171.7
2033-02-09 13:31:35	6360.81	2709.69	-442.93	114136750	-85863536	-37220295	20334.3	369093.1	126171
2033-02-09 13:40:52	3651.83	5857.04	-598.15	114147538	-85851701	-37215165	19777	369150.4	126170.1
2033-02-09 13:50:09	-370.95	6897.24	-537.59	114158323	-85839865	-37210035	19219.6	369207	126168.9
2033-02-09 13:59:26	-4260.26	5456.06	-283.12	114169108	-85828029	-37204905	18662.2	369262.8	126167.4
2033-02-09 14:08:43	-6616.84	2051.97	73.49	114179890	-85816191	-37199774	18104.7	369317.8	126165.7
2033-02-09 14:18:01	-6592.88	-2090.36	403.58	114190672	-85804351	-37194642	17547.2	369372.1	126163.7
2033-02-09 14:27:18	-4197.01	-5480.68	588.09	114201452	-85792511	-37189510	16989.6	369425.6	126161.4
2033-02-09 14:36:35	-291.2	-6899.25	560.47	114212230	-85780670	-37184378	16432	369478.3	126158.9
2033-02-09 14:45:52	3719.36	-5835.72	330.67	114223007	-85768828	-37179245	15874.3	369530.2	126156.1
2033-02-09 14:55:09	6391.79	-2672.69	-18.41	114233782	-85756984	-37174112	15316.6	369581.3	126153.1
2033-02-09 15:04:27	6764.64	1451.89	-360.85	114244556	-85745139	-37168978	14758.9	369631.7	126149.8
2033-02-09 15:13:44	4703.79	5054.15	-573.12	114255329	-85733294	-37163843	14201.1	369681.3	126146.2
2033-02-09 15:23:01	950.67	6838.12	-578.65	114266100	-85721447	-37158709	13643.3	369730.1	126142.4
2033-02-09 15:32:18	-3144.45	6161.99	-375.45	114276870	-85709599	-37153573	13085.5	369778.2	126138.2
2033-02-09 15:41:35	-6108.27	3268.97	-36.81	114287638	-85697750	-37148438	12527.6	369825.5	126133.9
2033-02-09 15:50:52	-6874.53	-800.11	315.1	114298404	-85685900	-37143302	11969.7	369872	126129.2
2033-02-09 16:00:10	-5167.54	-4581.37	553.35	114309170	-85674049	-37138165	11411.8	369917.7	126124.4
2033-02-09 16:09:27	-1601.44	-6714.43	592	114319933	-85662197	-37133028	10853.8	369962.6	126119.2
2033-02-09 16:18:44	2540.79	-6431.87	417.09	114330696	-85650344	-37127890	10295.8	370006.8	126113.8
2033-02-09 16:28:01	5768.9	-3835.36	91.73	114341457	-85638489	-37122752	9737.7	370050.2	126108.1
2033-02-09 16:37:18	6921.53	141	-266.72	114352216	-85626634	-37117613	9179.7	370092.8	126102.1
2033-02-09 16:46:35	5584	4066.65	-528.96	114362974	-85614777	-37112474	8621.6	370134.7	126095.9
2033-02-09 16:55:53	2237.54	6529.28	-600.39	114373730	-85602920	-37107335	8063.5	370175.8	126089.4
2033-02-09 17:05:10	-1913.91	6642.91	-455.24	114384485	-85591061	-37102195	7505.4	370216.1	126082.7
2033-02-09 17:14:27	-5376.77	4366.65	-145.88	114395239	-85579201	-37097055	6947.2	370255.6	126075.7
2033-02-09 17:23:44	-6905.22	519.41	216.1	114405991	-85567340	-37091914	6389	370294.3	126068.4
2033-02-09 17:33:01	-5949.39	-3514.71	500.13	114416741	-85555478	-37086772	5830.8	370332.3	126060.9
2033-02-09 17:42:19	-2853.16	-6284.39	603.75	114427490	-85543615	-37081630	5272.6	370369.5	126053.1
2033-02-09 17:51:36	1269.53	-6793.17	489.58	114438238	-85531751	-37076488	4714.4	370405.9	126045.1
2033-02-09 18:00:53	4935.46	-4858.01	198.81	114448984	-85519886	-37071345	4156.1	370441.6	126036.7
2033-02-09 18:10:10	6825.76	-1175.09	-163.68	114459729	-85508020	-37066202	3597.8	370476.5	126028.1
2033-02-09 18:19:27	6260.35	2930.6	-467.13	114470472	-85496152	-37061058	3039.5	370510.6	126019.3
2033-02-09 18:28:44	3442.67	5981.98	-602.07	114481214	-85484284	-37055914	2481.2	370543.9	126010.2
2033-02-09 18:38:02	-613.56	6881.27	-519.83	114491954	-85472414	-37050769	1922.9	370576.5	126000.8
2033-02-09 18:47:19	-4449.03	5304.92	-250.08	114502693	-85460543	-37045624	1364.6	370608.3	125991.2
2033-02-09 18:56:36	-6683.86	1820.03	109.89	114513430	-85448672	-37040478	806.3	370639.3	125981.3
2033-02-09 19:05:53	-6514.04	-2319.65	430.21	114524166	-85436799	-37035332	247.9	370669.5	125971.1
2033-02-09 19:15:10	-4000.67	-5624.83	595.35	114534901	-85424925	-37030186	-310.4	370699	125960.7
2033-02-09 19:24:28	-48.01	-6906.41	545.73	114545634	-85413050	-37025039	-868.8	370727.7	125950
2033-02-09 19:33:45	3921.91	-5703.3	299.25	114556365	-85401174	-37019891	-1427.1	370755.6	125939.1
2033-02-09 19:43:02	6480.83	-2448.34	-55.17	114567095	-85389297	-37014743	-1985.5	370782.8	125927.9
2033-02-09 19:52:19	6708.14	1687.47	-389.7	114577824	-85377418	-37009595	-2543.9	370809.1	125916.4
2033-02-09 20:01:36	4522.07	5216.2	-583.64	114588551	-85365539	-37004446	-3102.2	370834.7	125904.7
2033-02-09 20:10:53	709.12	6868.35	-567.06	114599277	-85353659	-36999296	-3660.6	370859.6	125892.7
2033-02-09 20:20:11	-3358.93	6049.5	-345.92	114610001	-85341777	-36994147	-4219	370883.6	125880.5
2033-02-09 20:29:28	-6218.53	3054.25	0	114620723	-85329895	-36988996	-4777.3	370906.9	125867.9
2033-02-09 20:38:45	-6840.88	-1039.83	345.92	114631445	-85318011	-36983845	-5335.7	370929.4	125855.2
2033-02-09 20:48:02	-5002.1	-4759.83	567.06	114642164	-85306126	-36978694	-5894.1	370951.1	125842.1
2033-02-09 20:57:19	-1363.73	-6767.43	583.64	114652883	-85294240	-36973542	-6452.4	370972.1	125828.8
2033-02-09 21:06:37	2765.25	-6340.36	389.7	114663599	-85282353	-36968390	-7010.8	370992.3	125815.3
2033-02-09 21:15:54	5899.36	-3632.23	55.17	114674315	-85270465	-36963237	-7569.1	371011.7	125801.4
2033-02-09 21:25:11	6911.05	382.65	-299.25	114685029	-85258576	-36958084	-8127.5	371030.4	125787.4
2033-02-09 21:34:28	5436.36	4259.9	-545.73	114695741	-85246686	-36952931	-8685.8	371048.3	125773
2033-02-09 21:43:45	2005.85	6604.6	-595.35	114706452	-85234795	-36947777	-9244.1	371065.4	125758.4
2033-02-09 21:53:02	-2146.28	6573.2	-430.21	114717162	-85222902	-36942622	-9802.4	371081.7	125743.5
2033-02-09 22:02:20	-5526.23	4176.99	-109.89	114727870	-85211009	-36937467	-10360.7	371097.3	125728.4
2033-02-09 22:11:37	-6918	278.04	250.08	114738576	-85199115	-36932311	-10919	371112	125713
2033-02-09 22:20:54	-5820.89	-3720.97	519.83	114749281	-85187219	-36927155	-11477.2	371126.1	125697.4
2033-02-09 22:30:11	-2629.61	-6381.32	602.07	114759985	-85175322	-36921999	-12035.5	371139.3	125681.5
2033-02-09 22:39:28	1507.7	-6745.9	467.13	114770687	-85163425	-36916842	-12593.7	371151.8	125665.3
2033-02-09 22:48:45	5102.57	-4683.54	163.68	114781388	-85151526	-36911685	-13151.9	371163.5	125648.9
2033-02-09 22:58:03	6861.67	-936.2	-198.81	114792087	-85139626	-36906527	-13710.1	371174.4	125632.2
2033-02-09 23:07:20	6152.16	3147.98	-489.58	114802784	-85127725	-36901368	-14268.3	371184.6	125615.2
2033-02-09 23:16:37	3229.3	6099.64	-603.75	114813481	-85115823	-36896210	-14826.4	371194	125598
2033-02-09 23:25:54	-855.34	6856.88	-500.13	114824175	-85103920	-36891050	-15384.5	371202.6	125580.5
2033-02-09 23:35:11	-4632.24	5147.25	-216.1	114834869	-85092015	-36885891	-15942.6	371210.5	125562.8
2033-02-09 23:44:29	-6742.59	1585.81	145.88	114845561	-85080110	-36880730	-16500.7	371217.6	125544.8
2033-02-09 23:53:46	-6427.16	-2546.17	455.24	114856251	-85068204	-36875570	-17058.8	371223.9	125526.6
2033-02-10 00:03:03	-3799.44	-5762.15	600.39	114866940	-85056296	-36870409	-17616.8	371229.4	125508.1
2033-02-10 00:12:20	195.18	-6905.12	528.96	114877627	-85044388	-36865247	-18174.8	371234.2	125489.3
2033-02-10 00:21:37	4119.56	-5563.87	266.72	114888313	-85032478	-36860085	-18732.7	371238.2	125470.3
2033-02-10 00:30:54	6561.83	-2220.93	-91.73	114898998	-85020567	-36854922	-19290.6	371241.5	125451
2033-02-10 00:40:12	6643.36	1921.05	-417.09	114909681	-85008655	-36849759	-19848.5	371243.9	125431.4
2033-02-10 00:49:29	4334.81	5371.92	-592	114920362	-84996742	-36844596	-20406.4	371245.6	125411.6
2033-02-10 00:58:46	466.75	6890.17	-553.35	114931042	-84984828	-36839432	-20964.2	371246.6	125391.5
2033-02-10 01:08:03	-3569.21	5929.59	-315.1	114941721	-84972913	-36834267	-21522	371246.7	125371.2
2033-02-10 01:17:20	-6321.06	2835.74	36.81	114952398	-84960997	-36829102	-22079.8	371246.1	125350.6
2033-02-10 01:26:38	-6798.78	-1278.33	375.45	114963074	-84949080	-36823937	-22637.5	371244.7	125329.8
2033-02-10 01:35:55	-4830.52	-4932.52	578.65	114973748	-84937162	-36818771	-23195.1	371242.6	125308.7
2033-02-10 01:45:12	-1124.4	-6812.18	573.12	114984420	-84925242	-36813605	-23752.8	371239.7	125287.3
2033-02-10 01:54:29	2986.22	-6241.06	360.85	114995092	-84913322	-36808438	-24310.4	371236	125265.7
2033-02-10 02:03:46	6022.48	-3424.61	18.41	115005761	-84901401	-36803271	-24867.9	371231.5	125243.8
2033-02-10 02:13:03	6892.02	623.9	-330.67	115016430	-84889478	-36798103	-25425.4	371226.3	125221.7
2033-02-10 02:22:21	5282.03	4447.98	-560.47	115027097	-84877554	-36792935	-25982.9	371220.3	125199.3
2033-02-10 02:31:38	1771.75	6671.85	-588.09	115037762	-84865630	-36787766	-26540.3	371213.6	125176.6
2033-02-10 02:40:55	-2375.94	6495.43	-403.58	115048426	-84853704	-36782597	-27097.6	371206.1	125153.7
2033-02-10 02:50:12	-5668.82	3982.17	-73.49	115059088	-84841777	-36777428	-27655	371197.8	125130.5
2033-02-10 02:59:29	-6922.22	36.25	283.12	115069749	-84829849	-36772258	-28212.2	371188.7	125107.1
2033-02-10 03:08:46	-5685.22	-3922.73	537.59	115080409	-84817920	-36767087	-28769.4	371178.9	125083.4
2033-02-10 03:18:04	-2402.87	-6470.47	598.15	115091066	-84805990	-36761916	-29326.6	371168.3	125059.5
2033-02-10 03:27:21	1743.94	-6690.37	442.93	115101723	-84794058	-36756745	-29883.7	371157	125035.3
2033-02-10 03:36:38	5263.31	-4503.3	127.94	115112378	-84782126	-36751573	-30440.8	371144.9	125010.8
2033-02-10 03:45:55	6889.1	-696.09	-233.2	115123032	-84770193	-36746400	-30997.8	371132	124986.1
2033-02-10 03:55:12	6036.4	3361.57	-510.22	115133684	-84758258	-36741227	-31554.7	371118.3	124961.1
2033-02-10 04:04:30	3012	6209.88	-603.19	115144334	-84746323	-36736054	-32111.6	371103.9	124935.9
2033-02-10 04:13:47	-1096	6824.1	-478.58	115154983	-84734386	-36730880	-32668.4	371088.7	124910.4
2033-02-10 04:23:04	-4809.67	4983.24	-181.33	115165631	-84722449	-36725706	-33225.2	371072.8	124884.7
2033-02-10 04:32:21	-6792.96	1349.58	181.33	115176277	-84710510	-36720531	-33781.9	371056.1	124858.7
2033-02-10 04:41:38	-6332.35	-2769.64	478.58	115186922	-84698570	-36715356	-34338.6	371038.6	124832.4
2033-02-10 04:50:55	-3593.56	-5892.46	603.19	115197565	-84686629	-36710180	-34895.1	371020.3	124805.9
2033-02-10 05:00:13	438.06	-6895.39	510.22	115208207	-84674687	-36705004	-35451.7	371001.3	124779.1
2033-02-10 05:09:30	4312.06	-5417.6	233.2	115218847	-84662744	-36699828	-36008.1	370981.6	124752.1
2033-02-10 05:18:47	6634.7	-1990.73	-127.94	115229486	-84650800	-36694651	-36564.5	370961	124724.8
2033-02-10 05:28:04	6570.37	2152.35	-442.93	115240123	-84638855	-36689473	-37120.8	370939.7	124697.3
2033-02-10 05:37:21	4142.24	5521.11	-598.15	115250759	-84626908	-36684295	-37677.1	370917.7	124669.5
2033-02-10 05:46:39	223.88	6903.58	-537.59	115261394	-84614961	-36679117	-38233.2	370894.8	124641.4
2033-02-10 05:55:56	-3775.01	5802.39	-283.12	115272026	-84603013	-36673938	-38789.3	370871.3	124613.1
2033-02-10 06:05:13	-6415.75	2613.69	73.49	115282658	-84591063	-36668758	-39345.4	370846.9	124584.5
2033-02-10 06:14:30	-6748.29	-1515.34	403.58	115293288	-84579113	-36663578	-39901.3	370821.8	124555.7
2033-02-10 06:23:47	-4653.02	-5099.23	588.09	115303916	-84567161	-36658398	-40457.2	370795.9	124526.6
2033-02-10 06:33:04	-883.75	-6848.61	560.47	115314543	-84555208	-36653217	-41013	370769.3	124497.3
2033-02-10 06:42:22	3203.44	-6134.1	330.67	115325169	-84543254	-36648036	-41568.8	370741.9	124467.7
2033-02-10 06:51:39	6138.12	-3212.75	-18.41	115335793	-84531300	-36642854	-42124.4	370713.7	124437.9
2033-02-10 07:00:56	6864.48	864.46	-360.85	115346415	-84519344	-36637672	-42680	370684.8	124407.8
2033-02-10 07:10:13	5121.22	4630.68	-573.12	115357037	-84507387	-36632489	-43235.5	370655.1	124377.4
2033-02-10 07:19:30	1535.52	6730.97	-578.65	115367656	-84495428	-36627306	-43790.9	370624.6	124346.8
2033-02-10 07:28:48	-2602.59	6409.69	-375.45	115378274	-84483469	-36622123	-44346.2	370593.4	124315.9
2033-02-10 07:38:05	-5804.35	3782.42	-36.81	115388891	-84471509	-36616939	-44901.5	370561.4	124284.8
2033-02-10 07:47:22	-6917.87	-205.65	315.1	115399506	-84459548	-36611754	-45456.6	370528.7	124253.4
2033-02-10 07:56:39	-5542.56	-4119.75	553.35	115410120	-84447585	-36606569	-46011.7	370495.2	124221.8
2033-02-10 08:05:56	-2173.22	-6551.73	592	115420732	-84435622	-36601384	-46566.7	370460.9	124189.9
2033-02-10 08:15:13	1977.95	-6626.64	417.09	115431343	-84423657	-36596198	-47121.6	370425.9	124157.8
2033-02-10 08:24:31	5417.5	-4317.5	91.73	115441952	-84411692	-36591011	-47676.4	370390.1	124125.4
2033-02-10 08:33:48	6907.99	-455.06	-266.72	115452560	-84399725	-36585824	-48231.1	370353.6	124092.7
2033-02-10 08:43:05	5913.2	3571.11	-528.96	115463166	-84387757	-36580637	-48785.8	370316.3	124059.8
2033-02-10 08:52:22	2791.04	6312.55	-600.39	115473771	-84375789	-36575449	-49340.3	370278.2	124026.7
2033-02-10 09:01:39	-1335.24	6782.95	-455.24	115484375	-84363819	-36570261	-49894.8	370239.4	123993.3
2033-02-10 09:10:56	-4981.11	4813.09	-145.88	115494976	-84351848	-36565072	-50449.1	370199.8	123959.6
2033-02-10 09:20:14	-6834.92	1111.63	216.1	115505577	-84339876	-36559883	-51003.4	370159.5	123925.7
2033-02-10 09:29:31	-6229.74	-2989.78	500.13	115516176	-84327903	-36554694	-51557.5	370118.4	123891.5
2033-02-10 09:38:48	-3383.3	-6015.59	603.75	115526773	-84315929	-36549503	-52111.6	370076.5	123857.1
2033-02-10 09:48:05	680.32	-6877.21	489.58	115537369	-84303953	-36544313	-52665.5	370033.9	123822.4
2033-02-10 09:57:22	4499.17	-5264.65	198.81	115547964	-84291977	-36539122	-53219.4	369990.6	123787.5
2033-02-10 10:06:40	6699.33	-1758.04	-163.68	115558557	-84280000	-36533930	-53773.2	369946.4	123752.3
2033-02-10 10:15:57	6489.29	2381.08	-467.13	115569148	-84268021	-36528738	-54326.8	369901.5	123716.9
2033-02-10 10:25:14	3944.6	5663.58	-602.07	115579738	-84256042	-36523546	-54880.4	369855.9	123681.2
2033-02-10 10:34:31	-19.2	6908.54	-519.83	115590327	-84244061	-36518353	-55433.8	369809.5	123645.3
2033-02-10 10:43:48	-3976.08	5668.05	-250.08	115600914	-84232079	-36513160	-55987.2	369762.3	123609.1
2033-02-10 10:53:05	-6502.47	2388.38	109.89	115611500	-84220097	-36507966	-56540.4	369714.4	123572.6
2033-02-10 11:02:23	-6689.47	-1750.57	430.21	115622084	-84208113	-36502771	-57093.5	369665.8	123535.9
2033-02-10 11:11:40	-4469.81	-5259.74	595.35	115632667	-84196128	-36497577	-57646.5	369616.3	123499
2033-02-10 11:20:57	-642.07	-6876.66	545.73	115643248	-84184142	-36492381	-58199.4	369566.1	123461.8
2033-02-10 11:30:14	3416.64	-6019.6	299.25	115653827	-84172155	-36487186	-58752.2	369515.2	123424.3
2033-02-10 11:39:31	6246.14	-2996.88	-55.17	115664406	-84160167	-36481990	-59304.9	369463.5	123386.6
2033-02-10 11:48:49	6828.46	1104.03	-389.7	115674982	-84148178	-36476793	-59857.5	369411.1	123348.7
2033-02-10 11:58:06	4954.12	4807.77	-583.64	115685558	-84136188	-36471596	-60409.9	369357.9	123310.5
2033-02-10 12:07:23	1297.46	6781.86	-567.06	115696131	-84124196	-36466398	-60962.3	369303.9	123272
2033-02-10 12:16:40	-2825.96	6316.08	-345.92	115706704	-84112204	-36461200	-61514.5	369249.2	123233.3
2033-02-10 12:25:57	-5932.67	3577.98	0	115717275	-84100211	-36456002	-62066.6	369193.7	123194.4
2033-02-10 12:35:14	-6904.98	-447.37	345.92	115727844	-84088216	-36450803	-62618.6	369137.5	123155.1
2033-02-10 12:44:32	-5393.1	-4311.79	567.06	115738412	-84076221	-36445604	-63170.4	369080.5	123115.7
2033-02-10 12:53:49	-1940.96	-6625	583.64	115748978	-84064224	-36440404	-63722.2	369022.8	123076
2033-02-10 13:03:06	2209.45	-6554.77	389.7	115759543	-84052226	-36435203	-64273.8	368964.3	123036
2033-02-10 13:12:23	5564.95	-4126.36	55.17	115770107	-84040227	-36430003	-64825.3	368905.1	122995.8
2033-02-10 13:21:40	6918.34	-213.41	-299.25	115780669	-84028228	-36424801	-65376.7	368845.1	122955.3
2033-02-10 13:30:58	5782.73	3776.34	-545.73	115791229	-84016227	-36419600	-65927.9	368784.3	122914.6
2033-02-10 13:40:15	2566.69	6407.51	-595.35	115801788	-84004225	-36414397	-66479	368722.8	122873.7
2033-02-10 13:49:32	-1572.75	6733.49	-430.21	115812345	-83992222	-36409195	-67030	368660.6	122832.4
2033-02-10 13:58:49	-5146.34	4636.99	-109.89	115822902	-83980218	-36403992	-67580.9	368597.6	122791
2033-02-10 14:08:06	-6868.42	872.25	250.08	115833456	-83968213	-36398788	-68131.6	368533.9	122749.3
2033-02-10 14:17:23	-6119.46	-3206.33	519.83	115844009	-83956206	-36393584	-68682.2	368469.4	122707.3
2033-02-10 14:26:41	-3168.92	-6131.4	602.07	115854561	-83944199	-36388379	-69232.7	368404.1	122665.1
2033-02-10 14:35:58	921.68	-6850.61	467.13	115865111	-83932191	-36383175	-69783	368338.1	122622.6
2033-02-10 14:45:15	4680.66	-5105.21	163.68	115875659	-83920181	-36377969	-70333.2	368271.4	122579.9
2033-02-10 14:54:32	6755.68	-1523.12	-198.81	115886207	-83908171	-36372763	-70883.3	368203.9	122537
2033-02-10 15:03:49	6400.21	2606.96	-489.58	115896752	-83896159	-36367557	-71433.2	368135.6	122493.7
2033-02-10 15:13:06	3742.15	5799.17	-603.75	115907296	-83884147	-36362350	-71983	368066.6	122450.3
2033-02-10 15:22:24	-262.19	6905.05	-500.13	115917839	-83872133	-36357143	-72532.6	367996.9	122406.6
2033-02-10 15:31:41	-4172.18	5526.73	-216.1	115928380	-83860118	-36351935	-73082.1	367926.4	122362.6
2033-02-10 15:40:58	-6581.14	2160.08	145.88	115938920	-83848102	-36346727	-73631.5	367855.1	122318.4
2033-02-10 15:50:15	-6622.4	-1983.72	455.24	115949458	-83836086	-36341518	-74180.7	367783.1	122274
2033-02-10 15:59:32	-4281.14	-5413.87	600.39	115959995	-83824068	-36336309	-74729.8	367710.4	122229.3
2033-02-10 16:08:50	-399.68	-6896.31	528.96	115970530	-83812049	-36331099	-75278.7	367636.9	122184.3
2033-02-10 16:18:07	3625.55	-5897.69	266.72	115981064	-83800029	-36325889	-75827.5	367562.6	122139.1
2033-02-10 16:27:24	6346.4	-2777.29	-91.73	115991596	-83788007	-36320679	-76376.2	367487.7	122093.7
2033-02-10 16:36:41	6784.01	1342.32	-417.09	116002127	-83775985	-36315468	-76924.7	367411.9	122048
2033-02-10 16:45:58	4780.95	4979.02	-592	116012656	-83763962	-36310256	-77473	367335.4	122002.1
2033-02-10 16:55:15	1057.87	6824.46	-553.35	116023184	-83751938	-36305045	-78021.2	367258.2	121955.9
2033-02-10 17:04:33	-3045.78	6214.7	-315.1	116033711	-83739912	-36299832	-78569.3	367180.2	121909.4
2033-02-10 17:13:50	-6053.63	3369.1	36.81	116044236	-83727886	-36294619	-79117.2	367101.5	121862.8
2033-02-10 17:23:07	-6883.56	-688.61	375.45	116054759	-83715858	-36289406	-79664.9	367022.1	121815.8
2033-02-10 17:32:24	-5237.01	-4498.6	578.65	116065281	-83703830	-36284192	-80212.5	366941.8	121768.7
2033-02-10 17:41:41	-1706.37	-6690.17	573.12	116075801	-83691800	-36278978	-80759.9	366860.9	121721.3
2033-02-10 17:50:59	2438.15	-6474.86	360.85	116086320	-83679769	-36273763	-81307.2	366779.2	121673.6
2033-02-10 18:00:16	5705.48	-3930.1	18.41	116096838	-83667738	-36268548	-81854.3	366696.7	121625.7
2033-02-10 18:09:33	6920.15	28.58	-330.67	116107354	-83655705	-36263333	-82401.3	366613.6	121577.5
2033-02-10 18:18:50	5645.16	3977.01	-560.47	116117868	-83643671	-36258117	-82948.1	366529.6	121529.1
2033-02-10 18:28:07	2339.24	6494.67	-588.09	116128381	-83631636	-36252900	-83494.7	366445	121480.5
2033-02-10 18:37:24	-1808.25	6675.77	-403.58	116138893	-83619600	-36247683	-84041.2	366359.5	121431.6
2033-02-10 18:46:42	-5305.16	4455.16	-73.49	116149403	-83607563	-36242466	-84587.5	366273.4	121382.4
2033-02-10 18:55:59	-6893.43	631.72	283.12	116159911	-83595525	-36237248	-85133.7	366186.5	121333
2033-02-10 19:05:16	-6001.66	-3419.01	537.59	116170418	-83583486	-36232030	-85679.7	366098.8	121283.4
2033-02-10 19:14:33	-2950.69	-6239.73	598.15	116180924	-83571445	-36226811	-86225.5	366010.4	121233.5
2033-02-10 19:23:50	1161.82	-6815.61	442.93	116191428	-83559404	-36221591	-86771.1	365921.3	121183.4
2033-02-10 19:33:08	4856.32	-4939.47	127.94	116201931	-83547362	-36216372	-87316.6	365831.4	121133
2033-02-10 19:42:25	6803.65	-1286.26	-233.2	116212432	-83535318	-36211151	-87861.9	365740.8	121082.4
2033-02-10 19:51:42	6303.25	2829.72	-510.22	116222931	-83523274	-36205931	-88407.1	365649.5	121031.6
2033-02-10 20:00:59	3535.14	5927.69	-603.19	116233430	-83511228	-36200710	-88952	365557.4	120980.5
2033-02-10 20:10:16	-504.78	6893.09	-478.58	116243926	-83499182	-36195488	-89496.8	365464.5	120929.1
2033-02-10 20:19:33	-4363.07	5378.6	-181.33	116254421	-83487134	-36190266	-90041.5	365371	120877.5
2033-02-10 20:28:51	-6651.65	1929.06	181.33	116264915	-83475085	-36185044	-90585.9	365276.7	120825.7
2033-02-10 20:38:08	-6547.17	-2214.52	478.58	116275407	-83463035	-36179821	-91130.2	365181.6	120773.6
2033-02-10 20:47:25	-4087.24	-5561.4	603.19	116285898	-83450984	-36174597	-91674.3	365085.8	120721.3
2033-02-10 20:56:42	-156.86	-6907.51	510.22	116296387	-83438933	-36169373	-92218.2	364989.3	120668.8
2033-02-10 21:05:59	3829.92	-5768.53	233.2	116306875	-83426880	-36164149	-92762	364892	120615.9
2033-02-10 21:15:16	6438.8	-2554.22	-127.94	116317361	-83414825	-36158924	-93305.5	364794	120562.9
2033-02-10 21:24:34	6731.2	1579.03	-442.93	116327846	-83402770	-36153699	-93848.9	364695.3	120509.6
2033-02-10 21:33:51	4601.93	5144.22	-598.15	116338329	-83390714	-36148473	-94392.1	364595.8	120456.1
2033-02-10 21:43:08	817.05	6858.72	-537.59	116348811	-83378657	-36143247	-94935.1	364495.6	120402.3
2033-02-10 21:52:25	-3261.76	6105.68	-283.12	116359291	-83366599	-36138020	-95478	364394.6	120348.3
2033-02-10 22:01:42	-6167.06	3156.02	73.49	116369770	-83354539	-36132793	-96020.6	364292.9	120294
2033-02-10 22:11:00	-6853.65	-929.08	403.58	116380248	-83342479	-36127566	-96563.1	364190.5	120239.5
2033-02-10 22:20:17	-5074.51	-4679.96	588.09	116390723	-83330418	-36122338	-97105.3	364087.4	120184.8
2033-02-10 22:29:34	-1469.74	-6747.17	560.47	116401198	-83318355	-36117109	-97647.4	363983.5	120129.8
2033-02-10 22:38:51	2663.77	-6386.98	330.67	116411671	-83306292	-36111880	-98189.3	363878.8	120074.5
2033-02-10 22:48:08	5838.92	-3728.97	-18.41	116422142	-83294227	-36106651	-98731	363773.5	120019.1
2033-02-10 22:57:25	6913.4	270.62	-360.85	116432612	-83282161	-36101421	-99272.5	363667.4	119963.3
2033-02-10 23:06:43	5500.66	4172.87	-573.12	116443080	-83270094	-36096191	-99813.8	363560.5	119907.4
2033-02-10 23:16:00	2108.97	6573.89	-578.65	116453547	-83258027	-36090960	-100355	363453	119851.2
2033-02-10 23:25:17	-2041.44	6609.85	-375.45	116464013	-83245958	-36085729	-100895.9	363344.7	119794.8
2033-02-10 23:34:34	-5457.38	4267.81	-36.81	116474477	-83233888	-36080497	-101436.6	363235.6	119738.1
2033-02-10 23:43:51	-6909.91	390.35	315.1	116484939	-83221817	-36075265	-101977.2	363125.9	119681.2
2033-02-10 23:53:09	-5876.48	-3627.58	553.35	116495400	-83209745	-36070032	-102517.5	363015.4	119624
2033-02-11 00:02:26	-2728.89	-6340.45	592	116505860	-83197672	-36064799	-103057.6	362904.1	119566.6
2033-02-11 00:11:43	1400.45	-6772.25	417.09	116516317	-83185598	-36059565	-103597.6	362792.2	119508.9
2033-02-11 00:21:00	5025.92	-4767.62	91.73	116526774	-83173523	-36054331	-104137.3	362679.5	119451.1
2033-02-11 00:30:17	6843.22	-1047.76	-266.72	116537229	-83161446	-36049097	-104676.9	362566.1	119392.9
2033-02-11 00:39:34	6198.54	3049.08	-528.96	116547683	-83149369	-36043862	-105216.2	362451.9	119334.6
2033-02-11 00:48:52	3323.83	6048.99	-600.39	116558135	-83137291	-36038627	-105755.3	362337	119276
2033-02-11 00:58:09	-746.66	6872.69	-455.24	116568585	-83125211	-36033391	-106294.2	362221.4	119217.1
2033-02-11 01:07:26	-4548.51	5223.83	-145.88	116579034	-83113131	-36028155	-106833	362105.1	119158.1
2033-02-11 01:16:43	-6713.93	1695.6	216.1	116589482	-83101049	-36022918	-107371.5	361988	119098.7
2033-02-11 01:26:00	-6463.88	-2442.67	500.13	116599928	-83088967	-36017681	-107909.8	361870.2	119039.2
2033-02-11 01:35:18	-3888.35	-5702.17	603.75	116610372	-83076883	-36012443	-108447.8	361751.7	118979.4
2033-02-11 01:44:35	86.07	-6910.24	489.58	116620815	-83064798	-36007205	-108985.7	361632.4	118919.4
2033-02-11 01:53:52	4029.5	-5632.25	198.81	116631257	-83052713	-36001966	-109523.4	361512.5	118859.1
2033-02-11 02:03:09	6523.22	-2327.95	-163.68	116641697	-83040626	-35996727	-110060.8	361391.7	118798.6
2033-02-11 02:12:26	6670.09	1813.89	-467.13	116652136	-83028538	-35991488	-110598.1	361270.3	118737.8
2033-02-11 02:21:43	4417.28	5303.18	-602.07	116662573	-83016449	-35986248	-111135.1	361148.1	118676.8
2033-02-11 02:31:01	575.29	6884.58	-519.83	116673008	-83004359	-35981007	-111671.9	361025.3	118615.6
2033-02-11 02:40:18	-3473.64	5989.14	-250.08	116683443	-82992268	-35975767	-112208.5	360901.6	118554.1
2033-02-11 02:49:35	-6272.86	2939.01	109.89	116693875	-82980176	-35970525	-112744.9	360777.3	118492.4
2033-02-11 02:58:52	-6815.28	-1168.5	430.21	116704306	-82968083	-35965283	-113281	360652.2	118430.5
2033-02-11 03:08:09	-4905.8	-4855.65	595.35	116714736	-82955989	-35960041	-113817	360526.5	118368.3
2033-02-11 03:17:26	-1231.38	-6795.92	545.73	116725164	-82943893	-35954799	-114352.7	360399.9	118305.9
2033-02-11 03:26:44	2886.03	-6291.25	299.25	116735591	-82931797	-35949555	-114888.2	360272.7	118243.3
2033-02-11 03:36:01	5965.11	-3523.2	-55.17	116746016	-82919700	-35944312	-115423.5	360144.7	118180.4
2033-02-11 03:45:18	6898.13	512.4	-389.7	116756440	-82907601	-35939068	-115958.5	360016.1	118117.2
2033-02-11 03:54:35	5349.42	4363.67	-583.64	116766862	-82895502	-35933823	-116493.3	359886.7	118053.9
2033-02-11 04:03:52	1876.17	6645.07	-567.06	116777283	-82883402	-35928578	-117027.9	359756.5	117990.3
2033-02-11 04:13:10	-2272.03	6535.81	-345.92	116787702	-82871300	-35923333	-117562.3	359625.7	117926.5
2033-02-11 04:22:27	-5602.81	4075.17	0	116798120	-82859197	-35918087	-118096.4	359494.1	117862.4
2033-02-11 04:31:44	-6917.87	148.42	345.92	116808536	-82847094	-35912840	-118630.3	359361.8	117798.1
2033-02-11 04:41:01	-5744.09	-3831.76	567.06	116818951	-82834989	-35907594	-119164	359228.8	117733.6
2033-02-11 04:50:18	-2503.79	-6433.42	583.64	116829364	-82822883	-35902346	-119697.4	359095.1	117668.8
2033-02-11 04:59:35	1637.27	-6720.57	389.7	116839776	-82810776	-35897099	-120230.6	358960.6	117603.8
2033-02-11 05:08:53	5189.27	-4589.88	55.17	116850186	-82798669	-35891850	-120763.6	358825.4	117538.5
2033-02-11 05:18:10	6874.32	-807.89	-299.25	116860595	-82786560	-35886602	-121296.4	358689.5	117473
2033-02-11 05:27:27	6086.21	3264.78	-545.73	116871002	-82774450	-35881353	-121828.9	358552.9	117407.3
2033-02-11 05:36:44	3108.49	6162.91	-595.35	116881408	-82762339	-35876103	-122361.1	358415.6	117341.4
2033-02-11 05:46:01	-987.55	6843.85	-430.21	116891812	-82750227	-35870853	-122893.2	358277.6	117275.2
2033-02-11 05:55:19	-4728.27	5062.6	-109.89	116902215	-82738114	-35865603	-123425	358138.8	117208.8
2033-02-11 06:04:36	-6767.9	1459.99	250.08	116912616	-82725999	-35860352	-123956.5	357999.3	117142.1
2033-02-11 06:13:53	-6372.65	-2667.9	519.83	116923016	-82713884	-35855100	-124487.8	357859.1	117075.2
2033-02-11 06:23:10	-3684.73	-5836	602.07	116933414	-82701768	-35849849	-125018.9	357718.2	117008.1
2033-02-11 06:32:27	328.81	-6904.51	467.13	116943811	-82689651	-35844596	-125549.7	357576.6	116940.8
2033-02-11 06:41:44	4224.04	-5489.01	163.68	116954207	-82677532	-35839344	-126080.3	357434.2	116873.2
2033-02-11 06:51:02	6599.57	-2098.75	-198.81	116964600	-82665413	-35834090	-126610.7	357291.2	116805.4
2033-02-11 07:00:19	6600.78	2046.6	-489.58	116974993	-82653292	-35828837	-127140.8	357147.4	116737.3
2033-02-11 07:09:36	4227.25	5455.68	-603.75	116985384	-82641171	-35823583	-127670.6	357002.9	116669
2033-02-11 07:18:53	332.91	6902	-500.13	116995773	-82629048	-35818328	-128200.2	356857.7	116600.5
2033-02-11 07:28:10	-3681.18	5865.22	-216.1	117006161	-82616925	-35813073	-128729.6	356711.8	116531.8
2033-02-11 07:37:27	-6370.87	2718.32	145.88	117016547	-82604800	-35807817	-129258.7	356565.1	116462.8
2033-02-11 07:46:45	-6768.52	-1406.56	455.24	117026932	-82592674	-35802562	-129787.5	356417.8	116393.6
2033-02-11 07:56:02	-4731.08	-5025.43	600.39	117037315	-82580548	-35797305	-130316.1	356269.7	116324.1
2033-02-11 08:05:19	-991.57	-6836.34	528.96	117047697	-82568420	-35792048	-130844.5	356120.9	116254.5
2033-02-11 08:14:36	3104.66	-6187.77	266.72	117058078	-82556291	-35786791	-131372.5	355971.5	116184.5
2033-02-11 08:23:53	6083.9	-3313.05	-91.73	117068457	-82544161	-35781533	-131900.4	355821.3	116114.4
2033-02-11 08:33:11	6874.35	753.62	-417.09	117078834	-82532030	-35776275	-132428	355670.4	116044
2033-02-11 08:42:28	5191.63	4549.19	-592	117089210	-82519898	-35771016	-132955.3	355518.8	115973.4
2033-02-11 08:51:45	1641.14	6708.13	-553.35	117099584	-82507765	-35765757	-133482.3	355366.4	115902.6
2033-02-11 09:01:02	-2499.75	6453.72	-315.1	117109957	-82495631	-35760498	-134009.1	355213.4	115831.5
2033-02-11 09:10:19	-5741.29	3877.47	36.81	117120329	-82483496	-35755238	-134535.7	355059.7	115760.2
2033-02-11 09:19:36	-6917.28	-93.78	375.45	117130699	-82471360	-35749977	-135062	354905.2	115688.7
2033-02-11 09:28:54	-5604.66	-4031.31	578.65	117141067	-82459222	-35744716	-135588	354750.1	115617
2033-02-11 09:38:11	-2275.68	-6518.54	573.12	117151434	-82447084	-35739455	-136113.8	354594.2	115545
2033-02-11 09:47:28	1872	-6660.63	360.85	117161799	-82434945	-35734193	-136639.2	354437.6	115472.8
2033-02-11 09:56:45	5346.17	-4406.44	18.41	117172163	-82422804	-35728931	-137164.5	354280.3	115400.3
2033-02-11 10:06:02	6896.94	-566.95	-330.67	117182526	-82410663	-35723668	-137689.4	354122.3	115327.7
2033-02-11 10:15:20	5966.42	3476.54	-560.47	117192887	-82398521	-35718405	-138214.1	353963.6	115254.8
2033-02-11 10:24:37	2889.38	6269.31	-588.09	117203246	-82386377	-35713141	-138738.6	353804.3	115181.6
2033-02-11 10:33:54	-1227.14	6806.6	-403.58	117213604	-82374233	-35707877	-139262.7	353644.1	115108.3
2033-02-11 10:43:11	-4902.15	4895.11	-73.49	117223960	-82362087	-35702612	-139786.6	353483.3	115034.7
2033-02-11 10:52:28	-6813.51	1222.5	283.12	117234315	-82349940	-35697347	-140310.2	353321.8	114960.9
2033-02-11 11:01:45	-6273.58	-2889.94	537.59	117244669	-82337793	-35692082	-140833.6	353159.6	114886.8
2033-02-11 11:11:03	-3476.63	-5962.7	598.15	117255021	-82325644	-35686816	-141356.6	352996.7	114812.5
2033-02-11 11:20:20	571.08	-6890.3	442.93	117265371	-82313494	-35681549	-141879.4	352833.1	114738
2033-02-11 11:29:37	4413.3	-5339	127.94	117275720	-82301343	-35676283	-142401.9	352668.7	114663.3
2033-02-11 11:38:54	6667.75	-1866.9	-233.2	117286068	-82289191	-35671015	-142924.2	352503.7	114588.4
2033-02-11 11:48:11	6523.35	2276.88	-510.22	117296414	-82277038	-35665748	-143446.1	352338	114513.2
2033-02-11 11:57:29	4032.06	5601.53	-603.19	117306758	-82264884	-35660479	-143967.8	352171.5	114437.8
2033-02-11 12:06:46	90.19	6910.96	-478.58	117317101	-82252729	-35655211	-144489.2	352004.4	114362.1
2033-02-11 12:16:03	-3884.1	5734.06	-181.33	117327443	-82240573	-35649942	-145010.4	351836.6	114286.3
2033-02-11 12:25:20	-6461	2494.23	181.33	117337783	-82228416	-35644672	-145531.2	351668	114210.2
2033-02-11 12:34:37	-6713.43	-1642.97	478.58	117348121	-82216258	-35639402	-146051.8	351498.8	114133.9
2033-02-11 12:43:54	-4550.6	-5189.1	603.19	117358458	-82204099	-35634131	-146572.1	351328.9	114057.3
2033-02-11 12:53:12	-750.62	-6868.39	510.22	117368793	-82191939	-35628861	-147092.1	351158.3	113980.5
2033-02-11 13:02:29	3319.38	-6076.67	233.2	117379127	-82179778	-35623589	-147611.8	350986.9	113903.6
2033-02-11 13:11:46	6195.15	-3098.75	-127.94	117389460	-82167615	-35618317	-148131.2	350814.9	113826.3
2033-02-11 13:21:03	6842.1	994.01	-442.93	117399791	-82155452	-35613045	-148650.3	350642.2	113748.9
2033-02-11 13:30:20	5027.48	4729.19	-598.15	117410120	-82143287	-35607772	-149169.2	350468.8	113671.2
2033-02-11 13:39:37	1404.16	6762.98	-537.59	117420448	-82131122	-35602499	-149687.8	350294.6	113593.3
2033-02-11 13:48:55	-2724.31	6363.69	-283.12	117430775	-82118956	-35597225	-150206	350119.8	113515.2
2033-02-11 13:58:12	-5872.64	3674.95	73.49	117441100	-82106788	-35591951	-150724	349944.3	113436.8
2033-02-11 14:07:29	-6908.17	-335.94	403.58	117451423	-82094619	-35586677	-151241.7	349768.1	113358.3
2033-02-11 14:16:46	-5458.37	-4225.98	588.09	117461745	-82082450	-35581402	-151759.1	349591.2	113279.5
2033-02-11 14:26:03	-2044.83	-6595.69	560.47	117472066	-82070279	-35576126	-152276.2	349413.6	113200.5
2033-02-11 14:35:21	2104.34	-6592.49	330.67	117482385	-82058107	-35570850	-152793	349235.4	113121.2
2033-02-11 14:44:38	5496.42	-4217.54	-18.41	117492702	-82045935	-35565574	-153309.5	349056.4	113041.8
2033-02-11 14:53:55	6911.05	-325.23	-360.85	117503018	-82033761	-35560297	-153825.7	348876.7	112962.1
2033-02-11 15:03:12	5839.3	3684.1	-573.12	117513333	-82021586	-35555020	-154341.6	348696.3	112882.2
2033-02-11 15:12:29	2666.78	6368.05	-578.65	117523646	-82009410	-35549742	-154857.2	348515.3	112802
2033-02-11 15:21:46	-1465.14	6760.99	-375.45	117533957	-81997233	-35544464	-155372.6	348333.5	112721.7
2033-02-11 15:31:04	-5069.93	4721.55	-36.81	117544267	-81985055	-35539185	-155887.6	348151.1	112641.1
2033-02-11 15:40:21	-6850.7	983.44	315.1	117554576	-81972876	-35533906	-156402.3	347968	112560.3
2033-02-11 15:49:38	-6166.81	-3108.5	553.35	117564883	-81960696	-35528627	-156916.7	347784.2	112479.2
2033-02-11 15:58:55	-3264.32	-6082.13	592	117575188	-81948515	-35523347	-157430.8	347599.7	112398
2033-02-11 16:08:12	812.55	-6867.63	417.09	117585492	-81936333	-35518066	-157944.6	347414.5	112316.5
2033-02-11 16:17:30	4597.07	-5182.39	91.73	117595795	-81924150	-35512785	-158458.1	347228.6	112234.8
2033-02-11 16:26:47	6727.69	-1632.68	-266.72	117606096	-81911966	-35507504	-158971.3	347042	112152.9
2033-02-11 16:36:04	6437.9	2504.44	-528.96	117616395	-81899781	-35502222	-159484.1	346854.8	112070.8
2033-02-11 16:45:21	3831.97	5740.56	-600.39	117626693	-81887594	-35496940	-159996.7	346666.8	111988.4
2033-02-11 16:54:38	-152.55	6911.44	-455.24	117636989	-81875407	-35491657	-160509	346478.2	111905.9
2033-02-11 17:03:55	-4082.17	5595.82	-145.88	117647284	-81863219	-35486374	-161020.9	346288.9	111823.1
2033-02-11 17:13:13	-6543.13	2266.99	216.1	117657578	-81851029	-35481091	-161532.6	346098.9	111740
2033-02-11 17:22:30	-6650.09	-1877.44	500.13	117667870	-81838839	-35475807	-162043.9	345908.2	111656.8
2033-02-11 17:31:47	-4364.56	-5346.46	603.75	117678160	-81826647	-35470522	-162554.9	345716.8	111573.3
2033-02-11 17:41:04	-508.83	-6892.02	489.58	117688449	-81814455	-35465237	-163065.6	345524.7	111489.7
2033-02-11 17:50:21	3529.94	-5958.07	198.81	117698737	-81802261	-35459952	-163576	345332	111405.8
2033-02-11 17:59:39	6298.73	-2880.59	-163.68	117709023	-81790067	-35454666	-164086	345138.6	111321.6
2033-02-11 18:08:56	6801.43	1233.25	-467.13	117719307	-81777871	-35449380	-164595.8	344944.5	111237.3
2033-02-11 18:18:13	4857.2	4903.44	-602.07	117729590	-81765674	-35444093	-165105.2	344749.7	111152.7
2033-02-11 18:27:30	1165.53	6809.54	-519.83	117739872	-81753477	-35438806	-165614.3	344554.2	111068
2033-02-11 18:36:47	-2945.44	6265.81	-250.08	117750152	-81741278	-35433518	-166123.1	344358.1	110983
2033-02-11 18:46:04	-5996.71	3467.84	109.89	117760430	-81729078	-35428230	-166631.6	344161.2	110897.8
2033-02-11 18:55:22	-6890.55	-577.76	430.21	117770707	-81716877	-35422941	-167139.7	343963.7	110812.3
2033-02-11 19:04:39	-5305.39	-4415.53	595.35	117780982	-81704676	-35417652	-167647.5	343765.5	110726.7
2033-02-11 19:13:56	-1811.55	-6664.76	545.73	117791256	-81692473	-35412363	-168155	343566.7	110640.8
2033-02-11 19:23:13	2334.01	-6516.24	299.25	117801529	-81680269	-35407073	-168662.2	343367.1	110554.7
2033-02-11 19:32:30	5639.85	-4023.39	-55.17	117811800	-81668064	-35401783	-169169.1	343166.9	110468.4
2033-02-11 19:41:47	6916.63	-83.04	-389.7	117822069	-81655858	-35396492	-169675.6	342966	110381.9
2033-02-11 19:51:05	5705.04	3887.22	-583.64	117832337	-81643651	-35391200	-170181.8	342764.4	110295.2
2033-02-11 20:00:22	2440.97	6459	-567.06	117842603	-81631443	-35385909	-170687.6	342562.1	110208.2
2033-02-11 20:09:39	-1701.25	6707.06	-345.92	117852868	-81619234	-35380617	-171193.2	342359.2	110121
2033-02-11 20:18:56	-5231.4	4542.14	0	117863132	-81607024	-35375324	-171698.4	342155.6	110033.7
2033-02-11 20:28:13	-6879.44	743.09	345.92	117873394	-81594812	-35370031	-172203.2	341951.3	109946
2033-02-11 20:37:31	-6052.48	-3323.32	567.06	117883654	-81582600	-35364737	-172707.8	341746.3	109858.2
2033-02-11 20:46:48	-3048.05	-6194.13	583.64	117893913	-81570387	-35359443	-173212	341540.7	109770.2
2033-02-11 20:56:05	1052.95	-6836.52	389.7	117904170	-81558173	-35354149	-173715.8	341334.4	109681.9
2033-02-11 21:05:22	4775.1	-5019.35	55.17	117914426	-81545957	-35348854	-174219.4	341127.4	109593.5
2033-02-11 21:14:39	6779.32	-1396.37	-299.25	117924681	-81533741	-35343559	-174722.6	340919.8	109504.8
2033-02-11 21:23:56	6344.55	2729	-545.73	117934933	-81521524	-35338263	-175225.4	340711.4	109415.9
2033-02-11 21:33:14	3627.23	5872.59	-595.35	117945185	-81509305	-35332967	-175727.9	340502.4	109326.8
2033-02-11 21:42:31	-395.03	6903.44	-430.21	117955435	-81497086	-35327670	-176230.1	340292.8	109237.5
2033-02-11 21:51:48	-4275.14	5450.66	-109.89	117965683	-81484865	-35322373	-176732	340082.4	109147.9
2033-02-11 22:01:05	-6617.18	2036.9	250.08	117975930	-81472644	-35317076	-177233.5	339871.4	109058.2
2033-02-11 22:10:22	-6578.57	-2109.69	519.83	117986175	-81460421	-35311778	-177734.6	339659.7	108968.2
2033-02-11 22:19:40	-4173.21	-5497.31	602.07	117996419	-81448197	-35306479	-178235.4	339447.4	108878
2033-02-11 22:28:57	-266.49	-6907.2	467.13	118006661	-81435973	-35301180	-178735.9	339234.4	108787.6
2033-02-11 22:38:14	3736.08	-5832.11	163.68	118016902	-81423747	-35295881	-179236	339020.7	108697
2033-02-11 22:47:31	6394.51	-2658.81	-198.81	118027142	-81411520	-35290581	-179735.8	338806.3	108606.2
2033-02-11 22:56:48	6752.4	1471.07	-489.58	118037379	-81399293	-35285281	-180235.2	338591.3	108515.1
2033-02-11 23:06:05	4680.99	5071.72	-603.75	118047616	-81387064	-35279980	-180734.3	338375.6	108423.9
2033-02-11 23:15:23	925.54	6847.76	-500.13	118057851	-81374834	-35274679	-181233	338159.3	108332.4
2033-02-11 23:24:40	-3162.87	6160.21	-216.1	118068084	-81362603	-35269377	-181731.4	337942.3	108240.8
2033-02-11 23:33:57	-6113.35	3256.41	145.88	118078316	-81350371	-35264075	-182229.4	337724.6	108148.9
2033-02-11 23:43:14	-6864.45	-818.96	455.24	118088546	-81338138	-35258773	-182727.1	337506.2	108056.8
2033-02-11 23:52:31	-5145.94	-4599.72	600.39	118098775	-81325905	-35253470	-183224.4	337287.2	107964.5
2033-02-12 00:01:49	-1576.11	-6725.67	528.96	118109002	-81313670	-35248166	-183721.4	337067.5	107871.9
2033-02-12 00:11:06	2560.73	-6431.96	266.72	118119228	-81301434	-35242863	-184218	336847.2	107779.2
2033-02-12 00:20:23	5776.28	-3824.23	-91.73	118129452	-81289197	-35237558	-184714.3	336626.2	107686.3
2033-02-12 00:29:40	6913.7	159.34	-417.09	118139675	-81276958	-35232254	-185210.2	336404.5	107593.1
2033-02-12 00:38:57	5563.8	4085.62	-592	118149896	-81264719	-35226948	-185705.7	336182.2	107499.7
2033-02-12 00:48:14	2212.24	6542.05	-553.35	118160116	-81252479	-35221643	-186200.9	335959.2	107406.2
2033-02-12 00:57:32	-1935.19	6644.87	-315.1	118170334	-81240238	-35216337	-186695.8	335735.6	107312.4
2033-02-12 01:06:49	-5386.37	4357.09	36.81	118180551	-81227996	-35211030	-187190.2	335511.3	107218.4
2033-02-12 01:16:06	-6899.7	501.75	375.45	118190766	-81215753	-35205723	-187684.4	335286.3	107124.2
2033-02-12 01:25:23	-5930.74	-3534.13	578.65	118200980	-81203508	-35200416	-188178.1	335060.7	107029.8
2033-02-12 01:34:40	-2828.11	-6298.56	573.12	118211192	-81191263	-35195108	-188671.5	334834.4	106935.1
2033-02-12 01:43:57	1291.96	-6797	360.85	118221402	-81179017	-35189799	-189164.5	334607.5	106840.3
2033-02-12 01:53:15	4947.2	-4850.1	18.41	118231612	-81166769	-35184491	-189657.2	334379.9	106745.3
2033-02-12 02:02:32	6822.58	-1158.27	-330.67	118241819	-81154521	-35179181	-190149.5	334151.7	106650
2033-02-12 02:11:49	6243.42	2950.28	-560.47	118252026	-81142272	-35173872	-190641.4	333922.8	106554.6
2033-02-12 02:21:06	3418.09	5997.45	-588.09	118262230	-81130021	-35168562	-191132.9	333693.2	106458.9
2033-02-12 02:30:23	-636.93	6886.94	-403.58	118272433	-81117770	-35163251	-191624.1	333463	106363
2033-02-12 02:39:41	-4462.78	5298.75	-73.49	118282635	-81105517	-35157940	-192114.9	333232.1	106266.9
2033-02-12 02:48:58	-6683.05	1804.22	283.12	118292835	-81093264	-35152629	-192605.4	333000.6	106170.7
2033-02-12 02:58:15	-6498.97	-2339.43	537.59	118303034	-81081009	-35147317	-193095.5	332768.4	106074.2
2033-02-12 03:07:32	-3976.78	-5641.45	598.15	118313231	-81068754	-35142004	-193585.2	332535.6	105977.4
2033-02-12 03:16:49	-23.9	-6913.89	442.93	118323426	-81056497	-35136692	-194074.5	332302.1	105880.5
2033-02-12 03:26:06	3937.56	-5698.93	127.94	118333621	-81044239	-35131378	-194563.5	332068	105783.4
2033-02-12 03:35:24	6482.39	-2433.68	-233.2	118343813	-81031981	-35126065	-195052.1	331833.2	105686.1
2033-02-12 03:44:41	6695.06	1707.15	-510.22	118354004	-81019721	-35120750	-195540.3	331597.8	105588.6
2033-02-12 03:53:58	4499.08	5233.83	-603.19	118364194	-81007460	-35115436	-196028.1	331361.7	105490.8
2033-02-12 04:03:15	684.5	6877.57	-478.58	118374382	-80995198	-35110121	-196515.6	331125	105392.9
2033-02-12 04:12:32	-3376.32	6046.99	-181.33	118384568	-80982936	-35104805	-197002.6	330887.6	105294.7
2033-02-12 04:21:50	-6222.43	3040.9	181.33	118394753	-80970672	-35099489	-197489.3	330649.6	105196.4
2033-02-12 04:31:07	-6829.9	-1059.24	478.58	118404937	-80958407	-35094173	-197975.6	330410.9	105097.8
2033-02-12 04:40:24	-4980.2	-4778.32	603.19	118415119	-80946141	-35088856	-198461.6	330171.6	104999.1
2033-02-12 04:49:41	-1338.81	-6778.34	510.22	118425299	-80933874	-35083539	-198947.1	329931.6	104900.1
2033-02-12 04:58:58	2784.22	-6339.74	233.2	118435478	-80921606	-35078221	-199432.3	329691	104800.9
2033-02-12 05:08:15	5905.55	-3620.31	-127.94	118445656	-80909337	-35072903	-199917.1	329449.7	104701.5
2033-02-12 05:17:33	6902.25	401.61	-442.93	118455832	-80897067	-35067584	-200401.5	329207.8	104602
2033-02-12 05:26:50	5415.75	4279.07	-598.15	118466006	-80884796	-35062265	-200885.5	328965.3	104502.2
2033-02-12 05:36:07	1980.85	6617.08	-537.59	118476179	-80872524	-35056946	-201369.1	328722.1	104402.2
2033-02-12 05:45:24	-2166.66	6574.5	-283.12	118486351	-80860251	-35051626	-201852.4	328478.3	104302
2033-02-12 05:54:41	-5534.66	4166.62	73.49	118496521	-80847977	-35046306	-202335.2	328233.8	104201.6
2033-02-12 06:03:58	-6911.46	259.71	403.58	118506689	-80835702	-35040985	-202817.7	327988.7	104101
2033-02-12 06:13:16	-5801.74	-3740.66	588.09	118516856	-80823426	-35035663	-203299.8	327742.9	104000.2
2033-02-12 06:22:33	-2604.76	-6395.29	560.47	118527021	-80811149	-35030342	-203781.5	327496.5	103899.2
2033-02-12 06:31:50	1529.3	-6749.11	330.67	118537185	-80798871	-35025020	-204262.8	327249.5	103798
2033-02-12 06:41:07	5113.15	-4674.82	-18.41	118547348	-80786591	-35019697	-204743.7	327001.8	103696.6
2033-02-12 06:50:24	6857.43	-918.67	-360.85	118557508	-80774311	-35014374	-205224.2	326753.5	103595
2033-02-12 06:59:42	6134.64	3168.01	-573.12	118567668	-80762030	-35009050	-205704.3	326504.5	103493.2
2033-02-12 07:08:59	3204.81	6114.97	-578.65	118577826	-80749748	-35003726	-206184	326254.9	103391.2
2033-02-12 07:18:16	-877.97	6861.98	-375.45	118587982	-80737464	-34998402	-206663.3	326004.7	103289
2033-02-12 07:27:33	-4644.87	5140.27	-36.81	118598137	-80725180	-34993077	-207142.2	325753.8	103186.5
2033-02-12 07:36:50	-6740.68	1569.25	315.1	118608290	-80712894	-34987752	-207620.7	325502.3	103083.9
2033-02-12 07:46:07	-6411.41	-2566.36	553.35	118618442	-80700608	-34982426	-208098.9	325250.2	102981.1
2033-02-12 07:55:25	-3775.53	-5778.71	592	118628592	-80688321	-34977100	-208576.6	324997.4	102878.1
2033-02-12 08:04:42	218.63	-6912.08	417.09	118638741	-80676032	-34971773	-209053.9	324744	102774.9
2033-02-12 08:13:59	4134.11	-5558.71	91.73	118648888	-80663743	-34966446	-209530.8	324490	102671.5
2033-02-12 08:23:16	6562.26	-2205.49	-266.72	118659034	-80651452	-34961119	-210007.4	324235.3	102567.9
2033-02-12 08:32:33	6629.51	1941.22	-528.96	118669178	-80639161	-34955791	-210483.5	323980	102464.1
2033-02-12 08:41:51	4311.7	5389.56	-600.39	118679321	-80626868	-34950462	-210959.2	323724	102360
2033-02-12 08:51:08	442.69	6898.94	-455.24	118689462	-80614575	-34945134	-211434.5	323467.5	102255.8
2033-02-12 09:00:25	-3585.55	5926.31	-145.88	118699602	-80602280	-34939804	-211909.4	323210.3	102151.4
2033-02-12 09:09:42	-6323.81	2821.57	216.1	118709740	-80589984	-34934474	-212383.9	322952.4	102046.8
2033-02-12 09:18:59	-6786.96	-1298.29	500.13	118719876	-80577688	-34929144	-212858	322694	101942
2033-02-12 09:28:16	-4808.4	-4951.1	603.75	118730012	-80565390	-34923814	-213331.6	322434.9	101837
2033-02-12 09:37:34	-1099.94	-6822.68	489.58	118740145	-80553091	-34918483	-213804.9	322175.2	101731.8
2033-02-12 09:46:51	3004.21	-6239.7	198.81	118750277	-80540792	-34913151	-214277.8	321914.8	101626.4
2033-02-12 09:56:08	6027.52	-3411.86	-163.68	118760408	-80528491	-34907819	-214750.2	321653.9	101520.8
2033-02-12 10:05:25	6882.32	643.47	-467.13	118770537	-80516189	-34902487	-215222.2	321392.3	101415
2033-02-12 10:14:42	5261.09	4467.33	-602.07	118780665	-80503886	-34897154	-215693.9	321130	101309
2033-02-12 10:24:00	1747.11	6684.01	-519.83	118790791	-80491583	-34891821	-216165.1	320867.2	101202.9
2033-02-12 10:33:17	-2395.39	6496.01	-250.08	118800915	-80479278	-34886487	-216635.9	320603.7	101096.5
2033-02-12 10:42:34	-5676.09	3970.95	109.89	118811038	-80466972	-34881153	-217106.2	320339.6	100989.9
2033-02-12 10:51:51	-6914.71	17.26	430.21	118821160	-80454665	-34875818	-217576.2	320074.9	100883.1
2033-02-12 11:01:08	-5665.64	-3942.67	595.35	118831280	-80442357	-34870483	-218045.7	319809.5	100776.2
2033-02-12 11:10:25	-2378.28	-6484.18	545.73	118841398	-80430048	-34865147	-218514.9	319543.6	100669
2033-02-12 11:19:43	1764.68	-6692.9	299.25	118851515	-80417738	-34859811	-218983.6	319277	100561.7
2033-02-12 11:29:00	5272.75	-4493.73	-55.17	118861631	-80405427	-34854475	-219451.8	319009.8	100454.1
2033-02-12 11:38:17	6883.84	-677.85	-389.7	118871744	-80393115	-34849138	-219919.7	318741.9	100346.4
2033-02-12 11:47:34	6018.35	3381.92	-583.64	118881857	-80380802	-34843801	-220387.1	318473.5	100238.4
2033-02-12 11:56:51	2987.67	6225.02	-567.06	118891968	-80368488	-34838463	-220854.2	318204.4	100130.3
2033-02-12 12:06:08	-1117.85	6828.57	-345.92	118902077	-80356173	-34833125	-221320.8	317934.7	100022
2033-02-12 12:15:26	-4821.18	4975.42	0	118912185	-80343857	-34827786	-221786.9	317664.4	99913.4
2033-02-12 12:24:43	-6789.99	1332.26	345.92	118922291	-80331540	-34822447	-222252.7	317393.5	99804.7
2033-02-12 12:34:00	-6315.99	-2790.22	567.06	118932396	-80319222	-34817108	-222718	317121.9	99695.8
2033-02-12 12:43:17	-3569.71	-5908.9	583.64	118942500	-80306903	-34811768	-223182.9	316849.8	99586.7
2033-02-12 12:52:34	460.81	-6901.77	389.7	118952601	-80294583	-34806427	-223647.3	316577	99477.4
2033-02-12 13:01:52	4325.52	-5411.6	55.17	118962702	-80282262	-34801087	-224111.4	316303.6	99367.9
2033-02-12 13:11:09	6634.03	-1974.5	-299.25	118972800	-80269940	-34795745	-224575	316029.6	99258.2
2033-02-12 13:20:26	6555.83	2172.98	-545.73	118982898	-80257616	-34790404	-225038.2	315755	99148.4
2033-02-12 13:29:43	4119.07	5538.72	-595.35	118992993	-80245292	-34785061	-225500.9	315479.7	99038.3
2033-02-12 13:39:00	200.43	6911.82	-430.21	119003088	-80232967	-34779719	-225963.2	315203.9	98928.1
2033-02-12 13:48:17	-3790.3	5798.29	-109.89	119013180	-80220641	-34774376	-226425.1	314927.4	98817.6
2033-02-12 13:57:35	-6417.38	2598.7	250.08	119023272	-80208313	-34769032	-226886.5	314650.4	98707
2033-02-12 14:06:52	-6735.69	-1535.83	519.83	119033361	-80195985	-34763688	-227347.6	314372.7	98596.2
2033-02-12 14:16:09	-4630.73	-5117.85	602.07	119043449	-80183656	-34758344	-227808.1	314094.4	98485.1
2033-02-12 14:25:26	-859.81	-6858.65	467.13	119053536	-80171325	-34752999	-228268.3	313815.5	98373.9
2033-02-12 14:34:43	3220.42	-6131.94	163.68	119063621	-80158994	-34747654	-228728	313536	98262.5
2033-02-12 14:44:01	6142.03	-3199.14	-198.81	119073705	-80146662	-34742308	-229187.2	313255.9	98151
2033-02-12 14:53:18	6853.93	884.62	-489.58	119083787	-80134328	-34736962	-229646.1	312975.2	98039.2
2033-02-12 15:02:35	5100.02	4650.15	-603.75	119093867	-80121994	-34731616	-230104.4	312693.8	97927.2
2033-02-12 15:11:52	1511.31	6742.73	-500.13	119103946	-80109659	-34726268	-230562.4	312411.9	97815.1
2033-02-12 15:21:09	-2621.1	6409.5	-216.1	119114024	-80097322	-34720921	-231019.9	312129.3	97702.7
2033-02-12 15:30:26	-5810.49	3770.34	145.88	119124100	-80084985	-34715573	-231477	311846.2	97590.2
2033-02-12 15:39:44	-6909.46	-225.29	455.24	119134174	-80072646	-34710225	-231933.6	311562.4	97477.5
2033-02-12 15:49:01	-5522.63	-4139.89	600.39	119144247	-80060307	-34704876	-232389.7	311278.1	97364.6
2033-02-12 15:58:18	-2148.96	-6565.12	528.96	119154319	-80047966	-34699527	-232845.5	310993.1	97251.5
2033-02-12 16:07:35	1997.81	-6628.44	266.72	119164389	-80035625	-34694177	-233300.8	310707.6	97138.2
2033-02-12 16:16:52	5425.81	-4307.06	-91.73	119174457	-80023282	-34688827	-233755.6	310421.4	97024.7
2033-02-12 16:26:10	6901.77	-436.12	-417.09	119184524	-80010939	-34683476	-234210	310134.6	96911.1
2033-02-12 16:35:27	5894.7	3591.75	-592	119194589	-79998594	-34678125	-234663.9	309847.3	96797.2
2033-02-12 16:44:44	2766.93	6327.44	-553.35	119204653	-79986248	-34672774	-235117.4	309559.3	96683.2
2033-02-12 16:54:01	-1356.27	6786.74	-315.1	119214716	-79973902	-34667422	-235570.5	309270.7	96569
2033-02-12 17:03:18	-4991.5	4804.39	36.81	119224776	-79961554	-34662070	-236023.1	308981.6	96454.6
2033-02-12 17:12:35	-6830.94	1093.56	375.45	119234836	-79949206	-34656717	-236475.2	308691.8	96340
2033-02-12 17:21:53	-6212.83	-3010.72	578.65	119244894	-79936856	-34651364	-236926.9	308401.5	96225.2
2033-02-12 17:31:10	-3359.56	-6031.87	573.12	119254950	-79924505	-34646010	-237378.1	308110.5	96110.3
2033-02-12 17:40:27	702.34	-6882.96	360.85	119265005	-79912154	-34640656	-237828.9	307818.9	95995.1
2033-02-12 17:49:44	4511.54	-5257.78	18.41	119275058	-79899801	-34635301	-238279.3	307526.8	95879.8
2033-02-12 17:59:01	6697.62	-1741.01	-330.67	119285109	-79887447	-34629946	-238729.1	307234.1	95764.3
2033-02-12 18:08:18	6474.11	2402.14	-560.47	119295160	-79875093	-34624591	-239178.5	306940.7	95648.6
2033-02-12 18:17:36	3921.45	5681.1	-588.09	119305208	-79862737	-34619235	-239627.5	306646.8	95532.7
2033-02-12 18:26:53	-42	6916.21	-403.58	119315255	-79850380	-34613879	-240076	306352.3	95416.6
2033-02-12 18:36:10	-3990.32	5663.09	-73.49	119325301	-79838022	-34608522	-240524.1	306057.2	95300.4
2033-02-12 18:45:27	-6503.03	2372.56	283.12	119335345	-79825663	-34603165	-240971.6	305761.4	95184
2033-02-12 18:54:44	-6676.16	-1771.56	537.59	119345388	-79813304	-34597807	-241418.8	305465.1	95067.3
2033-02-12 19:04:02	-4447.44	-5278.36	598.15	119355429	-79800943	-34592449	-241865.4	305168.3	94950.5
2033-02-12 19:13:19	-618.7	-6886.19	442.93	119365468	-79788581	-34587091	-242311.6	304870.8	94833.6
2033-02-12 19:22:36	3432.6	-6016.6	127.94	119375506	-79776218	-34581732	-242757.4	304572.7	94716.4
2033-02-12 19:31:53	6248.95	-2982.42	-233.2	119385543	-79763854	-34576373	-243202.6	304274.1	94599.1
2033-02-12 19:41:10	6817.12	1124.76	-510.22	119395578	-79751490	-34571013	-243647.4	303974.8	94481.5
2033-02-12 19:50:27	4932.73	4827.31	-603.19	119405611	-79739124	-34565652	-244091.8	303675	94363.8
2033-02-12 19:59:45	1273.72	6793.17	-478.58	119415643	-79726757	-34560292	-244535.7	303374.6	94245.9
2033-02-12 20:09:02	-2843.5	6315.08	-181.33	119425674	-79714389	-34554931	-244979.1	303073.6	94127.9
2033-02-12 20:18:19	-5937.71	3565.01	181.33	119435703	-79702020	-34549569	-245422	302772	94009.6
2033-02-12 20:27:36	-6895.71	-467.65	478.58	119445730	-79689650	-34544207	-245864.5	302469.8	93891.2
2033-02-12 20:36:53	-5372.87	-4332.09	603.19	119455756	-79677279	-34538845	-246306.5	302167	93772.6
2033-02-12 20:46:11	-1917.07	-6638	510.22	119465780	-79664907	-34533482	-246748	301863.7	93653.8
2033-02-12 20:55:28	2228.41	-6555.79	233.2	119475803	-79652534	-34528118	-247189.1	301559.8	93534.8
2033-02-12 21:04:45	5572.15	-4115.01	-127.94	119485824	-79640160	-34522755	-247629.7	301255.3	93415.7
2033-02-12 21:14:02	6911.21	-193.76	-442.93	119495844	-79627785	-34517390	-248069.8	300950.2	93296.3
2033-02-12 21:23:19	5763.85	3797.22	-598.15	119505862	-79615409	-34512026	-248509.5	300644.5	93176.8
2033-02-12 21:32:36	2542.86	6422.11	-537.59	119515879	-79603032	-34506661	-248948.6	300338.3	93057.1
2033-02-12 21:41:54	-1592.94	6736.54	-283.12	119525894	-79590654	-34501295	-249387.3	300031.5	92937.3
2033-02-12 21:51:11	-5155.63	4627.38	73.49	119535908	-79578275	-34495929	-249825.6	299724.1	92817.2
2033-02-12 22:00:28	-6863.48	853.42	403.58	119545920	-79565895	-34490563	-250263.3	299416.1	92697
2033-02-12 22:09:45	-6102.08	-3227.59	588.09	119555930	-79553514	-34485196	-250700.6	299107.5	92576.6
2033-02-12 22:19:02	-3145.36	-6147.45	560.47	119565940	-79541132	-34479829	-251137.4	298798.4	92456
2033-02-12 22:28:20	942.92	-6855.66	330.67	119575947	-79528749	-34474461	-251573.7	298488.7	92335.3
2033-02-12 22:37:37	4691.95	-5097.43	-18.41	119585953	-79516365	-34469093	-252009.5	298178.4	92214.4
2033-02-12 22:46:54	6752.96	-1505.29	-360.85	119595958	-79503980	-34463724	-252444.9	297867.5	92093.2
2033-02-12 22:56:11	6384.47	2628.43	-573.12	119605961	-79491594	-34458355	-252879.8	297556.1	91972
2033-02-12 23:05:28	3719.08	5816.55	-578.65	119615962	-79479207	-34452986	-253314.1	297244.1	91850.5
2033-02-12 23:14:45	-284.3	6912.08	-375.45	119625962	-79466819	-34447616	-253748	296931.5	91728.9
2033-02-12 23:24:03	-4185.36	5520.86	-36.81	119635961	-79454430	-34442245	-254181.5	296618.4	91607.1
2033-02-12 23:33:20	-6580.66	2143.41	315.1	119645957	-79442039	-34436875	-254614.4	296304.6	91485.1
2033-02-12 23:42:37	-6608.45	-2005.19	553.35	119655953	-79429648	-34431503	-255046.9	295990.3	91362.9
2033-02-12 23:51:54	-4258.75	-5432.42	592	119665947	-79417256	-34426132	-255478.8	295675.5	91240.6
2033-02-13 00:01:11	-376.91	-6905.25	417.09	119675939	-79404863	-34420760	-255910.3	295360.1	91118.1
2033-02-13 00:10:28	3640.5	-5893.8	91.73	119685930	-79392469	-34415387	-256341.3	295044.1	90995.4
2033-02-13 00:19:46	6348.16	-2761.94	-266.72	119695919	-79380074	-34410014	-256771.8	294727.5	90872.5
2033-02-13 00:29:03	6771.95	1363.6	-528.96	119705907	-79367677	-34404641	-257201.8	294410.4	90749.5
2033-02-13 00:38:20	4759.44	4998.59	-600.39	119715893	-79355280	-34399267	-257631.4	294092.7	90626.3
2033-02-13 00:47:37	1034.65	6835.26	-455.24	119725878	-79342882	-34393892	-258060.4	293774.4	90502.9
2033-02-13 00:56:54	-3062.34	6212.84	-145.88	119735861	-79330483	-34388518	-258488.9	293455.6	90379.3
2033-02-13 01:06:12	-6057.59	3355.22	216.1	119745843	-79318083	-34383142	-258917	293136.2	90255.6
2033-02-13 01:15:29	-6873.5	-709.51	500.13	119755823	-79305681	-34377767	-259344.5	292816.2	90131.7
2033-02-13 01:24:46	-5216.57	-4519.01	603.75	119765801	-79293279	-34372391	-259771.6	292495.7	90007.7
2033-02-13 01:34:03	-1682.9	-6702.74	489.58	119775778	-79280876	-34367014	-260198.2	292174.6	89883.4
2033-02-13 01:43:20	2456.19	-6475.04	198.81	119785754	-79268472	-34361637	-260624.3	291853	89759
2033-02-13 01:52:37	5711.6	-3917.83	-163.68	119795728	-79256066	-34356260	-261049.8	291530.7	89634.4
2033-02-13 02:01:55	6912.16	48.91	-467.13	119805700	-79243660	-34350882	-261474.9	291208	89509.7
2033-02-13 02:11:12	5625.96	3998.08	-602.07	119815671	-79231253	-34345504	-261899.5	290884.7	89384.7
2033-02-13 02:20:29	2315.74	6508.89	-519.83	119825641	-79218845	-34340125	-262323.6	290560.8	89259.6
2033-02-13 02:29:46	-1827.58	6678.02	-250.08	119835609	-79206435	-34334746	-262747.2	290236.3	89134.4
2033-02-13 02:39:03	-5313.37	4444.61	109.89	119845575	-79194025	-34329367	-263170.3	289911.3	89008.9
2033-02-13 02:48:21	-6887.58	612.15	430.21	119855540	-79181614	-34323987	-263592.9	289585.8	88883.3
2033-02-13 02:57:38	-5983.87	-3440.56	595.35	119865503	-79169201	-34318606	-264014.9	289259.7	88757.5
2033-02-13 03:06:55	-2927.37	-6255.5	545.73	119875465	-79156788	-34313225	-264436.5	288933	88631.6
2033-02-13 03:16:12	1182.27	-6819.92	299.25	119885426	-79144374	-34307844	-264857.6	288605.8	88505.5
2033-02-13 03:25:29	4866.54	-4930.75	-55.17	119895384	-79131959	-34302462	-265278.2	288278	88379.2
2033-02-13 03:34:46	6799.99	-1267.64	-389.7	119905342	-79119542	-34297080	-265698.3	287949.7	88252.7
2033-02-13 03:44:04	6287.02	2851.55	-583.64	119915297	-79107125	-34291698	-266117.8	287620.8	88126.1
2033-02-13 03:53:21	3512.21	5944.87	-567.06	119925251	-79094707	-34286315	-266536.9	287291.4	87999.3
2033-02-13 04:02:38	-526.16	6899.43	-345.92	119935204	-79082287	-34280931	-266955.4	286961.4	87872.3
2033-02-13 04:11:55	-4375.2	5371.79	0	119945155	-79069867	-34275547	-267373.5	286630.8	87745.2
2033-02-13 04:21:12	-6650.18	1911.55	345.92	119955105	-79057446	-34270163	-267791	286299.8	87617.9
2033-02-13 04:30:30	-6532.64	-2236.43	567.06	119965053	-79045023	-34264778	-268208.1	285968.1	87490.5
2033-02-13 04:39:47	-4064.89	-5579.84	583.64	119974999	-79032600	-34259393	-268624.6	285635.9	87362.8
2033-02-13 04:49:04	-134.74	-6915.82	389.7	119984944	-79020176	-34254007	-269040.6	285303.2	87235
2033-02-13 04:58:21	3843.85	-5763.71	55.17	119994888	-79007750	-34248621	-269456.1	284969.9	87107.1
2033-02-13 05:07:38	6439.54	-2537.99	-299.25	120004830	-78995324	-34243235	-269871.1	284636.1	86979
2033-02-13 05:16:55	6718.49	1600.84	-545.73	120014770	-78982896	-34237848	-270285.5	284301.8	86850.7
2033-02-13 05:26:13	4580.36	5163.76	-595.35	120024709	-78970468	-34232460	-270699.5	283966.8	86722.2
2033-02-13 05:35:30	794.39	6868.95	-430.21	120034647	-78958039	-34227072	-271112.9	283631.4	86593.6
2033-02-13 05:44:47	-3277.34	6102.91	-109.89	120044582	-78945608	-34221684	-271525.9	283295.4	86464.8
2033-02-13 05:54:04	-6169.98	3141.23	250.08	120054517	-78933177	-34216295	-271938.3	282958.8	86335.9
2033-02-13 06:03:21	-6842.86	-950.58	519.83	120064450	-78920745	-34210906	-272350.2	282621.8	86206.7
2033-02-13 06:12:38	-5053.91	-4700.43	602.07	120074381	-78908311	-34205517	-272761.6	282284.1	86077.5
2033-02-13 06:21:56	-1446.75	-6759.24	467.13	120084311	-78895877	-34200127	-273172.4	281946	85948
2033-02-13 06:31:13	2680.87	-6386.29	163.68	120094239	-78883441	-34194736	-273582.8	281607.3	85818.4
2033-02-13 06:40:30	5843.99	-3715.76	-198.81	120104165	-78871005	-34189345	-273992.6	281268	85688.6
2033-02-13 06:49:47	6904.62	291.61	-489.58	120114091	-78858568	-34183954	-274401.9	280928.3	85558.7
2033-02-13 06:59:04	5481.21	4194.09	-603.75	120124014	-78846129	-34178562	-274810.7	280587.9	85428.6
2033-02-13 07:08:22	2085.86	6587.69	-500.13	120133936	-78833690	-34173170	-275219	280247.1	85298.4
2033-02-13 07:17:39	-2059.89	6611.26	-216.1	120143857	-78821249	-34167777	-275626.7	279905.7	85167.9
2033-02-13 07:26:56	-5464.54	4256.3	145.88	120153776	-78808808	-34162384	-276033.9	279563.8	85037.4
2033-02-13 07:36:13	-6903.22	370.05	455.24	120163693	-78796366	-34156991	-276440.6	279221.3	84906.6
2033-02-13 07:45:30	-5858.35	-3649.36	600.39	120173609	-78783922	-34151597	-276846.8	278878.3	84775.7
2033-02-13 07:54:47	-2705.86	-6355.87	528.96	120183524	-78771478	-34146203	-277252.4	278534.8	84644.6
2033-02-13 08:04:05	1420.08	-6775.75	266.72	120193437	-78759032	-34140808	-277657.6	278190.7	84513.4
2033-02-13 08:13:22	5035.1	-4757.93	-91.73	120203348	-78746586	-34135413	-278062.1	277846.1	84382
2033-02-13 08:22:39	6838.65	-1028.34	-417.09	120213258	-78734139	-34130017	-278466.2	277501	84250.5
2033-02-13 08:31:56	6181.88	3071.23	-592	120223166	-78721690	-34124621	-278869.8	277155.3	84118.8
2033-02-13 08:41:13	3301.09	6065.9	-553.35	120233073	-78709241	-34119224	-279272.8	276809.2	83986.9
2033-02-13 08:50:31	-767.29	6878.27	-315.1	120242978	-78696790	-34113827	-279675.2	276462.4	83854.9
2033-02-13 08:59:48	-4559.61	5216.05	36.81	120252882	-78684339	-34108430	-280077.2	276115.2	83722.7
2033-02-13 09:09:05	-6711.52	1677.25	375.45	120262784	-78671887	-34103032	-280478.6	275767.4	83590.4
2033-02-13 09:18:22	-6448.84	-2464.99	578.65	120272685	-78659433	-34097634	-280879.5	275419.1	83457.8
2033-02-13 09:27:39	-3866.1	-5720.43	573.12	120282584	-78646979	-34092235	-281279.8	275070.3	83325.2
2033-02-13 09:36:56	107.51	-6917.86	360.85	120292481	-78634523	-34086836	-281679.7	274721	83192.4
2033-02-13 09:46:14	4042.42	-5626.46	18.41	120302378	-78622067	-34081436	-282078.9	274371.1	83059.4
2033-02-13 09:55:31	6522.98	-2310.83	-330.67	120312272	-78609610	-34076036	-282477.7	274020.7	82926.3
2033-02-13 10:04:48	6656.79	1836.18	-560.47	120322165	-78597151	-34070636	-282875.9	273669.8	82793
2033-02-13 10:14:05	4395.72	5322.63	-588.09	120332057	-78584692	-34065235	-283273.6	273318.3	82659.5
2033-02-13 10:23:22	553.24	6894.17	-403.58	120341946	-78572231	-34059834	-283670.7	272966.4	82525.9
2033-02-13 10:32:39	-3488.25	5985.42	-73.49	120351835	-78559770	-34054432	-284067.3	272613.9	82392.1
2033-02-13 10:41:57	-6274.77	2923.29	283.12	120361722	-78547308	-34049030	-284463.4	272260.9	82258.2
2033-02-13 10:51:14	-6803.83	-1190.56	537.59	120371607	-78534844	-34043627	-284858.9	271907.4	82124.2
2033-02-13 11:00:31	-4885.11	-4876.12	598.15	120381491	-78522380	-34038224	-285253.9	271553.3	81989.9
2033-02-13 11:09:48	-1208.91	-6807.42	442.93	120391373	-78509915	-34032821	-285648.4	271198.8	81855.5
2033-02-13 11:19:05	2902.19	-6289.63	127.94	120401254	-78497448	-34027417	-286042.3	270843.7	81721
2033-02-13 11:28:23	5969.16	-3509.03	-233.2	120411133	-78484981	-34022012	-286435.6	270488.1	81586.3
2033-02-13 11:37:40	6888.62	534.03	-510.22	120421011	-78472512	-34016608	-286828.5	270132	81451.5
2033-02-13 11:46:57	5329.79	4384.99	-603.19	120430887	-78460043	-34011202	-287220.7	269775.4	81316.5
2033-02-13 11:56:14	1853.5	6658.38	-478.58	120440762	-78447573	-34005797	-287612.5	269418.2	81181.3
2033-02-13 12:05:31	-2289.6	6536.32	-181.33	120450635	-78435101	-34000391	-288003.7	269060.6	81046
2033-02-13 12:14:48	-5608.95	4062.69	181.33	120460506	-78422629	-33994984	-288394.3	268702.4	80910.5
2033-02-13 12:24:06	-6910.38	127.41	478.58	120470376	-78410156	-33989577	-288784.4	268343.8	80774.9
2033-02-13 12:33:23	-5725.69	-3853.73	603.19	120480245	-78397681	-33984170	-289174	267984.6	80639.1
2033-02-13 12:42:40	-2481.11	-6448.44	510.22	120490112	-78385206	-33978762	-289563	267624.9	80503.2
2033-02-13 12:51:57	1656.07	-6723.22	233.2	120499977	-78372730	-33973354	-289951.4	267264.7	80367.1
2033-02-13 13:01:14	5197.42	-4579.19	-127.94	120509841	-78360252	-33967945	-290339.3	266904	80230.9
2033-02-13 13:10:32	6868.91	-787.7	-442.93	120519703	-78347774	-33962536	-290726.7	266542.7	80094.5
2033-02-13 13:19:49	6069.19	3287.2	-598.15	120529564	-78335294	-33957126	-291113.5	266181	79958
2033-02-13 13:29:06	3086	6179.5	-537.59	120539423	-78322814	-33951716	-291499.8	265818.8	79821.3
2033-02-13 13:38:23	-1007.41	6848.62	-283.12	120549281	-78310333	-33946306	-291885.5	265456	79684.5
2033-02-13 13:47:40	-4738.36	5053.82	73.49	120559137	-78297851	-33940895	-292270.6	265092.8	79547.5
2033-02-13 13:56:57	-6764.6	1440.81	403.58	120568992	-78285367	-33935484	-292655.2	264729	79410.4
2033-02-13 14:06:15	-6357.16	-2690.59	588.09	120578845	-78272883	-33930072	-293039.3	264364.8	79273.1
2033-02-13 14:15:32	-3662.64	-5854.02	560.47	120588697	-78260398	-33924660	-293422.8	264000	79135.7
2033-02-13 14:24:49	349.55	-6911.37	330.67	120598547	-78247911	-33919248	-293805.7	263634.7	78998.1
2033-02-13 14:34:06	4235.96	-5482.23	-18.41	120608395	-78235424	-33913835	-294188.1	263269	78860.4
2033-02-13 14:43:23	6598.4	-2080.75	-360.85	120618242	-78222936	-33908421	-294569.9	262902.7	78722.5
2033-02-13 14:52:41	6586.95	2069.34	-573.12	120628088	-78210446	-33903007	-294951.2	262536	78584.4
2033-02-13 15:01:58	4205.75	5474.98	-578.65	120637932	-78197956	-33897593	-295331.9	262168.7	78446.3
2033-02-13 15:11:15	311.49	6910.9	-375.45	120647774	-78185465	-33892178	-295712.1	261800.9	78307.9
2033-02-13 15:20:32	-3694.81	5860.51	-36.81	120657615	-78172973	-33886763	-296091.7	261432.7	78169.5
2033-02-13 15:29:49	-6371.83	2701.68	315.1	120667454	-78160479	-33881348	-296470.7	261063.9	78030.8
2033-02-13 15:39:06	-6756.47	-1429.15	553.35	120677292	-78147985	-33875932	-296849.2	260694.7	77892.1
2033-02-13 15:48:24	-4710.37	-5045.84	592	120687128	-78135490	-33870515	-297227.1	260324.9	77753.2
2033-02-13 15:57:41	-969.66	-6847.22	417.09	120696963	-78122994	-33865098	-297604.5	259954.7	77614.1
2033-02-13 16:06:58	3119.88	-6185.18	91.73	120706796	-78110496	-33859681	-297981.3	259583.9	77474.9
2033-02-13 16:16:15	6086.97	-3297.91	-266.72	120716628	-78097998	-33854263	-298357.5	259212.7	77335.5
2033-02-13 16:25:32	6864.17	775.87	-528.96	120726458	-78085499	-33848845	-298733.2	258841	77196
2033-02-13 16:34:49	5171.88	4570.54	-600.39	120736286	-78072999	-33843426	-299108.3	258468.8	77056.4
2033-02-13 16:44:07	1618.94	6720.89	-455.24	120746113	-78060498	-33838007	-299482.8	258096.1	76916.6
2033-02-13 16:53:24	-2516.42	6453.29	-145.88	120755939	-78047995	-33832588	-299856.8	257722.9	76776.7
2033-02-13 17:02:41	-5746.43	3863.99	216.1	120765763	-78035492	-33827168	-300230.2	257349.2	76636.6
2033-02-13 17:11:58	-6909.06	-115.47	500.13	120775585	-78022988	-33821748	-300603	256975	76496.4
2033-02-13 17:21:15	-5586.05	-4053.41	603.75	120785406	-78010483	-33816327	-300975.3	256600.4	76356
2033-02-13 17:30:33	-2253.38	-6533.08	489.58	120795225	-77997977	-33810906	-301347	256225.2	76215.5
2033-02-13 17:39:50	1889.95	-6662.37	198.81	120805043	-77985470	-33805484	-301718.1	255849.6	76074.8
2033-02-13 17:49:07	5353.32	-4394.74	-163.68	120814859	-77972961	-33800062	-302088.7	255473.5	75934
2033-02-13 17:58:24	6890.74	-546.01	-467.13	120824674	-77960452	-33794640	-302458.7	255096.9	75793.1
2033-02-13 18:07:41	5949.1	3499.18	-602.07	120834487	-77947942	-33789217	-302828.1	254719.8	75652
2033-02-13 18:16:58	2867.2	6285.5	-519.83	120844299	-77935431	-33783793	-303196.9	254342.2	75510.8
2033-02-13 18:26:16	-1246.21	6810.51	-250.08	120854109	-77922919	-33778370	-303565.2	253964.2	75369.4
2033-02-13 18:35:33	-4911.24	4885.3	109.89	120863918	-77910406	-33772945	-303932.9	253585.6	75227.9
2033-02-13 18:44:50	-6809.37	1202.51	430.21	120873725	-77897892	-33767521	-304300	253206.6	75086.3
2033-02-13 18:54:07	-6257.71	-2912.94	595.35	120883530	-77885377	-33762096	-304666.6	252827.1	74944.5
2033-02-13 19:03:24	-3454.76	-5980.42	545.73	120893334	-77872861	-33756670	-305032.6	252447.2	74802.5
2033-02-13 19:12:42	591.08	-6896.35	299.25	120903137	-77860344	-33751244	-305398	252066.7	74660.5
2033-02-13 19:21:59	4424.24	-5331.19	-55.17	120912938	-77847826	-33745818	-305762.8	251685.8	74518.2
2033-02-13 19:31:16	6665.7	-1848.03	-389.7	120922737	-77835307	-33740391	-306127.1	251304.4	74375.9
2033-02-13 19:40:33	6509.06	2300.02	-583.64	120932535	-77822787	-33734964	-306490.7	250922.5	74233.4
2033-02-13 19:49:50	4010.69	5620.62	-567.06	120942331	-77810266	-33729536	-306853.8	250540.1	74090.8
2033-02-13 19:59:07	69.44	6919.11	-345.92	120952126	-77797744	-33724108	-307216.4	250157.3	73948
2033-02-13 20:08:25	-3896.78	5728.32	0	120961919	-77785221	-33718680	-307578.3	249774	73805.1
2033-02-13 20:17:42	-6461.04	2476.66	345.92	120971711	-77772697	-33713251	-307939.7	249390.2	73662
2033-02-13 20:26:59	-6700.84	-1666.06	567.06	120981501	-77760172	-33707822	-308300.4	249006	73518.8
2033-02-13 20:36:16	-4529.91	-5209.4	583.64	120991289	-77747646	-33702392	-308660.6	248621.3	73375.5
2033-02-13 20:45:33	-729.3	-6878.58	389.7	121001076	-77735119	-33696962	-309020.3	248236.1	73232
2033-02-13 20:54:51	3333.67	-6073.07	55.17	121010862	-77722591	-33691531	-309379.3	247850.4	73088.4
2033-02-13 21:04:08	6197.28	-3082.65	-299.25	121020646	-77710062	-33686100	-309737.7	247464.3	72944.7
2033-02-13 21:13:25	6831.31	1016.83	-545.73	121030428	-77697532	-33680668	-310095.6	247077.7	72800.8
2033-02-13 21:22:42	5007.68	4750.51	-595.35	121040209	-77685001	-33675236	-310452.9	246690.6	72656.8
2033-02-13 21:31:59	1382.47	6775.12	-430.21	121049988	-77672469	-33669804	-310809.6	246303.1	72512.7
2033-02-13 21:41:16	-2740.08	6362.27	-109.89	121059766	-77659936	-33664371	-311165.7	245915.1	72368.4
2033-02-13 21:50:34	-5876.82	3660.46	250.08	121069542	-77647403	-33658938	-311521.2	245526.6	72224
2033-02-13 21:59:51	-6899.27	-358.28	519.83	121079317	-77634868	-33653504	-311876.2	245137.7	72079.4
2033-02-13 22:09:08	-5439.61	-4248.15	602.07	121089090	-77622332	-33648070	-312230.5	244748.3	71934.7
2033-02-13 22:18:25	-2022.97	-6609.69	467.13	121098862	-77609795	-33642636	-312584.3	244358.4	71789.9
2033-02-13 22:27:42	2121.44	-6593.28	163.68	121108632	-77597257	-33637201	-312937.4	243968.1	71644.9
2033-02-13 22:36:59	5502.6	-4204.81	-198.81	121118401	-77584719	-33631766	-313290	243577.4	71499.8
2033-02-13 22:46:17	6904.11	-303.56	-489.58	121128168	-77572179	-33626330	-313642	243186.1	71354.6
2033-02-13 22:55:34	5821.75	3706.92	-603.75	121137933	-77559638	-33620894	-313993.4	242794.4	71209.2
2033-02-13 23:04:51	2644.95	6383.78	-500.13	121147697	-77547096	-33615457	-314344.2	242402.3	71063.7
2033-02-13 23:14:08	-1483.4	6763.98	-216.1	121157459	-77534554	-33610020	-314694.5	242009.6	70918.1
2033-02-13 23:23:25	-5078.05	4710.7	145.88	121167220	-77522010	-33604582	-315044.1	241616.6	70772.3
2033-02-13 23:32:43	-6845.77	962.65	455.24	121176980	-77509465	-33599144	-315393.1	241223	70626.4
2033-02-13 23:42:00	-6150.62	-3131.76	600.39	121186737	-77496920	-33593706	-315741.6	240829.1	70480.4
2033-02-13 23:51:17	-3242.7	-6099.48	528.96	121196493	-77484373	-33588267	-316089.4	240434.6	70334.3
2033-02-14 00:00:34	831.81	-6872.81	266.72	121206248	-77471825	-33582828	-316436.6	240039.7	70188
2033-02-14 00:09:51	4607.04	-5173.52	-91.73	121216001	-77459277	-33577388	-316783.3	239644.4	70041.5
2033-02-14 00:19:08	6724.81	-1612.94	-417.09	121225753	-77446727	-33571948	-317129.4	239248.6	69895
2033-02-14 00:28:26	6423.21	2527.94	-592	121235503	-77434176	-33566508	-317474.8	238852.3	69748.3
2033-02-14 00:37:43	3810.78	5759.37	-553.35	121245251	-77421625	-33561067	-317819.7	238455.6	69601.5
2033-02-14 00:47:00	-172.63	6918.78	-315.1	121254998	-77409072	-33555626	-318164	238058.5	69454.6
2033-02-14 00:56:17	-4093.9	5589.03	36.81	121264744	-77396519	-33550184	-318507.6	237660.9	69307.5
2033-02-14 01:05:34	-6542.31	2248.51	375.45	121274488	-77383964	-33544742	-318850.7	237262.8	69160.3
2033-02-14 01:14:52	-6637.02	-1900.98	578.65	121284230	-77371409	-33539299	-319193.2	236864.3	69012.9
2033-02-14 01:24:09	-4343.96	-5366.57	573.12	121293971	-77358852	-33533856	-319535	236465.4	68865.5
2033-02-14 01:33:26	-488.12	-6901.46	360.85	121303710	-77346295	-33528413	-319876.3	236066	68717.9
2033-02-14 01:42:43	3543.31	-5953.42	18.41	121313448	-77333736	-33522969	-320217	235666.2	68570.2
2033-02-14 01:52:00	6299.96	-2863.52	-330.67	121323184	-77321177	-33517524	-320557	235265.9	68422.3
2033-02-14 02:01:17	6790.09	1256.61	-560.47	121332919	-77308616	-33512080	-320896.5	234865.2	68274.3
2033-02-14 02:10:35	4837.39	4924.67	-588.09	121342652	-77296055	-33506634	-321235.3	234464	68126.2
2033-02-14 02:19:52	1144.38	6821	-403.58	121352383	-77283492	-33501189	-321573.6	234062.4	67978
2033-02-14 02:29:09	-2960.32	6263.36	-73.49	121362113	-77270929	-33495743	-321911.2	233660.4	67829.6
2033-02-14 02:38:26	-5999.97	3452.35	283.12	121371842	-77258365	-33490296	-322248.3	233257.9	67681.2
2033-02-14 02:47:43	-6881.04	-600.73	537.59	121381569	-77245799	-33484849	-322584.7	232855	67532.5
2033-02-14 02:57:01	-5286.55	-4437.71	598.15	121391294	-77233233	-33479402	-322920.5	232451.6	67383.8
2033-02-14 03:06:18	-1790.15	-6678.15	442.93	121401018	-77220666	-33473954	-323255.8	232047.8	67234.9
2033-02-14 03:15:35	2350.25	-6516.02	127.94	121410740	-77208097	-33468506	-323590.4	231643.5	67086
2033-02-14 03:24:52	5645.1	-4009.62	-233.2	121420461	-77195528	-33463057	-323924.4	231238.9	66936.8
2033-02-14 03:34:09	6909.02	-60.67	-510.22	121430180	-77182958	-33457608	-324257.8	230833.8	66787.6
2033-02-14 03:43:26	5687.32	3910.14	-603.19	121439898	-77170387	-33452159	-324590.6	230428.2	66638.2
2033-02-14 03:52:44	2419.53	6474.21	-478.58	121449614	-77157814	-33446709	-324922.7	230022.2	66488.8
2033-02-14 04:02:01	-1718.7	6709.08	-181.33	121459328	-77145241	-33441259	-325254.3	229615.8	66339.1
2033-02-14 04:11:18	-5238.58	4530.23	181.33	121469041	-77132667	-33435808	-325585.3	229209	66189.4
2033-02-14 04:20:35	-6873.79	721.52	478.58	121478753	-77120092	-33430357	-325915.6	228801.7	66039.6
2033-02-14 04:29:52	-6036.04	-3346.78	603.19	121488463	-77107516	-33424905	-326245.3	228394	65889.6
2033-02-14 04:39:09	-3026.75	-6211.04	510.22	121498171	-77094939	-33419453	-326574.4	227985.8	65739.5
2033-02-14 04:48:27	1071.44	-6840.77	233.2	121507878	-77082360	-33414001	-326903	227577.3	65589.2
2033-02-14 04:57:44	4784.14	-5009.41	-127.94	121517583	-77069781	-33408548	-327230.8	227168.3	65438.9
2033-02-14 05:07:01	6775.66	-1375.8	-442.93	121527287	-77057201	-33403095	-327558.1	226758.9	65288.4
2033-02-14 05:16:18	6329.52	2752.8	-598.15	121536989	-77044620	-33397641	-327884.8	226349	65137.8
2033-02-14 05:25:35	3606.25	5891.05	-537.59	121546690	-77032038	-33392187	-328210.8	225938.7	64987.1
2033-02-14 05:34:53	-414.4	6909.9	-283.12	121556389	-77019455	-33386732	-328536.3	225528	64836.3
2033-02-14 05:44:10	-4285.95	5442.78	73.49	121566086	-77006871	-33381277	-328861.1	225116.9	64685.3
2033-02-14 05:53:27	-6615.54	2017.51	403.58	121575782	-76994286	-33375822	-329185.3	224705.4	64534.2
2033-02-14 06:02:44	-6565.09	-2133.62	588.09	121585477	-76981700	-33370366	-329508.8	224293.4	64383.1
2033-02-14 06:12:01	-4152.75	-5517.16	560.47	121595170	-76969113	-33364910	-329831.8	223881	64231.7
2033-02-14 06:21:18	-246.42	-6915.82	330.67	121604861	-76956526	-33359453	-330154.1	223468.2	64080.3
2033-02-14 06:30:36	3748.54	-5826.38	-18.41	121614551	-76943937	-33353996	-330475.9	223055	63928.7
2033-02-14 06:39:53	6394.89	-2640.78	-360.85	121624239	-76931347	-33348539	-330796.9	222641.3	63777.1
2033-02-14 06:49:10	6740.57	1494.91	-573.12	121633926	-76918756	-33343081	-331117.4	222227.2	63625.3
2033-02-14 06:58:27	4661.24	5092.8	-578.65	121643611	-76906164	-33337622	-331437.3	221812.8	63473.4
2033-02-14 07:07:44	904.97	6858.47	-375.45	121653295	-76893571	-33332163	-331756.5	221397.9	63321.3
2033-02-14 07:17:02	-3176.86	6156.69	-36.81	121662977	-76880978	-33326704	-332075.1	220982.5	63169.2
2033-02-14 07:26:19	-6115.74	3239.91	315.1	121672657	-76868383	-33321245	-332393.1	220566.8	63016.9
2033-02-14 07:35:36	-6854.38	-842.51	553.35	121682336	-76855787	-33315784	-332710.5	220150.7	62864.5
2033-02-14 07:44:53	-5127.06	-4621.84	592	121692014	-76843191	-33310324	-333027.2	219734.1	62712
2033-02-14 07:54:10	-1555.21	-6738.39	417.09	121701690	-76830593	-33304863	-333343.3	219317.1	62559.4
2033-02-14 08:03:27	2576.12	-6430.69	91.73	121711364	-76817994	-33299402	-333658.8	218899.7	62406.7
2033-02-14 08:12:45	5780.64	-3809.42	-266.72	121721037	-76805395	-33293940	-333973.7	218481.9	62253.9
2033-02-14 08:22:02	6905.47	182.38	-528.96	121730708	-76792794	-33288478	-334287.9	218063.7	62100.9
2033-02-14 08:31:19	5545.96	4108.59	-600.39	121740378	-76780192	-33283015	-334601.5	217645.1	61947.8
2033-02-14 08:40:36	2191.21	6556.67	-455.24	121750046	-76767590	-33277552	-334914.5	217226.1	61794.6
2033-02-14 08:49:53	-1951.83	6645.87	-145.88	121759713	-76754986	-33272089	-335226.9	216806.7	61641.3
2033-02-14 08:59:10	-5392.65	4344.1	216.1	121769378	-76742382	-33266625	-335538.6	216386.8	61487.9
2033-02-14 09:08:28	-6893.37	479.43	500.13	121779041	-76729776	-33261160	-335849.7	215966.6	61334.4
2033-02-14 09:17:45	-5914.1	-3557.74	603.75	121788703	-76717170	-33255696	-336160.2	215545.9	61180.7
2033-02-14 09:27:02	-2807.15	-6314.97	489.58	121798364	-76704562	-33250230	-336470	215124.9	61026.9
2033-02-14 09:36:19	1309.69	-6800.28	198.81	121808022	-76691954	-33244765	-336779.2	214703.4	60873.1
2033-02-14 09:45:36	4955.33	-4839.05	-163.68	121817680	-76679345	-33239299	-337087.8	214281.6	60719.1
2033-02-14 09:54:54	6818.2	-1136.88	-467.13	121827336	-76666734	-33233832	-337395.7	213859.3	60565
2033-02-14 10:04:11	6228.12	2974.33	-602.07	121836990	-76654123	-33228366	-337703	213436.6	60410.8
2033-02-14 10:13:28	3397.38	6015.49	-519.83	121846642	-76641511	-33222898	-338009.7	213013.6	60256.4
2033-02-14 10:22:45	-655.59	6892.48	-250.08	121856294	-76628897	-33217431	-338315.7	212590.1	60102
2033-02-14 10:32:02	-4472.69	5289.76	109.89	121865943	-76616283	-33211962	-338621.2	212166.3	59947.4
2033-02-14 10:41:19	-6680.65	1783.94	430.21	121875591	-76603668	-33206494	-338925.9	211742	59792.8
2033-02-14 10:50:37	-6485.14	-2363.7	595.35	121885238	-76591052	-33201025	-339230.1	211317.4	59638
2033-02-14 10:59:54	-3956.51	-5660.99	545.73	121894883	-76578435	-33195555	-339533.6	210892.3	59483.1
2033-02-14 11:09:11	-4.49	-6921.63	299.25	121904526	-76565816	-33190086	-339836.4	210466.9	59328.1
2033-02-14 11:18:28	3949.13	-5692.09	-55.17	121914168	-76553197	-33184615	-340138.7	210041	59173
2033-02-14 11:27:45	6481.97	-2414.7	-389.7	121923808	-76540577	-33179145	-340440.3	209614.8	59017.8
2033-02-14 11:37:03	6682.82	1731.44	-583.64	121933447	-76527956	-33173674	-340741.2	209188.2	58862.5
2033-02-14 11:46:20	4479.43	5254.69	-567.06	121943084	-76515334	-33168202	-341041.5	208761.2	58707.1
2033-02-14 11:55:37	664.51	6887.48	-345.92	121952720	-76502711	-33162730	-341341.2	208333.8	58551.5
2033-02-14 12:04:54	-3389.45	6042.37	0	121962354	-76490087	-33157258	-341640.2	207906	58395.9
2033-02-14 12:14:11	-6223.98	3023.4	345.92	121971986	-76477462	-33151785	-341938.6	207477.8	58240.1
2033-02-14 12:23:28	-6819.34	-1083.32	567.06	121981617	-76464836	-33146312	-342236.4	207049.2	58084.3
2033-02-14 12:32:46	-4961.34	-4800.31	583.64	121991247	-76452209	-33140838	-342533.5	206620.2	57928.3
2033-02-14 12:42:03	-1318.44	-6790.32	389.7	122000874	-76439581	-33135364	-342830	206190.9	57772.2
2033-02-14 12:51:20	2798.77	-6337.38	55.17	122010501	-76426953	-33129890	-343125.8	205761.2	57616
2033-02-14 13:00:37	5909.06	-3604.45	-299.25	122020125	-76414323	-33124415	-343421	205331.1	57459.8
2033-02-14 13:09:54	6893.47	425.27	-545.73	122029749	-76401692	-33118939	-343715.6	204900.6	57303.4
2033-02-14 13:19:12	5397.85	4302.02	-595.35	122039370	-76389060	-33113464	-344009.5	204469.7	57146.9
2033-02-14 13:28:29	1960.29	6631.05	-430.21	122048990	-76376427	-33107988	-344302.7	204038.4	56990.3
2033-02-14 13:37:46	-2182.5	6574.44	-109.89	122058609	-76363794	-33102511	-344595.3	203606.8	56833.5
2033-02-14 13:47:03	-5540.07	4152.54	250.08	122068226	-76351159	-33097034	-344887.3	203174.7	56676.7
2033-02-14 13:56:20	-6904.52	236.68	519.83	122077842	-76338523	-33091557	-345178.6	202742.3	56519.8
2033-02-14 14:05:37	-5784.95	-3764.36	602.07	122087455	-76325887	-33086079	-345469.3	202309.5	56362.8
2033-02-14 14:14:55	-2584.18	-6411.11	467.13	122097068	-76313249	-33080600	-345759.4	201876.4	56205.6
2033-02-14 14:24:12	1546.27	-6751.36	163.68	122106679	-76300611	-33075122	-346048.7	201442.8	56048.4
2033-02-14 14:33:29	5120.41	-4662.67	-198.81	122116288	-76287971	-33069643	-346337.5	201008.9	55891.1
2033-02-14 14:42:46	6852.39	-896.48	-489.58	122125896	-76275331	-33064163	-346625.6	200574.6	55733.6
2033-02-14 14:52:03	6119.12	3192.25	-603.75	122135502	-76262689	-33058683	-346913	200139.9	55576.1
2033-02-14 15:01:20	3184.41	6132.53	-500.13	122145106	-76250047	-33053203	-347199.8	199704.9	55418.4
2033-02-14 15:10:38	-895.91	6866.53	-216.1	122154709	-76237403	-33047722	-347485.9	199269.5	55260.7
2033-02-14 15:19:55	-4653.9	5130.16	145.88	122164311	-76224759	-33042241	-347771.4	198833.7	55102.8
2033-02-14 15:29:12	-6737.56	1548.1	455.24	122173911	-76212114	-33036759	-348056.3	198397.5	54944.9
2033-02-14 15:38:29	-6397.28	-2590.93	600.39	122183509	-76199467	-33031277	-348340.5	197961	54786.8
2033-02-14 15:47:46	-3755.49	-5797.85	528.96	122193106	-76186820	-33025795	-348624	197524.1	54628.7
2033-02-14 15:57:04	237.37	-6918.89	266.72	122202701	-76174172	-33020312	-348906.9	197086.9	54470.4
2033-02-14 16:06:21	4144.82	-5550.73	-91.73	122212295	-76161522	-33014828	-349189.1	196649.2	54312.1
2033-02-14 16:15:38	6561.09	-2185.58	-417.09	122221887	-76148872	-33009345	-349470.7	196211.2	54153.6
2033-02-14 16:24:55	6616.9	1965.9	-592	122231478	-76136221	-33003861	-349751.6	195772.9	53995
2033-02-14 16:34:12	4292.19	5410.12	-553.35	122241067	-76123569	-32998376	-350031.9	195334.1	53836.4
2033-02-14 16:43:29	423.32	6907.97	-315.1	122250654	-76110916	-32992891	-350311.5	194895	53677.6
2033-02-14 16:52:47	-3597.82	5920.55	36.81	122260240	-76098262	-32987406	-350590.5	194455.6	53518.8
2033-02-14 17:02:04	-6324.58	2803.08	375.45	122269825	-76085607	-32981920	-350868.8	194015.7	53359.8
2033-02-14 17:11:21	-6775.97	-1322.86	578.65	122279407	-76072951	-32976433	-351146.5	193575.6	53200.8
2033-02-14 17:20:38	-4789.61	-4972.9	573.12	122288989	-76060294	-32970947	-351423.4	193135	53041.6
2033-02-14 17:29:55	-1080.13	-6833.86	360.85	122298568	-76047636	-32965460	-351699.8	192694.1	52882.4
2033-02-14 17:39:13	3017.92	-6236.21	18.41	122308147	-76034977	-32959972	-351975.5	192252.8	52723
2033-02-14 17:48:30	6030.21	-3394.96	-330.67	122317723	-76022317	-32954484	-352250.5	191811.2	52563.6
2033-02-14 17:57:47	6873.03	667.71	-560.47	122327298	-76009656	-32948996	-352524.9	191369.2	52404.1
2033-02-14 18:07:04	5243.18	4490.18	-588.09	122336872	-75996994	-32943507	-352798.6	190926.9	52244.4
2033-02-14 18:16:21	1727.03	6697.24	-403.58	122346444	-75984332	-32938018	-353071.6	190484.2	52084.7
2033-02-14 18:25:38	-2410.42	6494.85	-73.49	122356014	-75971668	-32932528	-353344	190041.2	51924.9
2033-02-14 18:34:56	-5680.68	3955.8	283.12	122365583	-75959003	-32927038	-353615.7	189597.8	51764.9
2033-02-14 18:44:13	-6907.21	-6.44	537.59	122375150	-75946338	-32921548	-353886.8	189154	51604.9
2033-02-14 18:53:30	-5648.77	-3966.38	598.15	122384716	-75933671	-32916057	-354157.2	188709.9	51444.8
2033-02-14 19:02:47	-2358.12	-6499.36	442.93	122394280	-75921003	-32910566	-354426.9	188265.4	51284.6
2033-02-14 19:12:04	1780.88	-6694.08	127.94	122403843	-75908335	-32905074	-354696	187820.6	51124.3
2033-02-14 19:21:22	5279.17	-4480.47	-233.2	122413404	-75895665	-32899582	-354964.4	187375.5	50963.9
2033-02-14 19:30:39	6878.18	-654.91	-510.22	122422964	-75882995	-32894089	-355232.2	186930	50803.4
2033-02-14 19:39:56	6002.66	3406.28	-603.19	122432522	-75870323	-32888596	-355499.3	186484.1	50642.9
2033-02-14 19:49:13	2967.61	6242.02	-478.58	122442078	-75857651	-32883103	-355765.7	186037.9	50482.2
2033-02-14 19:58:30	-1135.06	6832.08	-181.33	122451633	-75844977	-32877609	-356031.5	185591.4	50321.4
2033-02-14 20:07:47	-4829.36	4964.17	181.33	122461186	-75832303	-32872115	-356296.6	185144.5	50160.6
2033-02-14 20:17:05	-6786.21	1310.28	478.58	122470738	-75819628	-32866620	-356561	184697.2	49999.6
2033-02-14 20:26:22	-6301.62	-2815.02	603.19	122480288	-75806951	-32861125	-356824.8	184249.7	49838.6
2033-02-14 20:35:39	-3549.93	-5927.58	510.22	122489837	-75794274	-32855630	-357087.9	183801.7	49677.4
2033-02-14 20:44:56	478.87	-6907.59	233.2	122499384	-75781596	-32850134	-357350.3	183353.5	49516.2
2033-02-14 20:54:13	4335.38	-5402.47	-127.94	122508929	-75768917	-32844637	-357612.1	182904.9	49354.9
2033-02-14 21:03:30	6632.15	-1953.69	-442.93	122518473	-75756237	-32839141	-357873.2	182455.9	49193.5
2033-02-14 21:12:48	6542.91	2197.99	-598.15	122528016	-75743556	-32833643	-358133.6	182006.6	49032
2033-02-14 21:22:05	4099.76	5558.91	-537.59	122537556	-75730873	-32828146	-358393.3	181557	48870.4
2033-02-14 21:31:22	181.68	6919.93	-283.12	122547096	-75718190	-32822648	-358652.4	181107.1	48708.7
2033-02-14 21:40:39	-3801.74	5791.37	73.49	122556633	-75705506	-32817149	-358910.9	180656.8	48547
2033-02-14 21:49:56	-6417.41	2579.24	403.58	122566170	-75692821	-32811651	-359168.6	180206.1	48385.1
2033-02-14 21:59:14	-6724.32	-1560.84	588.09	122575704	-75680136	-32806151	-359425.7	179755.2	48223.2
2033-02-14 22:08:31	-4612.06	-5139.39	560.47	122585237	-75667449	-32800652	-359682.1	179303.9	48061.1
2033-02-14 22:17:48	-840.56	-6868.97	330.67	122594769	-75654761	-32795152	-359937.8	178852.2	47899
2033-02-14 22:27:05	3233.33	-6127.3	-18.41	122604299	-75642072	-32789651	-360192.9	178400.3	47736.8
2033-02-14 22:36:22	6143.96	-3181.21	-360.85	122613827	-75629382	-32784150	-360447.3	177948	47574.5
2033-02-14 22:45:39	6844.2	909.39	-573.12	122623354	-75616691	-32778649	-360701	177495.3	47412.2
2033-02-14 22:54:57	5082.15	4672.85	-578.65	122632879	-75604000	-32773147	-360954.1	177042.4	47249.7
2033-02-14 23:04:14	1491.73	6755.17	-375.45	122642403	-75591307	-32767645	-361206.5	176589.1	47087.1
2033-02-14 23:13:31	-2635.34	6407.2	-36.81	122651925	-75578613	-32762142	-361458.2	176135.5	46924.5
2033-02-14 23:22:48	-5814.29	3754.1	315.1	122661446	-75565919	-32756639	-361709.2	175681.5	46761.8
2033-02-14 23:32:05	-6901.45	-249.62	553.35	122670965	-75553223	-32751136	-361959.5	175227.3	46599
2033-02-14 23:41:23	-5505.72	-4163.55	592	122680482	-75540527	-32745632	-362209.2	174772.7	46436.1
2033-02-14 23:50:40	-2129.23	-6579.59	417.09	122689998	-75527829	-32740128	-362458.2	174317.8	46273.1
2033-02-14 23:59:57	2013.26	-6628.5	91.73	122699512	-75515131	-32734623	-362706.5	173862.5	46110
2033-02-15 00:09:14	5431.43	-4292.67	-266.72	122709025	-75502432	-32729118	-362954.2	173406.9	45946.9
2033-02-15 00:18:31	6895.55	-412.46	-528.96	122718536	-75489731	-32723613	-363201.2	172951.1	45783.6
2033-02-15 00:27:48	5878.9	3616.16	-600.39	122728046	-75477030	-32718107	-363447.5	172494.9	45620.3
2033-02-15 00:37:06	2747.24	6343.82	-455.24	122737554	-75464328	-32712600	-363693.1	172038.3	45456.9
2033-02-15 00:46:23	-1372.76	6789.17	-145.88	122747061	-75451624	-32707093	-363938	171581.5	45293.4
2033-02-15 00:55:40	-4998.88	4791.98	216.1	122756566	-75438920	-32701586	-364182.3	171124.3	45129.9
2033-02-15 01:04:57	-6826.56	1070.78	500.13	122766069	-75426215	-32696079	-364425.8	170666.9	44966.2
2033-02-15 01:14:14	-6198.28	-3035.68	603.75	122775571	-75413509	-32690571	-364668.7	170209.1	44802.5
2033-02-15 01:23:32	-3340.09	-6050.01	489.58	122785071	-75400802	-32685062	-364911	169750.9	44638.7
2033-02-15 01:32:49	719.73	-6887.75	198.81	122794570	-75388094	-32679553	-365152.5	169292.5	44474.8
2033-02-15 01:42:06	4520.59	-5247.48	-163.68	122804067	-75375385	-32674044	-365393.4	168833.8	44310.8
2033-02-15 01:51:23	6695.1	-1719.32	-467.13	122813563	-75362675	-32668534	-365633.5	168374.7	44146.8
2033-02-15 02:00:40	6460.94	2427.42	-602.07	122823057	-75349964	-32663024	-365873	167915.4	43982.6
2033-02-15 02:09:57	3902.37	5700.86	-519.83	122832549	-75337252	-32657514	-366111.9	167455.7	43818.4
2033-02-15 02:19:15	-60.12	6923.32	-250.08	122842040	-75324539	-32652003	-366350	166995.7	43654.1
2033-02-15 02:28:32	-4000.95	5654.98	109.89	122851530	-75311826	-32646492	-366587.4	166535.4	43489.7
2033-02-15 02:37:49	-6502.38	2352.15	430.21	122861018	-75299111	-32640980	-366824.2	166074.8	43325.3
2033-02-15 02:47:06	-6664.47	-1796.94	595.35	122870504	-75286395	-32635468	-367060.3	165613.9	43160.8
2033-02-15 02:56:23	-4428.93	-5299.56	545.73	122879989	-75273679	-32629955	-367295.7	165152.7	42996.1
2033-02-15 03:05:40	-600.03	-6895.58	299.25	122889472	-75260961	-32624442	-367530.4	164691.2	42831.5
2033-02-15 03:14:58	3444.72	-6010.78	-55.17	122898953	-75248242	-32618929	-367764.4	164229.3	42666.7
2033-02-15 03:24:15	6250.16	-2963.47	-389.7	122908433	-75235523	-32613415	-367997.8	163767.2	42501.8
2033-02-15 03:33:32	6807.01	1150.01	-583.64	122917912	-75222802	-32607901	-368230.4	163304.8	42336.9
2033-02-15 03:42:49	4914.94	4849.78	-567.06	122927389	-75210081	-32602386	-368462.4	162842	42171.9
2033-02-15 03:52:06	1254.67	6804.76	-345.92	122936864	-75197358	-32596871	-368693.7	162379	42006.9
2033-02-15 04:01:24	-2856.98	6311.6	0	122946338	-75184635	-32591355	-368924.3	161915.7	41841.7
2033-02-15 04:10:41	-5940.76	3547.71	345.92	122955810	-75171911	-32585839	-369154.2	161452	41676.5
2033-02-15 04:19:58	-6887.26	-492.55	567.06	122965281	-75159186	-32580323	-369383.4	160988.1	41511.2
2033-02-15 04:29:15	-5355.97	-4355.62	583.64	122974750	-75146459	-32574806	-369611.9	160523.9	41345.8
2033-02-15 04:38:32	-1897.81	-6651.69	389.7	122984217	-75133732	-32569289	-369839.8	160059.3	41180.3
2033-02-15 04:47:49	2243.1	-6554.69	55.17	122993683	-75121004	-32563772	-370066.9	159594.5	41014.8
2033-02-15 04:57:07	5577.01	-4099.51	-299.25	123003148	-75108275	-32558254	-370293.4	159129.4	40849.2
2033-02-15 05:06:24	6904.49	-169.43	-545.73	123012611	-75095545	-32552735	-370519.2	158664	40683.5
2033-02-15 05:15:41	5747.99	3821.62	-595.35	123022072	-75082814	-32547216	-370744.3	158198.3	40517.8
2033-02-15 05:24:58	2523.57	6437.79	-430.21	123031532	-75070082	-32541697	-370968.7	157732.3	40352
2033-02-15 05:34:15	-1608.72	6737.84	-109.89	123040990	-75057349	-32536177	-371192.4	157266	40186.1
2033-02-15 05:43:33	-5162.23	4613.82	250.08	123050446	-75044615	-32530657	-371415.4	156799.4	40020.1
2033-02-15 05:52:50	-6858.55	829.88	519.83	123059901	-75031880	-32525137	-371637.7	156332.5	39854
2033-02-15 06:02:07	-6087.39	-3252.65	602.07	123069355	-75019145	-32519616	-371859.3	155865.4	39687.9
2033-02-15 06:11:24	-3126.23	-6164.99	467.13	123078807	-75006408	-32514095	-372080.3	155397.9	39521.7
2033-02-15 06:20:41	959.63	-6859.36	163.68	123088257	-74993670	-32508573	-372300.5	154930.2	39355.5
2033-02-15 06:29:58	4700.23	-5085.95	-198.81	123097706	-74980931	-32503051	-372520.1	154462.2	39189.2
2033-02-15 06:39:16	6749.84	-1482.75	-489.58	123107153	-74968192	-32497528	-372738.9	153993.9	39022.8
2033-02-15 06:48:33	6371.09	2653.91	-603.75	123116599	-74955451	-32492005	-372957.1	153525.3	38856.3
2033-02-15 06:57:50	3700.26	5835.79	-500.13	123126043	-74942710	-32486482	-373174.5	153056.4	38689.7
2033-02-15 07:07:07	-301.78	6918.15	-216.1	123135485	-74929967	-32480958	-373391.3	152587.3	38523.1
2033-02-15 07:16:24	-4195.23	5511.57	145.88	123144926	-74917224	-32475434	-373607.4	152117.8	38356.5
2033-02-15 07:25:42	-6579.37	2122.08	455.24	123154366	-74904480	-32469909	-373822.8	151648.1	38189.7
2033-02-15 07:34:59	-6596.48	-2030.89	600.39	123163803	-74891734	-32464384	-374037.5	151178.1	38022.9
2033-02-15 07:44:16	-4240.43	-5453.22	528.96	123173240	-74878988	-32458859	-374251.5	150707.8	37856
2033-02-15 07:53:33	-358.83	-6913.66	266.72	123182674	-74866241	-32453333	-374464.7	150237.3	37689
2033-02-15 08:02:50	3651.85	-5886.78	-91.73	123192108	-74853493	-32447807	-374677.3	149766.5	37522
2033-02-15 08:12:07	6348.7	-2742.01	-417.09	123201539	-74840744	-32442280	-374889.2	149295.4	37354.9
2033-02-15 08:21:25	6761.51	1389.27	-592	123210969	-74827993	-32436753	-375100.4	148824	37187.8
2033-02-15 08:30:42	4741.78	5020.75	-553.35	123220398	-74815242	-32431225	-375310.9	148352.3	37020.5
2033-02-15 08:39:59	1016.13	6845.93	-315.1	123229824	-74802490	-32425697	-375520.8	147880.4	36853.2
2033-02-15 08:49:16	-3075.06	6208.16	36.81	123239250	-74789737	-32420169	-375729.9	147408.2	36685.9
2033-02-15 08:58:33	-6059.94	3336.87	375.45	123248673	-74776984	-32414640	-375938.3	146935.7	36518.5
2033-02-15 09:07:50	-6864.66	-734.94	578.65	123258096	-74764229	-32409111	-376146	146463	36351
2033-02-15 09:17:08	-5199.72	-4542.35	573.12	123267516	-74751473	-32403582	-376353	145990	36183.4
2033-02-15 09:26:25	-1664.12	-6715.58	360.85	123276935	-74738716	-32398052	-376559.3	145516.7	36015.8
2033-02-15 09:35:42	2470.15	-6472.76	18.41	123286353	-74725959	-32392521	-376764.9	145043.2	35848.1
2033-02-15 09:44:59	5715.74	-3901.22	-330.67	123295769	-74713200	-32386990	-376969.8	144569.3	35680.3
2033-02-15 09:54:16	6905	73.86	-560.47	123305183	-74700440	-32381459	-377174	144095.3	35512.5
2033-02-15 10:03:34	5610.08	4022.4	-588.09	123314596	-74687680	-32375927	-377377.5	143620.9	35344.6
2033-02-15 10:12:51	2296.87	6523.81	-403.58	123324007	-74674918	-32370395	-377580.3	143146.3	35176.7
2033-02-15 10:22:08	-1842.65	6678.16	-73.49	123333417	-74662156	-32364863	-377782.4	142671.4	35008.7
2033-02-15 10:31:25	-5319.24	4429.91	283.12	123342825	-74649392	-32359330	-377983.8	142196.3	34840.6
2033-02-15 10:40:42	-6882.15	587.9	537.59	123352231	-74636628	-32353797	-378184.5	141720.9	34672.5
2033-02-15 10:49:59	-5969.1	-3465.64	598.15	123361636	-74623863	-32348263	-378384.5	141245.2	34504.3
2033-02-15 10:59:17	-2908.59	-6272.36	442.93	123371040	-74611096	-32342729	-378583.8	140769.3	34336
2033-02-15 11:08:34	1198.31	-6822.48	127.94	123380441	-74598329	-32337194	-378782.3	140293.1	34167.7
2033-02-15 11:17:51	4874.08	-4918.08	-233.2	123389842	-74585561	-32331659	-378980.2	139816.7	33999.3
2033-02-15 11:27:08	6796.32	-1244.3	-510.22	123399240	-74572792	-32326124	-379177.4	139340	33830.9
2033-02-15 11:36:25	6273.49	2877.17	-603.19	123408637	-74560022	-32320588	-379373.9	138863.1	33662.4
2033-02-15 11:45:43	3493.68	5963.53	-478.58	123418033	-74547251	-32315052	-379569.6	138385.9	33493.8
2033-02-15 11:55:00	-543.01	6904.41	-181.33	123427427	-74534479	-32309515	-379764.7	137908.4	33325.2
2033-02-15 12:04:17	-4384.32	5361.29	181.33	123436819	-74521706	-32303978	-379959	137430.7	33156.5
2033-02-15 12:13:34	-6648.31	1889.33	478.58	123446210	-74508932	-32298441	-380152.7	136952.7	32987.8
2033-02-15 12:22:51	-6520.46	-2262.37	603.19	123455599	-74496158	-32292903	-380345.6	136474.5	32819
2033-02-15 12:32:08	-4046.79	-5600.15	510.22	123464987	-74483382	-32287365	-380537.8	135996.1	32650.1
2033-02-15 12:41:26	-117.25	-6923.18	233.2	123474373	-74470605	-32281826	-380729.3	135517.3	32481.2
2033-02-15 12:50:43	3854.46	-5755.46	-127.94	123483758	-74457827	-32276287	-380920.2	135038.4	32312.2
2033-02-15 13:00:00	6439.46	-2517.09	-442.93	123493141	-74445049	-32270748	-381110.3	134559.2	32143.2
2033-02-15 13:09:17	6707.76	1626.87	-598.15	123502522	-74432269	-32265208	-381299.7	134079.7	31974.1
2033-02-15 13:18:34	4562.86	5185.55	-537.59	123511902	-74419489	-32259668	-381488.3	133600	31805
2033-02-15 13:27:51	776.41	6878.63	-283.12	123521280	-74406707	-32254127	-381676.3	133120.1	31635.8
2033-02-15 13:37:09	-3289.34	6097	73.49	123530657	-74393925	-32248586	-381863.6	132639.9	31466.5
2033-02-15 13:46:26	-6171.69	3121.84	403.58	123540032	-74381142	-32243044	-382050.1	132159.4	31297.2
2033-02-15 13:55:43	-6833.68	-976.47	588.09	123549406	-74368358	-32237502	-382236	131678.7	31127.8
2033-02-15 14:05:00	-5037.16	-4723.5	560.47	123558778	-74355572	-32231960	-382421.1	131197.8	30958.4
2033-02-15 14:14:17	-1428.46	-6771.17	330.67	123568148	-74342786	-32226417	-382605.6	130716.7	30788.9
2033-02-15 14:23:35	2694.13	-6382.78	-18.41	123577517	-74329999	-32220874	-382789.3	130235.3	30619.4
2033-02-15 14:32:52	5847.45	-3698.06	-360.85	123586885	-74317211	-32215330	-382972.3	129753.6	30449.8
2033-02-15 14:42:09	6897.07	317.13	-573.12	123596250	-74304422	-32209786	-383154.6	129271.7	30280.1
2033-02-15 14:51:26	5465.36	4218.24	-578.65	123605614	-74291632	-32204242	-383336.1	128789.6	30110.4
2033-02-15 15:00:43	2067.43	6601.77	-375.45	123614977	-74278841	-32198697	-383517	128307.3	29940.7
2033-02-15 15:10:00	-2074.28	6610.19	-36.81	123624338	-74266049	-32193152	-383697.2	127824.7	29770.8
2033-02-15 15:19:18	-5469.72	4240.46	315.1	123633698	-74253257	-32187606	-383876.6	127341.9	29601
2033-02-15 15:28:35	-6897.34	345.13	553.35	123643055	-74240463	-32182060	-384055.3	126858.8	29431.1
2033-02-15 15:37:52	-5843.54	-3674.39	592	123652412	-74227668	-32176514	-384233.3	126375.5	29261.1
2033-02-15 15:47:09	-2687.46	-6371.98	417.09	123661767	-74214873	-32170967	-384410.6	125892	29091.1
2033-02-15 15:56:26	1435.46	-6777.14	91.73	123671120	-74202076	-32165420	-384587.2	125408.3	28921
2033-02-15 16:05:44	5041.93	-4744.08	-266.72	123680471	-74189279	-32159872	-384763.1	124924.3	28750.9
2033-02-15 16:15:01	6834.49	-1004.24	-528.96	123689821	-74176480	-32154324	-384938.3	124440.1	28580.7
2033-02-15 16:24:18	6168.24	3096.92	-600.39	123699170	-74163681	-32148775	-385112.7	123955.7	28410.5
2033-02-15 16:33:35	3282.89	6083.91	-455.24	123708517	-74150880	-32143226	-385286.4	123471	28240.2
2033-02-15 16:42:52	-783.52	6882.11	-145.88	123717862	-74138079	-32137677	-385459.4	122986.1	28069.9
2033-02-15 16:52:09	-4568.02	5204.33	216.1	123727206	-74125277	-32132127	-385631.7	122501	27899.5
2033-02-15 17:01:27	-6709.11	1654.18	500.13	123736548	-74112474	-32126577	-385803.3	122015.7	27729.1
2033-02-15 17:10:44	-6436.49	-2491.11	603.75	123745889	-74099670	-32121027	-385974.2	121530.1	27558.6
2033-02-15 17:20:01	-3848.26	-5740.19	489.58	123755228	-74086864	-32115476	-386144.3	121044.4	27388.1
2033-02-15 17:29:18	124.42	-6924.13	198.81	123764565	-74074058	-32109924	-386313.7	120558.4	27217.5
2033-02-15 17:38:35	4052.32	-5616.98	-163.68	123773901	-74061252	-32104372	-386482.4	120072.1	27046.9
2033-02-15 17:47:53	6522.33	-2289	-467.13	123783235	-74048444	-32098820	-386650.4	119585.7	26876.2
2033-02-15 17:57:10	6645.84	1862.5	-602.07	123792568	-74035635	-32093268	-386817.7	119099	26705.5
2033-02-15 18:06:27	4378.41	5343.95	-519.83	123801899	-74022825	-32087715	-386984.3	118612.2	26534.8
2033-02-15 18:15:44	535.81	6902.82	-250.08	123811229	-74010014	-32082161	-387150.1	118125.1	26364
2033-02-15 18:25:01	-3499.55	5978.26	109.89	123820557	-73997203	-32076607	-387315.2	117637.8	26193.1
2033-02-15 18:34:18	-6275.88	2902.9	430.21	123829883	-73984390	-32071053	-387479.6	117150.2	26022.2
2033-02-15 18:43:36	-6794.37	-1216.85	595.35	123839208	-73971577	-32065498	-387643.3	116662.5	25851.3
2033-02-15 18:52:53	-4868.49	-4898.83	545.73	123848532	-73958762	-32059943	-387806.2	116174.6	25680.3
2033-02-15 19:02:10	-1191.11	-6818.38	299.25	123857853	-73945947	-32054388	-387968.5	115686.4	25509.2
2033-02-15 19:11:27	2914.76	-6284.88	-55.17	123867174	-73933130	-32048832	-388130	115198	25338.1
2033-02-15 19:20:44	5972	-3490.26	-389.7	123876492	-73920313	-32043276	-388290.8	114709.4	25167
2033-02-15 19:30:01	6880.72	560.06	-583.64	123885809	-73907495	-32037719	-388450.9	114220.7	24995.8
2033-02-15 19:39:19	5314	4408.9	-567.06	123895125	-73894676	-32032162	-388610.2	113731.7	24824.6
2033-02-15 19:48:36	1835.51	6671.57	-345.92	123904439	-73881855	-32026604	-388768.8	113242.5	24653.4
2033-02-15 19:57:53	-2303.32	6534.01	0	123913751	-73869034	-32021046	-388926.7	112753	24482.1
2033-02-15 20:07:10	-5613.48	4045.71	345.92	123923062	-73856212	-32015488	-389083.9	112263.4	24310.7
2033-02-15 20:16:27	-6904.1	101.87	567.06	123932371	-73843389	-32009929	-389240.4	111773.6	24139.3
2033-02-15 20:25:45	-5710.88	-3878.63	583.64	123941678	-73830566	-32004370	-389396.1	111283.6	23967.9
2033-02-15 20:35:02	-2463.1	-6463.73	389.7	123950984	-73817741	-31998811	-389551.2	110793.3	23796.4
2033-02-15 20:44:19	1670.8	-6723.39	55.17	123960289	-73804915	-31993251	-389705.5	110302.9	23624.9
2033-02-15 20:53:36	5203.6	-4564.17	-299.25	123969592	-73792088	-31987690	-389859	109812.3	23453.4
2033-02-15 21:02:53	6864.31	-762.88	-545.73	123978893	-73779261	-31982130	-390011.9	109321.5	23281.8
2033-02-15 21:12:10	6055.49	3312.88	-595.35	123988193	-73766432	-31976568	-390164	108830.4	23110.1
2033-02-15 21:21:28	3068.13	6196.78	-430.21	123997491	-73753602	-31971007	-390315.4	108339.2	22938.4
2033-02-15 21:30:45	-1023.02	6851.27	-109.89	124006788	-73740772	-31965445	-390466.1	107847.8	22766.7
2033-02-15 21:40:02	-4746.1	5040.89	250.08	124016083	-73727941	-31959882	-390616	107356.1	22595
2033-02-15 21:49:19	-6761.71	1416.93	519.83	124025376	-73715108	-31954320	-390765.2	106864.3	22423.2
2033-02-15 21:58:36	-6344.68	-2716.81	602.07	124034668	-73702275	-31948756	-390913.7	106372.3	22251.3
2033-02-15 22:07:54	-3645.08	-5873.14	467.13	124043958	-73689441	-31943193	-391061.5	105880.1	22079.5
2033-02-15 22:17:11	365.88	-6916.5	163.68	124053247	-73676606	-31937629	-391208.6	105387.7	21907.5
2033-02-15 22:26:28	4245.19	-5471.51	-198.81	124062534	-73663769	-31932064	-391354.9	104895.1	21735.6
2033-02-15 22:35:45	6597.23	-2058.03	-489.58	124071819	-73650932	-31926499	-391500.5	104402.4	21563.6
2033-02-15 22:45:02	6575.81	2095.88	-603.75	124081103	-73638094	-31920934	-391645.3	103909.4	21391.6
2033-02-15 22:54:19	4188.66	5495.77	-500.13	124090386	-73625256	-31915368	-391789.5	103416.2	21219.5
2033-02-15 23:03:37	294.6	6918.46	-216.1	124099667	-73612416	-31909802	-391932.9	102922.9	21047.4
2033-02-15 23:12:54	-3705.44	5852.09	145.88	124108946	-73599575	-31904236	-392075.6	102429.3	20875.3
2033-02-15 23:22:11	-6372.38	2680.31	455.24	124118224	-73586733	-31898669	-392217.5	101935.6	20703.1
2033-02-15 23:31:28	-6746.76	-1455.78	600.39	124127500	-73573891	-31893102	-392358.8	101441.7	20530.9
2033-02-15 23:40:45	-4693.91	-5068.14	528.96	124136774	-73561047	-31887534	-392499.3	100947.6	20358.6
2033-02-15 23:50:03	-952.36	-6857.14	266.72	124146047	-73548202	-31881966	-392639.1	100453.4	20186.4
2033-02-15 23:59:20	3131.79	-6179.16	-91.73	124155319	-73535357	-31876397	-392778.1	99958.9	20014.1
2033-02-16 00:08:37	6089.23	-3278.1	-417.09	124164588	-73522510	-31870828	-392916.4	99464.3	19841.7
2033-02-16 00:17:54	6855.97	802.34	-592	124173857	-73509663	-31865259	-393054	98969.5	19669.3
2033-02-16 00:27:11	5156.19	4594.14	-553.35	124183123	-73496815	-31859689	-393190.9	98474.5	19496.9
2033-02-16 00:36:28	1601.4	6733.11	-315.1	124192388	-73483966	-31854119	-393327	97979.3	19324.5
2033-02-16 00:45:46	-2529.49	6449.72	36.81	124201652	-73471115	-31848549	-393462.4	97484	19152
2033-02-16 00:55:03	-5750.36	3845.91	375.45	124210914	-73458264	-31842978	-393597.1	96988.4	18979.4
2033-02-16 01:04:20	-6902.44	-141.56	578.65	124220174	-73445412	-31837406	-393731	96492.7	18806.9
2033-02-16 01:13:37	-5571.28	-4078.11	573.12	124229433	-73432559	-31831835	-393864.2	95996.9	18634.3
2033-02-16 01:22:54	-2235.78	-6547.49	360.85	124238690	-73419706	-31826262	-393996.7	95500.8	18461.7
2033-02-16 01:32:11	1904.06	-6661.29	18.41	124247946	-73406851	-31820690	-394128.4	95004.6	18289.1
2033-02-16 01:41:29	5358.87	-4378.55	-330.67	124257200	-73393995	-31815117	-394259.4	94508.2	18116.4
2033-02-16 01:50:46	6885.75	-520.53	-560.47	124266452	-73381138	-31809544	-394389.7	94011.6	17943.7
2033-02-16 02:00:03	5935.38	3524.77	-588.09	124275703	-73368281	-31803970	-394519.3	93514.9	17770.9
2033-02-16 02:09:20	2849.68	6301.99	-403.58	124284952	-73355422	-31798396	-394648.1	93018	17598.2
2033-02-16 02:18:37	-1261.22	6811.94	-73.49	124294200	-73342563	-31792821	-394776.2	92520.9	17425.4
2033-02-16 02:27:55	-4918.36	4871.16	283.12	124303446	-73329702	-31787246	-394903.5	92023.7	17252.5
2033-02-16 02:37:12	-6806.04	1177.87	537.59	124312691	-73316841	-31781671	-395030.1	91526.3	17079.7
2033-02-16 02:46:29	-6245.15	-2939.19	598.15	124321934	-73303978	-31776095	-395156	91028.7	16906.8
2033-02-16 02:55:46	-3437.49	-5998.83	442.93	124331175	-73291115	-31770518	-395281.2	90531	16733.9
2033-02-16 03:05:03	606.84	-6900.29	127.94	124340415	-73278251	-31764942	-395405.6	90033.1	16560.9
2033-02-16 03:14:20	4432.84	-5319.22	-233.2	124349653	-73265386	-31759365	-395529.3	89535	16387.9
2033-02-16 03:23:38	6664.05	-1824.45	-510.22	124358890	-73252520	-31753787	-395652.3	89036.8	16214.9
2033-02-16 03:32:55	6497.78	2326.71	-603.19	124368125	-73239653	-31748209	-395774.5	88538.4	16041.9
2033-02-16 03:42:12	3993.84	5640.81	-478.58	124377358	-73226785	-31742631	-395896	88039.9	15868.9
2033-02-16 03:51:29	53.08	6925.52	-181.33	124386590	-73213916	-31737053	-396016.7	87541.2	15695.8
2033-02-16 04:00:46	-3906.77	5718.64	181.33	124395821	-73201046	-31731474	-396136.7	87042.3	15522.7
2033-02-16 04:10:04	-6461.09	2454.36	478.58	124405050	-73188176	-31725894	-396256	86543.3	15349.5
2033-02-16 04:19:21	-6690.94	-1692.95	603.19	124414277	-73175304	-31720314	-396374.6	86044.1	15176.4
2033-02-16 04:28:38	-4513.64	-5231.19	510.22	124423502	-73162431	-31714734	-396492.4	85544.8	15003.2
2033-02-16 04:37:55	-712.5	-6887.42	233.2	124432726	-73149558	-31709153	-396609.4	85045.3	14830
2033-02-16 04:47:12	3344.95	-6065.76	-127.94	124441949	-73136683	-31703572	-396725.8	84545.7	14656.7
2033-02-16 04:56:29	6199	-3061.82	-442.93	124451170	-73123808	-31697991	-396841.4	84045.9	14483.5
2033-02-16 05:05:47	6822.87	1043.68	-598.15	124460389	-73110932	-31692409	-396956.3	83545.9	14310.2
2033-02-16 05:15:04	4992.11	4773.72	-537.59	124469607	-73098055	-31686826	-397070.4	83045.9	14136.9
2033-02-16 05:24:21	1365.39	6786.32	-283.12	124478823	-73085176	-31681244	-397183.8	82545.6	13963.6
2033-02-16 05:33:38	-2752.54	6357.41	73.49	124488037	-73072297	-31675661	-397296.4	82045.2	13790.2
2033-02-16 05:42:55	-5880.19	3641.29	403.58	124497250	-73059417	-31670077	-397408.4	81544.7	13616.8
2033-02-16 05:52:13	-6892.36	-384.86	588.09	124506462	-73046536	-31664493	-397519.6	81044	13443.4
2033-02-16 06:01:30	-5424.9	-4272.57	560.47	124515672	-73033655	-31658909	-397630	80543.2	13270
2033-02-16 06:10:47	-2005.77	-6623.15	330.67	124524880	-73020772	-31653324	-397739.7	80042.2	13096.6
2033-02-16 06:20:04	2134.95	-6590.92	-18.41	124534087	-73007888	-31647739	-397848.7	79541.1	12923.1
2033-02-16 06:29:21	5507.58	-4187.47	-360.85	124543292	-72995003	-31642154	-397956.9	79039.8	12749.6
2033-02-16 06:38:38	6898.78	-277.49	-573.12	124552495	-72982118	-31636568	-398064.4	78538.4	12576.1
2033-02-16 06:47:56	5808.04	3732.34	-578.65	124561697	-72969231	-31630981	-398171.2	78036.9	12402.6
2033-02-16 06:57:13	2627.79	6399.4	-375.45	124570897	-72956344	-31625395	-398277.2	77535.2	12229
2033-02-16 07:06:30	-1497.83	6764.15	-36.81	124580096	-72943455	-31619807	-398382.5	77033.4	12055.5
2033-02-16 07:15:47	-5084.57	4695.36	315.1	124589293	-72930566	-31614220	-398487	76531.5	11881.9
2033-02-16 07:25:04	-6842.06	937.31	553.35	124598489	-72917676	-31608632	-398590.8	76029.4	11708.3
2033-02-16 07:34:21	-6138.02	-3157.97	592	124607683	-72904785	-31603044	-398693.9	75527.1	11534.6
2033-02-16 07:43:39	-3225.75	-6117.12	417.09	124616875	-72891892	-31597455	-398796.2	75024.8	11361
2033-02-16 07:52:56	847.01	-6875.52	91.73	124626066	-72878999	-31591866	-398897.8	74522.3	11187.3
2033-02-16 08:02:13	4615.04	-5160.31	-266.72	124635256	-72866105	-31586276	-398998.6	74019.6	11013.6
2033-02-16 08:11:30	6722.74	-1588.57	-528.96	124644443	-72853211	-31580686	-399098.7	73516.9	10839.9
2033-02-16 08:20:47	6411.83	2554.7	-600.39	124653629	-72840315	-31575096	-399198.1	73014	10666.2
2033-02-16 08:30:05	3794.19	5778.88	-455.24	124662814	-72827418	-31569505	-399296.7	72511	10492.5
2033-02-16 08:39:22	-188.46	6924	-145.88	124671997	-72814520	-31563914	-399394.6	72007.8	10318.7
2033-02-16 08:48:39	-4103.29	5578.07	216.1	124681178	-72801622	-31558322	-399491.7	71504.5	10145
2033-02-16 08:57:56	-6541.9	2225.31	500.13	124690358	-72788722	-31552730	-399588.1	71001.1	9971.2
2033-02-16 09:07:13	-6626.96	-1928.06	603.75	124699536	-72775822	-31547138	-399683.8	70497.6	9797.4
2033-02-16 09:16:30	-4327.89	-5387.79	489.58	124708713	-72762920	-31541545	-399778.7	69993.9	9623.6
2033-02-16 09:25:48	-471.81	-6909.16	198.81	124717888	-72750018	-31535952	-399872.9	69490.1	9449.7
2033-02-16 09:35:05	3554	-5944.82	-163.68	124727061	-72737115	-31530358	-399966.3	68986.2	9275.9
2033-02-16 09:44:22	6301.19	-2841.71	-467.13	124736233	-72724211	-31524764	-400059	68482.2	9102
2033-02-16 09:53:39	6781.45	1283.77	-602.07	124745403	-72711306	-31519170	-400151	67978	8928.2
2033-02-16 10:02:56	4821.98	4947.41	-519.83	124754572	-72698399	-31513575	-400242.2	67473.7	8754.3
2033-02-16 10:12:14	1127.75	6831.12	-250.08	124763739	-72685493	-31507980	-400332.7	66969.3	8580.4
2033-02-16 10:21:31	-2972.19	6257.2	109.89	124772905	-72672585	-31502384	-400422.4	66464.8	8406.5
2033-02-16 10:30:48	-6002.83	3432.13	430.21	124782069	-72659676	-31496788	-400511.4	65960.2	8232.5
2033-02-16 10:40:05	-6873.87	-627.74	595.35	124791231	-72646766	-31491192	-400599.6	65455.4	8058.6
2033-02-16 10:49:22	-5271.94	-4461.77	545.73	124800392	-72633855	-31485595	-400687.1	64950.6	7884.7
2033-02-16 10:58:39	-1773.37	-6690.6	299.25	124809551	-72620944	-31479998	-400773.9	64445.6	7710.7
2033-02-16 11:07:57	2363.19	-6512.36	-55.17	124818709	-72608031	-31474400	-400859.9	63940.5	7536.7
2033-02-16 11:17:14	5649.54	-3991.16	-389.7	124827865	-72595118	-31468802	-400945.2	63435.3	7362.7
2033-02-16 11:26:31	6903.39	-34.05	-583.64	124837019	-72582204	-31463204	-401029.7	62929.9	7188.7
2033-02-16 11:35:48	5673.65	3935.32	-567.06	124846172	-72569288	-31457605	-401113.5	62424.5	7014.7
2033-02-16 11:45:05	2402.74	6488.89	-345.92	124855323	-72556372	-31452006	-401196.5	61918.9	6840.7
2033-02-16 11:54:22	-1732.57	6707.96	0	124864473	-72543455	-31446406	-401278.8	61413.3	6666.7
2033-02-16 12:03:40	-5244.56	4513.7	345.92	124873621	-72530537	-31440806	-401360.3	60907.5	6492.7
2033-02-16 12:12:57	-6869.73	695.54	567.06	124882768	-72517618	-31435206	-401441.1	60401.7	6318.6
2033-02-16 12:22:14	-6023.43	-3372.87	583.64	124891912	-72504698	-31429605	-401521.2	59895.7	6144.6
2033-02-16 12:31:31	-3010.12	-6227.83	389.7	124901056	-72491777	-31424004	-401600.5	59389.6	5970.5
2033-02-16 12:40:48	1086.11	-6842.21	55.17	124910198	-72478856	-31418402	-401679.1	58883.4	5796.4
2033-02-16 12:50:06	4791.59	-4994.97	-299.25	124919338	-72465933	-31412800	-401756.9	58377.1	5622.3
2033-02-16 12:59:23	6773.21	-1350.68	-545.73	124928476	-72453009	-31407198	-401834	57870.7	5448.3
2033-02-16 13:08:40	6318.08	2779.56	-595.35	124937613	-72440085	-31401595	-401910.3	57364.2	5274.2
2033-02-16 13:17:57	3589.94	5909.81	-430.21	124946749	-72427159	-31395992	-401985.9	56857.6	5100.1
2033-02-16 13:27:14	-429.72	6913.89	-109.89	124955883	-72414233	-31390388	-402060.8	56350.9	4926
2033-02-16 13:36:31	-4294.77	5430.56	250.08	124965015	-72401306	-31384784	-402134.9	55844.1	4751.9
2033-02-16 13:45:49	-6614.71	1993.47	519.83	124974146	-72388377	-31379180	-402208.2	55337.2	4577.7
2033-02-16 13:55:06	-6554.92	-2160.82	602.07	124983275	-72375448	-31373575	-402280.8	54830.2	4403.6
2033-02-16 14:04:23	-4136.9	-5537.73	467.13	124992402	-72362518	-31367970	-402352.7	54323.1	4229.5
2033-02-16 14:13:40	-230.59	-6922.33	163.68	125001528	-72349587	-31362364	-402423.8	53815.9	4055.3
2033-02-16 14:22:57	3758.67	-5816.48	-198.81	125010652	-72336655	-31356758	-402494.2	53308.7	3881.2
2033-02-16 14:32:15	6395.68	-2618.04	-489.58	125019775	-72323723	-31351151	-402563.8	52801.3	3707.1
2033-02-16 14:41:32	6731.76	1522.31	-603.75	125028896	-72310789	-31345545	-402632.7	52293.8	3532.9
2033-02-16 14:50:49	4646	5114.99	-500.13	125038016	-72297854	-31339937	-402700.8	51786.2	3358.8
2033-02-16 15:00:06	888.79	6867.45	-216.1	125047134	-72284919	-31334330	-402768.2	51278.6	3184.6
2033-02-16 15:09:23	-3188.17	6149.22	145.88	125056250	-72271982	-31328722	-402834.8	50770.9	3010.5
2033-02-16 15:18:40	-6118.13	3218.67	455.24	125065365	-72259045	-31323113	-402900.7	50263	2836.3
2033-02-16 15:27:58	-6847	-869.87	600.39	125074478	-72246106	-31317505	-402965.9	49755.1	2662.1
2033-02-16 15:37:15	-5112.57	-4645.47	528.96	125083590	-72233167	-31311895	-403030.3	49247.1	2488
2033-02-16 15:46:32	-1538.84	-6749.77	266.72	125092700	-72220227	-31306286	-403093.9	48739	2313.8
2033-02-16 15:55:49	2588.51	-6425.71	-91.73	125101808	-72207286	-31300676	-403156.8	48230.9	2139.6
2033-02-16 16:05:06	5784.59	-3789.87	-417.09	125110915	-72194344	-31295065	-403219	47722.6	1965.5
2033-02-16 16:14:24	6899.58	209.46	-592	125120021	-72181401	-31289454	-403280.4	47214.3	1791.3
2033-02-16 16:23:41	5532.36	4133.45	-553.35	125129124	-72168457	-31283843	-403341	46705.8	1617.1
2033-02-16 16:32:58	2174.8	6570.35	-315.1	125138226	-72155512	-31278232	-403400.9	46197.3	1443
2033-02-16 16:42:15	-1965.16	6643.44	36.81	125147327	-72142566	-31272620	-403460.1	45688.7	1268.8
2033-02-16 16:51:32	-5398.12	4326.42	375.45	125156426	-72129620	-31267007	-403518.5	45180.1	1094.6
2033-02-16 17:00:49	-6889.02	452.87	578.65	125165523	-72116672	-31261394	-403576.2	44671.3	920.5
2033-02-16 17:10:07	-5901.51	-3583.62	573.12	125174619	-72103724	-31255781	-403633.1	44162.5	746.3
2033-02-16 17:19:24	-2790.85	-6330.84	360.85	125183713	-72090774	-31250168	-403689.3	43653.6	572.1
2033-02-16 17:28:41	1323.85	-6800.42	18.41	125192806	-72077824	-31244554	-403744.7	43144.7	398
2033-02-16 17:37:58	4962.26	-4823.4	-330.67	125201897	-72064873	-31238939	-403799.3	42635.6	223.8
2033-02-16 17:47:15	6815.42	-1111.07	-560.47	125210986	-72051921	-31233324	-403853.3	42126.5	49.6
2033-02-16 17:56:32	6216.64	3001.01	-588.09	125220074	-72038968	-31227709	-403906.4	41617.3	-124.5
2033-02-16 18:05:50	3381.35	6033.42	-403.58	125229160	-72026014	-31222093	-403958.9	41108.1	-298.7
2033-02-16 18:15:07	-670.42	6895.19	-73.49	125238245	-72013059	-31216477	-404010.5	40598.7	-472.8
2033-02-16 18:24:24	-4480.99	5276.28	283.12	125247328	-72000103	-31210861	-404061.5	40089.3	-647
2033-02-16 18:33:41	-6679.45	1759.11	537.59	125256409	-71987146	-31205244	-404111.6	39579.8	-821.1
2033-02-16 18:42:58	-6474.89	-2390.94	598.15	125265489	-71974188	-31199627	-404161.1	39070.3	-995.2
2033-02-16 18:52:16	-3940.9	-5680.82	442.93	125274567	-71961230	-31194009	-404209.7	38560.7	-1169.4
2033-02-16 19:01:33	10.87	-6926.91	127.94	125283644	-71948270	-31188391	-404257.7	38051	-1343.5
2033-02-16 19:10:50	3958.72	-5680.91	-233.2	125292719	-71935310	-31182773	-404304.8	37541.3	-1517.6
2033-02-16 19:20:07	6482.36	-2391.08	-510.22	125301793	-71922349	-31177154	-404351.3	37031.5	-1691.7
2033-02-16 19:29:24	6673.88	1759	-603.19	125310865	-71909386	-31171535	-404396.9	36521.6	-1865.8
2033-02-16 19:38:41	4464.38	5276.25	-478.58	125319935	-71896423	-31165915	-404441.9	36011.7	-2039.9
2033-02-16 19:47:59	648.77	6895.27	-181.33	125329004	-71883459	-31160296	-404486.1	35501.7	-2214
2033-02-16 19:57:16	-3400.23	6033.58	181.33	125338071	-71870494	-31154675	-404529.5	34991.7	-2388.1
2033-02-16 20:06:33	-6225.95	3001.18	478.58	125347136	-71857528	-31149054	-404572.2	34481.6	-2562.2
2033-02-16 20:15:50	-6811.79	-1110.96	603.19	125356200	-71844561	-31143433	-404614.1	33971.4	-2736.3
2033-02-16 20:25:07	-4947	-4823.43	510.22	125365263	-71831594	-31137812	-404655.3	33461.2	-2910.4
2033-02-16 20:34:25	-1302.47	-6800.57	233.2	125374324	-71818625	-31132190	-404695.7	32950.9	-3084.4
2033-02-16 20:43:42	2810.64	-6331.08	-127.94	125383383	-71805656	-31126567	-404735.4	32440.6	-3258.5
2033-02-16 20:52:59	5912.57	-3583.84	-442.93	125392440	-71792685	-31120944	-404774.3	31930.2	-3432.5
2033-02-16 21:02:16	6887.37	452.76	-598.15	125401496	-71779714	-31115321	-404812.5	31419.8	-3606.5
2033-02-16 21:11:33	5384.34	4326.48	-537.59	125410551	-71766741	-31109698	-404849.9	30909.3	-3780.5
2033-02-16 21:20:50	1944.24	6643.67	-283.12	125419604	-71753768	-31104074	-404886.5	30398.7	-3954.6
2033-02-16 21:30:08	-2195.33	6570.67	73.49	125428655	-71740794	-31098449	-404922.5	29888.1	-4128.6
2033-02-16 21:39:25	-5545.08	4133.74	403.58	125437705	-71727819	-31092825	-404957.6	29377.5	-4302.5
2033-02-16 21:48:42	-6899.91	209.6	588.09	125446753	-71714843	-31087200	-404992.1	28866.8	-4476.5
2033-02-16 21:57:59	-5772.41	-3789.96	560.47	125455799	-71701866	-31081574	-405025.7	28356.1	-4650.5
2033-02-16 22:07:16	-2568.21	-6426.01	330.67	125464844	-71688888	-31075948	-405058.6	27845.3	-4824.4
2033-02-16 22:16:34	1559.93	-6750.17	-18.41	125473887	-71675909	-31070322	-405090.8	27334.4	-4998.4
2033-02-16 22:25:51	5126.85	-4645.83	-360.85	125482929	-71662930	-31064695	-405122.2	26823.6	-5172.3
2033-02-16 22:35:08	6849.32	-870.04	-573.12	125491969	-71649949	-31059068	-405152.9	26312.6	-5346.2
2033-02-16 22:44:25	6107.64	3218.76	-578.65	125501008	-71636968	-31053440	-405182.8	25801.7	-5520.1
2033-02-16 22:53:42	3168.67	6149.57	-375.45	125510044	-71623985	-31047812	-405211.9	25290.7	-5694
2033-02-16 23:02:59	-910.27	6867.94	-36.81	125519080	-71611002	-31042184	-405240.3	24779.6	-5867.9
2033-02-16 23:12:17	-4661.72	5115.44	315.1	125528114	-71598018	-31036555	-405268	24268.5	-6041.8
2033-02-16 23:21:34	-6736.04	1522.54	553.35	125537146	-71585033	-31030926	-405294.9	23757.4	-6215.6
2033-02-16 23:30:51	-6386.98	-2618.13	592	125546176	-71572047	-31025297	-405321	23246.2	-6389.5
2033-02-16 23:40:08	-3740.12	-5816.88	417.09	125555205	-71559060	-31019667	-405346.4	22735	-6563.3
2033-02-16 23:49:25	252.29	-6922.9	91.73	125564233	-71546072	-31014036	-405371.1	22223.8	-6737.1
2033-02-16 23:58:42	4153.92	-5538.26	-266.72	125573258	-71533083	-31008406	-405395	21712.5	-6910.9
2033-02-17 00:08:00	6561.12	-2161.12	-528.96	125582283	-71520094	-31002775	-405418.1	21201.2	-7084.7
2033-02-17 00:17:17	6607.87	1993.54	-600.39	125591305	-71507103	-30997143	-405440.5	20689.9	-7258.4
2033-02-17 00:26:34	4277.35	5430.99	-455.24	125600326	-71494112	-30991511	-405462.2	20178.5	-7432.2
2033-02-17 00:35:51	408	6914.54	-145.88	125609345	-71481119	-30985879	-405483	19667.1	-7605.9
2033-02-17 00:45:08	-3608.12	5910.44	216.1	125618363	-71468126	-30980246	-405503.2	19155.7	-7779.6
2033-02-17 00:54:26	-6326.17	2779.94	500.13	125627380	-71455132	-30974613	-405522.6	18644.2	-7953.3
2033-02-17 01:03:43	-6768.28	-1350.71	603.75	125636394	-71442136	-30968980	-405541.2	18132.7	-8126.9
2033-02-17 01:13:00	-4775.42	-4995.42	489.58	125645407	-71429140	-30963346	-405559.1	17621.2	-8300.6
2033-02-17 01:22:17	-1064.54	-6842.94	198.81	125654419	-71416143	-30957712	-405576.2	17109.7	-8474.2
2033-02-17 01:31:34	3029.31	-6228.57	-163.68	125663428	-71403146	-30952077	-405592.5	16598.1	-8647.9
2033-02-17 01:40:51	6033.32	-3373.34	-467.13	125672437	-71390147	-30946442	-405608.2	16086.5	-8821.4
2033-02-17 01:50:09	6866.76	695.52	-602.07	125681443	-71377147	-30940807	-405623	15574.9	-8995
2033-02-17 01:59:26	5229.79	4514.16	-519.83	125690448	-71364146	-30935171	-405637.1	15063.2	-9168.6
2033-02-17 02:08:43	1711.34	6708.75	-250.08	125699452	-71351145	-30929534	-405650.5	14551.6	-9342.1
2033-02-17 02:18:00	-2422.78	6489.73	109.89	125708454	-71338143	-30923898	-405663.1	14039.9	-9515.6
2033-02-17 02:27:17	-5685.26	3935.9	430.21	125717454	-71325139	-30918261	-405675	13528.2	-9689.1
2033-02-17 02:36:35	-6902.39	-33.96	595.35	125726453	-71312135	-30912623	-405686.1	13016.4	-9862.6
2033-02-17 02:45:52	-5636.29	-3991.61	545.73	125735450	-71299130	-30906986	-405696.4	12504.7	-10036.1
2033-02-17 02:55:09	-2342.47	-6513.21	299.25	125744445	-71286124	-30901347	-405706	11992.9	-10209.5
2033-02-17 03:04:26	1794.08	-6691.55	-55.17	125753439	-71273117	-30895709	-405714.8	11481.2	-10382.9
2033-02-17 03:13:43	5285.18	-4462.46	-389.7	125762431	-71260109	-30890070	-405722.9	10969.4	-10556.3
2033-02-17 03:23:00	6874.86	-627.91	-583.64	125771422	-71247100	-30884430	-405730.3	10457.6	-10729.7
2033-02-17 03:32:18	5991.21	3432.55	-567.06	125780411	-71234090	-30878791	-405736.8	9945.8	-10903
2033-02-17 03:41:35	2952.15	6258.09	-345.92	125789399	-71221080	-30873150	-405742.7	9433.9	-11076.3
2033-02-17 03:50:52	-1148.98	6832.16	0	125798385	-71208068	-30867510	-405747.7	8922.1	-11249.6
2033-02-17 04:00:09	-4836.74	4948.22	345.92	125807369	-71195056	-30861869	-405752.1	8410.2	-11422.9
2033-02-17 04:09:26	-6784.41	1284.05	567.06	125816352	-71182042	-30856228	-405755.6	7898.4	-11596.1
2033-02-17 04:18:44	-6291.3	-2842.09	583.64	125825333	-71169028	-30850586	-405758.5	7386.5	-11769.4
2033-02-17 04:28:01	-3534.81	-5945.74	389.7	125834312	-71156013	-30844944	-405760.5	6874.6	-11942.6
2033-02-17 04:37:18	493.36	-6910.29	55.17	125843290	-71142997	-30839301	-405761.8	6362.7	-12115.7
2033-02-17 04:46:35	4344.04	-5388.72	-299.25	125852267	-71129980	-30833658	-405762.4	5850.8	-12288.9
2033-02-17 04:55:52	6631.88	-1928.45	-545.73	125861241	-71116962	-30828015	-405762.2	5339	-12462
2033-02-17 05:05:09	6533.81	2225.63	-595.35	125870215	-71103943	-30822371	-405761.2	4827.1	-12635.1
2033-02-17 05:14:27	4085.12	5579	-430.21	125879186	-71090924	-30816727	-405759.5	4315.2	-12808.2
2033-02-17 05:23:44	166.76	6925.22	-109.89	125888156	-71077903	-30811083	-405757.1	3803.3	-12981.2
2033-02-17 05:33:01	-3811.59	5779.95	250.08	125897124	-71064882	-30805438	-405753.9	3291.4	-13154.2
2033-02-17 05:42:18	-6418.66	2555.22	519.83	125906091	-71051859	-30799792	-405749.9	2779.4	-13327.2
2033-02-17 05:51:35	-6716.53	-1588.81	602.07	125915056	-71038836	-30794147	-405745.2	2267.5	-13500.2
2033-02-17 06:00:52	-4598.04	-5161.24	467.13	125924020	-71025812	-30788501	-405739.7	1755.6	-13673.1
2033-02-17 06:10:10	-825.35	-6876.81	163.68	125932982	-71012787	-30782854	-405733.5	1243.8	-13846
2033-02-17 06:19:27	3244.26	-6118.32	-198.81	125941942	-70999761	-30777207	-405726.5	731.9	-14018.9
2033-02-17 06:28:44	6146.7	-3158.63	-489.58	125950901	-70986734	-30771560	-405718.8	220	-14191.7
2033-02-17 06:38:01	6837.78	937.45	-603.75	125959858	-70973706	-30765912	-405710.3	-291.9	-14364.5
2033-02-17 06:47:18	5068.88	4696.27	-500.13	125968814	-70960677	-30760264	-405701.1	-803.8	-14537.3
2033-02-17 06:56:36	1476.38	6765.51	-216.1	125977768	-70947647	-30754616	-405691.1	-1315.7	-14710.1
2033-02-17 07:05:53	-2647.25	6400.73	145.88	125986720	-70934617	-30748967	-405680.3	-1827.5	-14882.8
2033-02-17 07:15:10	-5818.5	3733.15	455.24	125995671	-70921585	-30743318	-405668.8	-2339.4	-15055.5
2033-02-17 07:24:27	-6896.46	-277.51	600.39	126004620	-70908553	-30737668	-405656.6	-2851.2	-15228.1
2033-02-17 07:33:44	-5493.32	-4188.34	528.96	126013568	-70895520	-30732018	-405643.6	-3363	-15400.8
2033-02-17 07:43:01	-2113.9	-6592.33	266.72	126022514	-70882485	-30726368	-405629.8	-3874.8	-15573.4
2033-02-17 07:52:19	2026.02	-6624.6	-91.73	126031458	-70869450	-30720717	-405615.3	-4386.6	-15745.9
2033-02-17 08:01:36	5437.05	-4273.54	-417.09	126040401	-70856414	-30715066	-405600	-4898.4	-15918.5
2033-02-17 08:10:53	6892.02	-384.97	-592	126049342	-70843378	-30709414	-405584	-5410.2	-16091
2033-02-17 08:20:10	5867.49	3642.1	-553.35	126058282	-70830340	-30703762	-405567.2	-5921.9	-16263.4
2033-02-17 08:29:27	2732.06	6358.86	-315.1	126067220	-70817301	-30698110	-405549.7	-6433.7	-16435.9
2033-02-17 08:38:45	-1386.26	6787.89	36.81	126076156	-70804261	-30692457	-405531.4	-6945.4	-16608.3
2033-02-17 08:48:02	-5005.85	4774.84	375.45	126085091	-70791221	-30686804	-405512.4	-7457.1	-16780.6
2033-02-17 08:57:19	-6824.51	1043.94	578.65	126094024	-70778180	-30681150	-405492.6	-7968.8	-16953
2033-02-17 09:06:36	-6187.96	-3062.55	573.12	126102956	-70765137	-30675496	-405472.1	-8480.4	-17125.3
2033-02-17 09:15:53	-3325.22	-6067.23	360.85	126111886	-70752094	-30669842	-405450.8	-8992	-17297.5
2033-02-17 09:25:10	733.81	-6889.1	18.41	126120814	-70739050	-30664187	-405428.7	-9503.7	-17469.8
2033-02-17 09:34:28	4528.84	-5232.48	-330.67	126129741	-70726005	-30658532	-405405.9	-10015.2	-17642
2033-02-17 09:43:45	6694.55	-1693.36	-560.47	126138666	-70712959	-30652877	-405382.4	-10526.8	-17814.1
2033-02-17 09:53:02	6451.8	2454.98	-588.09	126147590	-70699912	-30647221	-405358.1	-11038.3	-17986.2
2033-02-17 10:02:19	3887.94	5720.11	-403.58	126156512	-70686864	-30641565	-405333	-11549.8	-18158.3
2033-02-17 10:11:36	-74.66	6927.31	-73.49	126165432	-70673816	-30635908	-405307.2	-12061.3	-18330.4
2033-02-17 10:20:54	-4010.39	5642.27	283.12	126174351	-70660766	-30630251	-405280.6	-12572.8	-18502.4
2033-02-17 10:30:11	-6503.32	2327.31	537.59	126183268	-70647716	-30624593	-405253.3	-13084.2	-18674.3
2033-02-17 10:39:28	-6656.6	-1824.96	598.15	126192184	-70634665	-30618936	-405225.2	-13595.6	-18846.3
2033-02-17 10:48:45	-4415.08	-5320.67	442.93	126201098	-70621612	-30613277	-405196.4	-14106.9	-19018.2
2033-02-17 10:58:02	-585.18	-6902.16	127.94	126210010	-70608559	-30607619	-405166.8	-14618.3	-19190
2033-02-17 11:07:19	3455.24	-6000.46	-233.2	126218921	-70595505	-30601960	-405136.5	-15129.6	-19361.8
2033-02-17 11:16:37	6252.59	-2939.97	-510.22	126227830	-70582450	-30596300	-405105.4	-15640.8	-19533.6
2033-02-17 11:25:54	6800.48	1178.24	-603.19	126236738	-70569394	-30590641	-405073.6	-16152	-19705.4
2033-02-17 11:35:11	4901.81	4872.56	-478.58	126245644	-70556338	-30584980	-405041	-16663.2	-19877.1
2033-02-17 11:44:28	1239.65	6813.88	-181.33	126254548	-70543280	-30579320	-405007.6	-17174.4	-20048.7
2033-02-17 11:53:45	-2868.48	6303.77	181.33	126263451	-70530221	-30573659	-404973.6	-17685.5	-20220.3
2033-02-17 12:03:02	-5944.63	3525.75	478.58	126272352	-70517162	-30567997	-404938.7	-18196.5	-20391.9
2033-02-17 12:12:20	-6882.12	-520.74	603.19	126281252	-70504102	-30562336	-404903.1	-18707.6	-20563.5
2033-02-17 12:21:37	-5343.67	-4379.89	510.22	126290150	-70491040	-30556674	-404866.7	-19218.6	-20735
2033-02-17 12:30:54	-1882.77	-6663.28	233.2	126299046	-70477978	-30551011	-404829.6	-19729.5	-20906.4
2033-02-17 12:40:11	2255.47	-6549.43	-127.94	126307941	-70464915	-30545348	-404791.8	-20240.4	-21077.8
2033-02-17 12:49:28	5582.28	-4079.28	-442.93	126316834	-70451851	-30539685	-404753.2	-20751.3	-21249.2
2033-02-17 12:58:46	6900.78	-141.53	-598.15	126325726	-70438786	-30534021	-404713.8	-21262.1	-21420.5
2033-02-17 13:08:03	5736.64	3847.15	-537.59	126334616	-70425721	-30528357	-404673.7	-21772.8	-21591.8
2033-02-17 13:17:20	2508.66	6451.75	-283.12	126343504	-70412654	-30522692	-404632.8	-22283.6	-21763
2033-02-17 13:26:37	-1621.83	6735.19	73.49	126352391	-70399587	-30517028	-404591.2	-22794.2	-21934.2
2033-02-17 13:35:54	-5168.84	4595.52	403.58	126361276	-70386518	-30511362	-404548.8	-23304.8	-22105.4
2033-02-17 13:45:11	-6856.29	802.51	588.09	126370160	-70373449	-30505697	-404505.7	-23815.4	-22276.5
2033-02-17 13:54:29	-6077.1	-3279.23	560.47	126379042	-70360379	-30500031	-404461.8	-24325.9	-22447.6
2033-02-17 14:03:46	-3111.59	-6181.2	330.67	126387922	-70347307	-30494364	-404417.2	-24836.4	-22618.6
2033-02-17 14:13:03	973.35	-6859.36	-18.41	126396801	-70334235	-30488697	-404371.8	-25346.8	-22789.5
2033-02-17 14:22:20	4708.1	-5069.73	-360.85	126405678	-70321163	-30483030	-404325.6	-25857.2	-22960.5
2033-02-17 14:31:37	6749.05	-1456.15	-573.12	126414553	-70308089	-30477363	-404278.7	-26367.5	-23131.4
2033-02-17 14:40:55	6361.94	2681.31	-578.65	126423427	-70295014	-30471695	-404231.1	-26877.7	-23302.2
2033-02-17 14:50:12	3686.04	5854.12	-375.45	126432300	-70281938	-30466026	-404182.7	-27387.9	-23473
2033-02-17 14:59:29	-315.96	6920.79	-36.81	126441170	-70268862	-30460357	-404133.6	-27898.1	-23643.7
2033-02-17 15:08:46	-4204.28	5497.57	315.1	126450040	-70255785	-30454688	-404083.7	-28408.1	-23814.4
2033-02-17 15:18:03	-6580.06	2096.48	553.35	126458907	-70242706	-30449019	-404033	-28918.2	-23985.1
2033-02-17 15:27:20	-6588.56	-2058.87	592	126467773	-70229627	-30443349	-403981.6	-29428.1	-24155.7
2033-02-17 15:36:38	-4226.75	-5473.5	417.09	126476637	-70216547	-30437679	-403929.5	-29938	-24326.2
2033-02-17 15:45:55	-344.31	-6918.93	91.73	126485500	-70203466	-30432008	-403876.6	-30447.8	-24496.7
2033-02-17 15:55:12	3661.99	-5875.14	-266.72	126494361	-70190384	-30426337	-403822.9	-30957.6	-24667.2
2033-02-17 16:04:29	6350.84	-2717.64	-528.96	126503221	-70177301	-30420665	-403768.5	-31467.3	-24837.6
2033-02-17 16:13:46	6754.89	1417.59	-600.39	126512079	-70164218	-30414993	-403713.3	-31977	-25007.9
2033-02-17 16:23:03	4728.78	5042.81	-455.24	126520935	-70151133	-30409321	-403657.4	-32486.5	-25178.2
2033-02-17 16:32:21	1001.43	6853.79	-145.88	126529790	-70138048	-30403648	-403600.8	-32996	-25348.5
2033-02-17 16:41:38	-3086.19	6198.97	216.1	126538643	-70124961	-30397975	-403543.3	-33505.5	-25518.7
2033-02-17 16:50:55	-6063.51	3313.95	500.13	126547494	-70111874	-30392302	-403485.2	-34014.8	-25688.9
2033-02-17 17:00:12	-6859.4	-763.34	603.75	126556344	-70098786	-30386628	-403426.3	-34524.1	-25859
2033-02-17 17:09:29	-5187.53	-4566.01	489.58	126565193	-70085697	-30380954	-403366.6	-35033.4	-26029
2033-02-17 17:18:47	-1649.38	-6725.96	198.81	126574039	-70072607	-30375279	-403306.2	-35542.5	-26199
2033-02-17 17:28:04	2482.15	-6466.12	-163.68	126582884	-70059516	-30369604	-403245	-36051.6	-26369
2033-02-17 17:37:21	5720.69	-3879.95	-467.13	126591728	-70046424	-30363929	-403183.1	-36560.6	-26538.8
2033-02-17 17:46:38	6901.13	102.11	-602.07	126600570	-70033332	-30358253	-403120.4	-37069.5	-26708.7
2033-02-17 17:55:55	5598.8	4047.44	-519.83	126609410	-70020238	-30352577	-403057	-37578.4	-26878.5
2033-02-17 18:05:12	2282.23	6536.62	-250.08	126618249	-70007144	-30346901	-402992.8	-38087.2	-27048.2
2033-02-17 18:14:30	-1855.4	6674.13	109.89	126627086	-69994048	-30341224	-402927.9	-38595.9	-27217.9
2033-02-17 18:23:47	-5325.52	4410.47	430.21	126635921	-69980952	-30335546	-402862.2	-39104.5	-27387.5
2033-02-17 18:33:04	-6879.71	560.06	595.35	126644755	-69967855	-30329869	-402795.8	-39613	-27557.1
2033-02-17 18:42:21	-5958.84	-3491.85	545.73	126653587	-69954757	-30324191	-402728.6	-40121.5	-27726.6
2033-02-17 18:51:38	-2894.19	-6287.5	299.25	126662418	-69941658	-30318512	-402660.7	-40629.9	-27896.1
2033-02-17 19:00:56	1211.67	-6821.1	-55.17	126671247	-69928558	-30312833	-402592	-41138.2	-28065.5
2033-02-17 19:10:13	4881.62	-4900.66	-389.7	126680074	-69915458	-30307154	-402522.6	-41646.4	-28234.9
2033-02-17 19:19:30	6795.33	-1217.11	-583.64	126688900	-69902356	-30301474	-402452.4	-42154.5	-28404.2
2033-02-17 19:28:47	6264.34	2904.32	-567.06	126697724	-69889254	-30295794	-402381.5	-42662.6	-28573.4
2033-02-17 19:38:04	3479.66	5980.87	-345.92	126706547	-69876150	-30290114	-402309.8	-43170.5	-28742.6
2033-02-17 19:47:21	-556.86	6905.68	0	126715368	-69863046	-30284433	-402237.4	-43678.4	-28911.7
2033-02-17 19:56:39	-4393.04	5346.03	345.92	126724187	-69849941	-30278752	-402164.2	-44186.2	-29080.8
2033-02-17 20:05:56	-6648.77	1863.03	567.06	126733005	-69836835	-30273070	-402090.3	-44693.9	-29249.8
2033-02-17 20:15:13	-6512.51	-2290.23	583.64	126741821	-69823728	-30267388	-402015.7	-45201.5	-29418.8
2033-02-17 20:24:30	-4033.29	-5619.55	389.7	126750636	-69810620	-30261706	-401940.2	-45709	-29587.7
2033-02-17 20:33:47	-103.04	-6927.11	55.17	126759449	-69797512	-30256023	-401864.1	-46216.4	-29756.5
2033-02-17 20:43:05	3864.27	-5742.51	-299.25	126768260	-69784402	-30250340	-401787.2	-46723.8	-29925.3
2033-02-17 20:52:22	6441.36	-2491.92	-545.73	126777070	-69771292	-30244657	-401709.5	-47231	-30094
2033-02-17 21:01:39	6701.08	1655.19	-595.35	126785878	-69758180	-30238973	-401631.1	-47738.1	-30262.7
2033-02-17 21:10:56	4550	5206.82	-430.21	126794685	-69745068	-30233289	-401551.9	-48245.2	-30431.3
2033-02-17 21:20:13	762	6885.19	-109.89	126803490	-69731955	-30227604	-401472	-48752.1	-30599.8
2033-02-17 21:29:30	-3300.13	6086.47	250.08	126812293	-69718841	-30221919	-401391.3	-49259	-30768.3
2033-02-17 21:38:48	-6175	3098.02	519.83	126821095	-69705726	-30216233	-401309.9	-49765.7	-30936.7
2033-02-17 21:48:05	-6828.33	-1005.01	602.07	126829895	-69692610	-30210548	-401227.8	-50272.4	-31105.1
2033-02-17 21:57:22	-5025.07	-4746.47	467.13	126838693	-69679493	-30204861	-401144.9	-50778.9	-31273.4
2033-02-17 22:06:39	-1413.99	-6780.3	163.68	126847490	-69666376	-30199175	-401061.2	-51285.3	-31441.6
2033-02-17 22:15:56	2705.8	-6374.77	-198.81	126856285	-69653257	-30193488	-400976.8	-51791.7	-31609.8
2033-02-17 22:25:13	5852.13	-3675.79	-489.58	126865079	-69640138	-30187801	-400891.7	-52297.9	-31777.9
2033-02-17 22:34:31	6893.08	345.63	-603.75	126873871	-69627018	-30182113	-400805.8	-52804.1	-31946
2033-02-17 22:43:48	5454.16	4242.71	-500.13	126882661	-69613896	-30176425	-400719.1	-53310.1	-32113.9
2033-02-17 22:53:05	2053.03	6613.39	-216.1	126891450	-69600774	-30170736	-400631.7	-53816	-32281.9
2033-02-17 23:02:22	-2086.7	6604.77	145.88	126900238	-69587651	-30165047	-400543.6	-54321.8	-32449.7
2033-02-17 23:11:39	-5475.71	4219.94	455.24	126909023	-69574528	-30159358	-400454.7	-54827.5	-32617.5
2033-02-17 23:20:57	-6894.76	316.9	600.39	126917807	-69561403	-30153668	-400365.1	-55333.1	-32785.3
2033-02-17 23:30:14	-5833.32	-3700.15	528.96	126926590	-69548277	-30147978	-400274.7	-55838.6	-32952.9
2033-02-17 23:39:31	-2673.28	-6386	266.72	126935370	-69535151	-30142288	-400183.6	-56344	-33120.5
2033-02-17 23:48:48	1448.51	-6774.36	-91.73	126944150	-69522024	-30136597	-400091.7	-56849.3	-33288.1
2033-02-17 23:58:05	5049.18	-4725.5	-417.09	126952927	-69508895	-30130906	-399999.1	-57354.4	-33455.6
2033-02-18 00:07:22	6833.33	-976.55	-592	126961703	-69495766	-30125214	-399905.7	-57859.5	-33623
2033-02-18 00:16:40	6159.11	3123.74	-553.35	126970477	-69482636	-30119522	-399811.6	-58364.4	-33790.3
2033-02-18 00:25:57	3269.06	6100.21	-315.1	126979250	-69469505	-30113830	-399716.8	-58869.2	-33957.6
2033-02-18 00:35:14	-797.07	6882	36.81	126988021	-69456373	-30108137	-399621.1	-59373.9	-34124.8
2033-02-18 00:44:31	-4576.44	5187.85	375.45	126996791	-69443241	-30102444	-399524.8	-59878.4	-34291.9
2033-02-18 00:53:48	-6709.38	1627.26	578.65	127005559	-69430107	-30096750	-399427.7	-60382.9	-34459
2033-02-18 01:03:06	-6428.52	-2518.77	573.12	127014325	-69416973	-30091057	-399329.9	-60887.2	-34626
2033-02-18 01:12:23	-3834.92	-5758.62	360.85	127023090	-69403837	-30085362	-399231.3	-61391.4	-34793
2033-02-18 01:21:40	138.34	-6926.69	18.41	127031853	-69390701	-30079668	-399131.9	-61895.5	-34959.8
2033-02-18 01:30:57	4061.83	-5602.75	-330.67	127040614	-69377564	-30073972	-399031.9	-62399.5	-35126.6
2033-02-18 01:40:14	6524.02	-2263.1	-560.47	127049374	-69364426	-30068277	-398931	-62903.3	-35293.4
2033-02-18 01:49:31	6639.11	1890.75	-588.09	127058132	-69351287	-30062581	-398829.5	-63407.1	-35460
2033-02-18 01:58:49	4365.69	5364.37	-403.58	127066889	-69338147	-30056885	-398727.2	-63910.7	-35626.6
2033-02-18 02:08:06	521.66	6908.04	-73.49	127075644	-69325007	-30051188	-398624.1	-64414.1	-35793.2
2033-02-18 02:17:23	-3510.04	5966.41	283.12	127084398	-69311865	-30045491	-398520.3	-64917.5	-35959.6
2033-02-18 02:26:40	-6278.96	2878.24	537.59	127093149	-69298723	-30039794	-398415.8	-65420.7	-36126
2033-02-18 02:35:57	-6788.94	-1245.44	598.15	127101900	-69285579	-30034096	-398310.5	-65923.7	-36292.3
2033-02-18 02:45:15	-4856.51	-4921.05	442.93	127110648	-69272435	-30028398	-398204.4	-66426.7	-36458.6
2033-02-18 02:54:32	-1176.88	-6826.21	127.94	127119395	-69259290	-30022700	-398097.7	-66929.5	-36624.7
2033-02-18 03:03:49	2926.13	-6275.5	-233.2	127128140	-69246144	-30017001	-397990.2	-67432.2	-36790.8
2033-02-18 03:13:06	5976.44	-3467.05	-510.22	127136884	-69232997	-30011302	-397881.9	-67934.8	-36956.9
2033-02-18 03:22:23	6876.64	588.74	-603.19	127145626	-69219849	-30005602	-397772.9	-68437.2	-37122.8
2033-02-18 03:31:40	5302.87	4432.73	-478.58	127154367	-69206701	-29999902	-397663.1	-68939.5	-37288.7
2033-02-18 03:40:58	1821.34	6681.95	-181.33	127163106	-69193551	-29994201	-397552.6	-69441.6	-37454.5
2033-02-18 03:50:15	-2315.45	6527.2	181.33	127171843	-69180401	-29988501	-397441.4	-69943.6	-37620.3
2033-02-18 03:59:32	-5619.22	4024.16	478.58	127180579	-69167249	-29982799	-397329.4	-70445.5	-37785.9
2033-02-18 04:08:49	-6901.4	73.35	603.19	127189313	-69154097	-29977098	-397216.7	-70947.2	-37951.5
2033-02-18 04:18:06	-5700.71	-3903.86	510.22	127198045	-69140944	-29971396	-397103.2	-71448.8	-38117
2033-02-18 04:27:23	-2449.12	-6476.57	233.2	127206776	-69127790	-29965693	-396989	-71950.3	-38282.5
2033-02-18 04:36:41	1683.58	-6719.21	-127.94	127215505	-69114635	-29959991	-396874.1	-72451.6	-38447.8
2033-02-18 04:45:58	5210.58	-4544.47	-442.93	127224233	-69101480	-29954288	-396758.4	-72952.8	-38613.1
2033-02-18 04:55:15	6863.01	-734.76	-598.15	127232959	-69088323	-29948584	-396642	-73453.8	-38778.3
2033-02-18 05:04:32	6046.38	3339.29	-537.59	127241683	-69075166	-29942880	-396524.8	-73954.7	-38943.5
2033-02-18 05:13:49	3054.48	6211.97	-283.12	127250406	-69062007	-29937176	-396406.9	-74455.4	-39108.5
2033-02-18 05:23:07	-1036.3	6849.76	73.49	127259127	-69048848	-29931471	-396288.2	-74956	-39273.5
2033-02-18 05:32:24	-4754.26	5023.22	403.58	127267847	-69035688	-29925766	-396168.8	-75456.5	-39438.4
2033-02-18 05:41:41	-6761.81	1389.46	588.09	127276565	-69022527	-29920061	-396048.7	-75956.7	-39603.3
2033-02-18 05:50:58	-6336.71	-2744.18	560.47	127285281	-69009365	-29914355	-395927.8	-76456.9	-39768
2033-02-18 06:00:15	-3631.9	-5890.55	330.67	127293996	-68996202	-29908649	-395806.2	-76956.9	-39932.7
2033-02-18 06:09:32	379.54	-6917.67	-18.41	127302709	-68983039	-29902942	-395683.8	-77456.7	-40097.3
2033-02-18 06:18:50	4254.43	-5456.02	-360.85	127311421	-68969874	-29897235	-395560.7	-77956.4	-40261.8
2033-02-18 06:28:07	6598.73	-2031.45	-573.12	127320130	-68956709	-29891528	-395436.9	-78456	-40426.3
2033-02-18 06:37:24	6569.05	2123.97	-578.65	127328839	-68943543	-29885820	-395312.3	-78955.3	-40590.6
2033-02-18 06:46:41	4176.07	5515.25	-375.45	127337545	-68930375	-29880112	-395187	-79454.6	-40754.9
2033-02-18 06:55:58	280.69	6922.31	-36.81	127346250	-68917207	-29874404	-395060.9	-79953.6	-40919.1
2033-02-18 07:05:16	-3715.67	5838.93	315.1	127354954	-68904038	-29868695	-394934.1	-80452.6	-41083.2
2033-02-18 07:14:33	-6375.27	2654.87	553.35	127363656	-68890869	-29862986	-394806.6	-80951.3	-41247.3
2033-02-18 07:23:50	-6741.28	-1484.34	592	127372356	-68877698	-29857276	-394678.3	-81449.9	-41411.3
2033-02-18 07:33:07	-4682.03	-5089.52	417.09	127381054	-68864526	-29851566	-394549.3	-81948.4	-41575.1
2033-02-18 07:42:24	-938.36	-6863.65	91.73	127389751	-68851354	-29845856	-394419.5	-82446.6	-41738.9
2033-02-18 07:51:41	3142.9	-6168.44	-266.72	127398447	-68838181	-29840145	-394289.1	-82944.8	-41902.7
2033-02-18 08:00:59	6093.46	-3254	-528.96	127407140	-68825006	-29834434	-394157.8	-83442.7	-42066.3
2033-02-18 08:10:16	6851.81	831.12	-600.39	127415833	-68811831	-29828722	-394025.9	-83940.5	-42229.9
2033-02-18 08:19:33	5145.14	4617.24	-455.24	127424523	-68798655	-29823011	-393893.2	-84438.1	-42393.3
2033-02-18 08:28:50	1587.43	6742.21	-145.88	127433212	-68785479	-29817298	-393759.7	-84935.6	-42556.7
2033-02-18 08:38:07	-2541.37	6441.53	216.1	127441899	-68772301	-29811586	-393625.5	-85432.9	-42720
2033-02-18 08:47:25	-5755.89	3823.38	500.13	127450585	-68759122	-29805873	-393490.6	-85930	-42883.3
2033-02-18 08:56:42	-6899.64	-170.31	603.75	127459269	-68745943	-29800159	-393355	-86427	-43046.4
2033-02-18 09:05:59	-5561.16	-4102.73	489.58	127467951	-68732762	-29794445	-393218.6	-86923.8	-43209.5
2033-02-18 09:15:16	-2221.98	-6559.1	198.81	127476632	-68719581	-29788731	-393081.4	-87420.4	-43372.4
2033-02-18 09:24:33	1916.59	-6655.71	-163.68	127485311	-68706399	-29783017	-392943.6	-87916.8	-43535.3
2033-02-18 09:33:50	5365.64	-4357.79	-467.13	127493989	-68693216	-29777302	-392805	-88413.1	-43698.1
2033-02-18 09:43:08	6884.33	-492.06	-602.07	127502665	-68680032	-29771586	-392665.6	-88909.2	-43860.9
2033-02-18 09:52:25	5926.29	3550.7	-519.83	127511339	-68666847	-29765871	-392525.6	-89405.1	-44023.5
2033-02-18 10:01:42	2836.19	6316.02	-250.08	127520012	-68653662	-29760154	-392384.8	-89900.9	-44186
2033-02-18 10:10:59	-1274.26	6809.02	109.89	127528683	-68640475	-29754438	-392243.2	-90396.5	-44348.5
2033-02-18 10:20:16	-4926.29	4852.34	430.21	127537353	-68627288	-29748721	-392100.9	-90891.9	-44510.9
2033-02-18 10:29:33	-6806.01	1149.93	595.35	127546020	-68614100	-29743004	-391957.9	-91387.1	-44673.2
2033-02-18 10:38:51	-6237.18	-2966.19	545.73	127554687	-68600911	-29737286	-391814.2	-91882.2	-44835.4
2033-02-18 10:48:08	-3424.45	-6015.16	299.25	127563351	-68587721	-29731568	-391669.7	-92377	-44997.5
2033-02-18 10:57:25	620.28	-6900.06	-55.17	127572014	-68574530	-29725850	-391524.5	-92871.7	-45159.5
2033-02-18 11:06:42	4441.85	-5302.51	-389.7	127580676	-68561338	-29720131	-391378.5	-93366.2	-45321.5
2033-02-18 11:15:59	6665.41	-1797.28	-583.64	127589336	-68548145	-29714412	-391231.8	-93860.5	-45483.3
2033-02-18 11:25:17	6491	2354.56	-567.06	127597994	-68534952	-29708693	-391084.4	-94354.7	-45645.1
2033-02-18 11:34:34	3981.37	5659.3	-345.92	127606650	-68521757	-29702973	-390936.3	-94848.6	-45806.7
2033-02-18 11:43:51	39.38	6927.99	0	127615305	-68508562	-29697252	-390787.4	-95342.4	-45968.3
2033-02-18 11:53:08	-3916.77	5704.2	345.92	127623959	-68495366	-29691532	-390637.8	-95836	-46129.8
2033-02-18 12:02:25	-6463.81	2428.2	567.06	127632610	-68482169	-29685811	-390487.4	-96329.4	-46291.2
2033-02-18 12:11:42	-6685.41	-1721.39	583.64	127641260	-68468971	-29680089	-390336.3	-96822.6	-46452.5
2033-02-18 12:21:00	-4501.85	-5251.67	389.7	127649909	-68455772	-29674368	-390184.5	-97315.6	-46613.8
2033-02-18 12:30:17	-698.69	-6892.56	55.17	127658556	-68442573	-29668645	-390032	-97808.4	-46774.9
2033-02-18 12:39:34	3355.84	-6053.71	-299.25	127667201	-68429372	-29662923	-389878.7	-98301.1	-46935.9
2033-02-18 12:48:51	6203.06	-3036.91	-545.73	127675845	-68416171	-29657200	-389724.7	-98793.5	-47096.9
2033-02-18 12:58:08	6818.65	1072.48	-595.35	127684487	-68402969	-29651477	-389569.9	-99285.8	-47257.8
2033-02-18 13:07:26	4981.14	4796.02	-430.21	127693127	-68389765	-29645753	-389414.5	-99777.8	-47418.5
2033-02-18 13:16:43	1351.6	6794.09	-109.89	127701766	-68376561	-29640029	-389258.2	-100269.7	-47579.2
2033-02-18 13:26:00	-2764.2	6347.85	250.08	127710403	-68363357	-29634304	-389101.3	-100761.4	-47739.8
2033-02-18 13:35:17	-5885.54	3617.84	519.83	127719038	-68350151	-29628580	-388943.6	-101252.8	-47900.3
2033-02-18 13:44:34	-6889.48	-413.76	602.07	127727672	-68336944	-29622854	-388785.2	-101744.1	-48060.7
2033-02-18 13:53:51	-5414.84	-4296.5	467.13	127736305	-68323737	-29617129	-388626.1	-102235.2	-48221
2033-02-18 14:03:09	-1992.14	-6633.49	163.68	127744935	-68310528	-29611403	-388466.3	-102726.1	-48381.2
2033-02-18 14:12:26	2147.26	-6583.94	-198.81	127753564	-68297319	-29605677	-388305.7	-103216.7	-48541.3
2033-02-18 14:21:43	5514.16	-4165.69	-489.58	127762192	-68284109	-29599950	-388144.4	-103707.2	-48701.3
2033-02-18 14:31:00	6897.26	-248.74	-603.75	127770817	-68270898	-29594223	-387982.3	-104197.5	-48861.2
2033-02-18 14:40:17	5798.98	3757.69	-500.13	127779442	-68257686	-29588495	-387819.5	-104687.6	-49021.1
2033-02-18 14:49:35	2614.45	6412.22	-216.1	127788064	-68244473	-29582767	-387656	-105177.4	-49180.8
2033-02-18 14:58:52	-1510.67	6759.82	145.88	127796685	-68231260	-29577039	-387491.8	-105667.1	-49340.4
2033-02-18 15:08:09	-5092.31	4675.44	455.24	127805304	-68218045	-29571311	-387326.9	-106156.5	-49500
2033-02-18 15:17:26	-6841.92	908.97	600.39	127813922	-68204830	-29565582	-387161.2	-106645.8	-49659.4
2033-02-18 15:26:43	-6130.06	-3184.51	528.96	127822538	-68191614	-29559852	-386994.7	-107134.8	-49818.8
2033-02-18 15:36:00	-3212.83	-6132.3	266.72	127831153	-68178397	-29554123	-386827.6	-107623.7	-49978
2033-02-18 15:45:18	860.26	-6873.87	-91.73	127839766	-68165179	-29548392	-386659.7	-108112.3	-50137.2
2033-02-18 15:54:35	4623.86	-5142.42	-417.09	127848377	-68151960	-29542662	-386491.1	-108600.7	-50296.3
2033-02-18 16:03:52	6723.97	-1560.88	-592	127856986	-68138740	-29536931	-386321.8	-109088.9	-50455.2
2033-02-18 16:13:09	6405.04	2582.21	-553.35	127865594	-68125519	-29531200	-386151.8	-109576.9	-50614.1
2033-02-18 16:22:26	3781.81	5796.31	-315.1	127874201	-68112298	-29525468	-385981	-110064.6	-50772.8
2033-02-18 16:31:43	-201.97	6925.06	36.81	127882805	-68099076	-29519736	-385809.5	-110552.2	-50931.5
2033-02-18 16:41:01	-4113.1	5562.38	375.45	127891409	-68085853	-29514004	-385637.3	-111039.5	-51090.1
2033-02-18 16:50:18	-6544.48	2198.52	578.65	127900010	-68072628	-29508271	-385464.3	-111526.7	-51248.5
2033-02-18 16:59:35	-6621.4	-1956.3	573.12	127908610	-68059404	-29502538	-385290.6	-112013.6	-51406.9
2033-02-18 17:08:52	-4316.19	-5407.3	360.85	127917208	-68046178	-29496804	-385116.2	-112500.3	-51565.2
2033-02-18 17:18:09	-458.17	-6912.91	18.41	127925805	-68032951	-29491071	-384941.1	-112986.7	-51723.3
2033-02-18 17:27:27	3564.69	-5931.46	-330.67	127934400	-68019723	-29485336	-384765.3	-113473	-51881.4
2033-02-18 17:36:44	6305.1	-2816.05	-560.47	127942993	-68006495	-29479602	-384588.7	-113959	-52039.4
2033-02-18 17:46:01	6777.17	1312.49	-588.09	127951585	-67993266	-29473867	-384411.4	-114444.8	-52197.2
2033-02-18 17:55:18	4811.06	4968.84	-403.58	127960175	-67980036	-29468131	-384233.4	-114930.4	-52355
2033-02-18 18:04:35	1114.11	6837.54	-73.49	127968764	-67966805	-29462395	-384054.6	-115415.8	-52512.7
2033-02-18 18:13:52	-2983.66	6246.29	283.12	127977351	-67953573	-29456659	-383875.2	-115900.9	-52670.2
2033-02-18 18:23:10	-6008.02	3407.82	537.59	127985936	-67940340	-29450923	-383695	-116385.8	-52827.7
2033-02-18 18:32:27	-6870.92	-656.69	598.15	127994520	-67927106	-29445186	-383514.1	-116870.5	-52985
2033-02-18 18:41:44	-5261.91	-4484.93	442.93	128003102	-67913872	-29439449	-383332.4	-117355	-53142.3
2033-02-18 18:51:01	-1759.86	-6699.63	127.94	128011682	-67900636	-29433711	-383150.1	-117839.2	-53299.4
2033-02-18 19:00:18	2375.32	-6504	-233.2	128020261	-67887400	-29427973	-382967	-118323.2	-53456.5
2033-02-18 19:09:36	5655.96	-3968.42	-510.22	128028838	-67874163	-29422235	-382783.2	-118807	-53613.4
2033-02-18 19:18:53	6901.79	-5.12	-603.19	128037413	-67860925	-29416496	-382598.7	-119290.5	-53770.2
2033-02-18 19:28:10	5664.61	3960.02	-478.58	128045987	-67847686	-29410757	-382413.4	-119773.8	-53927
2033-02-18 19:37:27	2389.51	6500.46	-181.33	128054560	-67834447	-29405017	-382227.5	-120256.9	-54083.6
2033-02-18 19:46:44	-1745.25	6702.22	181.33	128063130	-67821206	-29399277	-382040.8	-120739.7	-54240.1
2033-02-18 19:56:01	-5252.13	4492.73	478.58	128071699	-67807965	-29393537	-381853.4	-121222.3	-54396.5
2033-02-18 20:05:19	-6869.5	666.89	603.19	128080267	-67794722	-29387796	-381665.3	-121704.7	-54552.8
2033-02-18 20:14:36	-6015.47	-3398.88	510.22	128088833	-67781479	-29382055	-381476.4	-122186.8	-54709
2033-02-18 20:23:53	-2997.29	-6241.83	233.2	128097397	-67768235	-29376314	-381286.9	-122668.7	-54865.1
2033-02-18 20:33:10	1099.2	-6839.15	-127.94	128105959	-67754990	-29370572	-381096.6	-123150.4	-55021.1
2033-02-18 20:42:27	4800.24	-4975.95	-442.93	128114520	-67741744	-29364830	-380905.6	-123631.8	-55177
2033-02-18 20:51:44	6774.34	-1322.55	-598.15	128123080	-67728498	-29359087	-380713.9	-124113	-55332.8
2033-02-18 21:01:02	6311.28	2806.66	-537.59	128131637	-67715250	-29353344	-380521.4	-124593.9	-55488.5
2033-02-18 21:10:19	3577.65	5926.12	-283.12	128140193	-67702002	-29347601	-380328.3	-125074.6	-55644
2033-02-18 21:19:36	-443.09	6913.53	73.49	128148748	-67688753	-29341857	-380134.4	-125555.1	-55799.5
2033-02-18 21:28:53	-4304.42	5413.65	403.58	128157301	-67675503	-29336113	-379939.8	-126035.3	-55954.8
2033-02-18 21:38:10	-6617.18	1966.11	588.09	128165852	-67662252	-29330369	-379744.5	-126515.2	-56110.1
2033-02-18 21:47:28	-6549.33	-2188.78	560.47	128174401	-67649000	-29324624	-379548.5	-126994.9	-56265.2
2033-02-18 21:56:45	-4125.26	-5556.21	330.67	128182949	-67635747	-29318879	-379351.8	-127474.4	-56420.2
2033-02-18 22:06:02	-217.08	-6924.67	-18.41	128191496	-67622494	-29313133	-379154.3	-127953.6	-56575.1
2033-02-18 22:15:19	3769.21	-5801.85	-360.85	128200040	-67609239	-29307387	-378956.2	-128432.6	-56729.9
2033-02-18 22:24:36	6399.47	-2591.69	-573.12	128208583	-67595984	-29301641	-378757.3	-128911.3	-56884.6
2033-02-18 22:33:53	6727.44	1550.88	-578.65	128217125	-67582728	-29295894	-378557.7	-129389.8	-57039.2
2033-02-18 22:43:11	4635.13	5135.48	-375.45	128225665	-67569471	-29290147	-378357.4	-129868	-57193.6
2033-02-18 22:52:28	875.26	6872.49	-36.81	128234203	-67556213	-29284400	-378156.4	-130345.9	-57348
2033-02-18 23:01:45	-3199.49	6136.98	315.1	128242739	-67542954	-29278652	-377954.6	-130823.7	-57502.2
2033-02-18 23:11:02	-6123.19	3193.57	553.35	128251274	-67529694	-29272904	-377752.2	-131301.1	-57656.4
2033-02-18 23:20:19	-6844	-898.79	592	128259808	-67516434	-29267156	-377549	-131778.3	-57810.4
2033-02-18 23:29:37	-5102.58	-4667.79	417.09	128268339	-67503173	-29261407	-377345.1	-132255.3	-57964.3
2033-02-18 23:38:54	-1525.44	-6757.45	91.73	128276869	-67489910	-29255657	-377140.5	-132731.9	-58118.1
2033-02-18 23:48:11	2600.5	-6415.98	-266.72	128285398	-67476647	-29249908	-376935.2	-133208.4	-58271.7
2033-02-18 23:57:28	5790.88	-3766.23	-528.96	128293925	-67463383	-29244158	-376729.2	-133684.5	-58425.3
2033-02-19 00:06:45	6897.91	238.5	-600.39	128302450	-67450119	-29238407	-376522.5	-134160.4	-58578.8
2033-02-19 00:16:02	5523.33	4157.42	-455.24	128310973	-67436853	-29232656	-376315	-134636.1	-58732.1
2033-02-19 00:25:20	2161.66	6580.62	-145.88	128319495	-67423587	-29226905	-376106.9	-135111.5	-58885.3
2033-02-19 00:34:37	-1977.7	6636.31	216.1	128328016	-67410319	-29221154	-375898	-135586.6	-59038.4
2033-02-19 00:43:54	-5405.57	4304.45	500.13	128336534	-67397051	-29215402	-375688.5	-136061.4	-59191.4
2033-02-19 00:53:11	-6888.71	423.98	603.75	128345051	-67383782	-29209650	-375478.2	-136536	-59344.3
2033-02-19 01:02:28	-5893.54	-3609.02	489.58	128353567	-67370512	-29203897	-375267.2	-137010.4	-59497.1
2033-02-19 01:11:46	-2778.1	-6343.6	198.81	128362081	-67357241	-29198144	-375055.5	-137484.4	-59649.7
2033-02-19 01:21:03	1336.81	-6795.93	-163.68	128370593	-67343969	-29192390	-374843.1	-137958.2	-59802.3
2033-02-19 01:30:20	4970.78	-4803.3	-467.13	128379103	-67330697	-29186637	-374629.9	-138431.8	-59954.7
2033-02-19 01:39:37	6816.46	-1082.58	-602.07	128387612	-67317423	-29180883	-374416.1	-138905	-60107
2033-02-19 01:48:54	6209.82	3027.62	-519.83	128396120	-67304149	-29175128	-374201.6	-139378	-60259.2
2033-02-19 01:58:11	3369.12	6048.56	-250.08	128404625	-67290874	-29169373	-373986.3	-139850.7	-60411.2
2033-02-19 02:07:29	-683.67	6893.41	109.89	128413129	-67277598	-29163618	-373770.4	-140323.1	-60563.2
2033-02-19 02:16:46	-4490.51	5258.21	430.21	128421632	-67264321	-29157862	-373553.7	-140795.3	-60715
2033-02-19 02:26:03	-6681.83	1731.27	595.35	128430132	-67251043	-29152106	-373336.4	-141267.2	-60866.7
2033-02-19 02:35:20	-6469.27	-2418.53	545.73	128438632	-67237765	-29146350	-373118.3	-141738.8	-61018.3
2033-02-19 02:44:37	-3929.31	-5698.21	299.25	128447129	-67224485	-29140593	-372899.5	-142210.2	-61169.8
2033-02-19 02:53:54	24.28	-6927.84	-55.17	128455625	-67211205	-29134836	-372680	-142681.2	-61321.1
2033-02-19 03:03:12	3969.14	-5665.04	-389.7	128464119	-67197924	-29129078	-372459.8	-143152	-61472.4
2033-02-19 03:12:29	6486.05	-2364.13	-583.64	128472612	-67184642	-29123321	-372238.9	-143622.5	-61623.5
2033-02-19 03:21:46	6669.52	1787.32	-567.06	128481103	-67171359	-29117562	-372017.3	-144092.8	-61774.5
2033-02-19 03:31:03	4453.54	5295.74	-345.92	128489592	-67158075	-29111804	-371795	-144562.7	-61925.4
2033-02-19 03:40:20	635.34	6898.91	0	128498080	-67144791	-29106045	-371572	-145032.4	-62076.1
2033-02-19 03:49:38	-3411.44	6020.05	345.92	128506566	-67131505	-29100285	-371348.3	-145501.8	-62226.8
2033-02-19 03:58:55	-6230.91	2975.36	567.06	128515051	-67118219	-29094526	-371123.9	-145970.9	-62377.3
2033-02-19 04:08:12	-6808.73	-1139.77	583.64	128523534	-67104932	-29088766	-370898.7	-146439.7	-62527.7
2033-02-19 04:17:29	-4937.02	-4844.85	389.7	128532015	-67091644	-29083005	-370672.9	-146908.3	-62677.9
2033-02-19 04:26:46	-1289.15	-6806.88	55.17	128540494	-67078355	-29077244	-370446.4	-147376.5	-62828.1
2033-02-19 04:36:03	2822.52	-6320	-299.25	128548972	-67065065	-29071483	-370219.2	-147844.5	-62978.1
2033-02-19 04:45:21	5918.75	-3559.37	-545.73	128557449	-67051775	-29065721	-369991.2	-148312.1	-63128
2033-02-19 04:54:38	6885.64	481.81	-595.35	128565923	-67038483	-29059959	-369762.6	-148779.5	-63277.8
2033-02-19 05:03:55	5375.32	4349.64	-430.21	128574397	-67025191	-29054197	-369533.3	-149246.6	-63427.4
2033-02-19 05:13:12	1931.16	6652.6	-109.89	128582868	-67011898	-29048434	-369303.2	-149713.4	-63577
2033-02-19 05:22:29	-2207.76	6562.15	250.08	128591338	-66998604	-29042671	-369072.5	-150179.9	-63726.4
2033-02-19 05:31:47	-5552.42	4110.83	519.83	128599806	-66985309	-29036908	-368841.1	-150646.2	-63875.7
2033-02-19 05:41:04	-6899.53	180.56	602.07	128608273	-66972013	-29031144	-368608.9	-151112.1	-64024.8
2033-02-19 05:50:21	-5764.44	-3814.66	467.13	128616738	-66958717	-29025380	-368376.1	-151577.7	-64173.9
2033-02-19 05:59:38	-2555.51	-6437.48	163.68	128625201	-66945419	-29019615	-368142.6	-152043.1	-64322.8
2033-02-19 06:08:55	1572.8	-6744.28	-198.81	128633663	-66932121	-29013850	-367908.3	-152508.1	-64471.6
2033-02-19 06:18:12	5135.28	-4624.69	-489.58	128642123	-66918822	-29008085	-367673.4	-152972.9	-64620.2
2033-02-19 06:27:30	6850.28	-841.28	-603.75	128650581	-66905522	-29002319	-367437.8	-153437.3	-64768.8
2033-02-19 06:36:47	6100.8	3244.8	-500.13	128659038	-66892221	-28996553	-367201.4	-153901.5	-64917.2
2033-02-19 06:46:04	3156.47	6163.49	-216.1	128667493	-66878919	-28990787	-366964.4	-154365.3	-65065.5
2033-02-19 06:55:21	-923.44	6864.73	145.88	128675947	-66865616	-28985020	-366726.7	-154828.9	-65213.6
2033-02-19 07:04:38	-4671.14	5096.25	455.24	128684398	-66852313	-28979253	-366488.3	-155292.1	-65361.7
2033-02-19 07:13:56	-6738.34	1494.3	600.39	128692849	-66839009	-28973485	-366249.2	-155755.1	-65509.6
2033-02-19 07:23:13	-6381.33	-2645.26	528.96	128701297	-66825704	-28967717	-366009.4	-156217.7	-65657.3
2033-02-19 07:32:30	-3728.55	-5833.12	266.72	128709744	-66812398	-28961949	-365768.9	-156680	-65805
2033-02-19 07:41:47	265.63	-6922.4	-91.73	128718190	-66799091	-28956180	-365527.7	-157142.1	-65952.5
2033-02-19 07:51:04	4164.25	-5521.2	-417.09	128726633	-66785783	-28950411	-365285.8	-157603.8	-66099.9
2033-02-19 08:00:21	6564.73	-2133.64	-592	128735076	-66772474	-28944642	-365043.2	-158065.2	-66247.1
2033-02-19 08:09:39	6603.47	2021.53	-553.35	128743516	-66759165	-28938872	-364799.9	-158526.3	-66394.3
2033-02-19 08:18:56	4266.52	5449.41	-315.1	128751955	-66745855	-28933102	-364555.9	-158987.1	-66541.3
2033-02-19 08:28:13	394.63	6916.75	36.81	128760392	-66732544	-28927332	-364311.3	-159447.6	-66688.2
2033-02-19 08:37:30	-3619.24	5895.65	375.45	128768828	-66719232	-28921561	-364065.9	-159907.8	-66834.9
2033-02-19 08:46:47	-6331.05	2753.47	578.65	128777262	-66705919	-28915790	-363819.8	-160367.7	-66981.5
2033-02-19 08:56:04	-6765.17	-1379.32	573.12	128785694	-66692605	-28910018	-363573.1	-160827.2	-67128
2033-02-19 09:05:22	-4765.44	-5015.87	360.85	128794125	-66679290	-28904246	-363325.7	-161286.5	-67274.3
2033-02-19 09:14:39	-1051.27	-6847.85	18.41	128802554	-66665975	-28898474	-363077.5	-161745.4	-67420.6
2033-02-19 09:23:56	3041.11	-6216.18	-330.67	128810981	-66652659	-28892701	-362828.7	-162204	-67566.7
2033-02-19 09:33:13	6039.42	-3348.11	-560.47	128819407	-66639342	-28886928	-362579.2	-162662.3	-67712.6
2033-02-19 09:42:30	6864.97	724.5	-588.09	128827831	-66626024	-28881154	-362329	-163120.3	-67858.4
2033-02-19 09:51:48	5220.75	4536.46	-403.58	128836254	-66612705	-28875381	-362078.1	-163578	-68004.1
2033-02-19 10:01:05	1698.3	6716.32	-73.49	128844675	-66599385	-28869606	-361826.5	-164035.3	-68149.7
2033-02-19 10:10:22	-2435.15	6479.85	283.12	128853094	-66586065	-28863832	-361574.3	-164492.4	-68295.1
2033-02-19 10:19:39	-5692.53	3912.12	537.59	128861511	-66572743	-28858057	-361321.3	-164949.1	-68440.4
2033-02-19 10:28:56	-6901.94	-63.06	598.15	128869927	-66559421	-28852282	-361067.7	-165405.5	-68585.6
2033-02-19 10:38:13	-5628.29	-4015.55	442.93	128878342	-66546098	-28846506	-360813.3	-165861.5	-68730.6
2033-02-19 10:47:31	-2329.79	-6523.36	127.94	128886755	-66532774	-28840730	-360558.3	-166317.3	-68875.5
2033-02-19 10:56:48	1806.9	-6684.26	-233.2	128895166	-66519449	-28834953	-360302.6	-166772.7	-69020.2
2033-02-19 11:06:05	5293.53	-4440.36	-510.22	128903575	-66506124	-28829177	-360046.2	-167227.8	-69164.9
2033-02-19 11:15:22	6875.75	-598.95	-603.19	128911983	-66492797	-28823399	-359789.2	-167682.5	-69309.4
2033-02-19 11:24:39	5984.33	3457.93	-478.58	128920389	-66479470	-28817622	-359531.4	-168137	-69453.7
2033-02-19 11:33:57	2939.96	6270.75	-181.33	128928794	-66466142	-28811844	-359272.9	-168591.1	-69597.9
2033-02-19 11:43:14	-1162.1	6827.53	181.33	128937197	-66452813	-28806066	-359013.8	-169044.9	-69742
2033-02-19 11:52:31	-4846.09	4927.97	478.58	128945598	-66439483	-28800287	-358754	-169498.3	-69886
2033-02-19 12:01:48	-6786.64	1255.48	603.19	128953998	-66426152	-28794508	-358493.5	-169951.4	-70029.8
2033-02-19 12:11:05	-6285.61	-2868.69	510.22	128962396	-66412821	-28788729	-358232.3	-170404.2	-70173.4
2033-02-19 12:20:22	-3523.24	-5960.79	233.2	128970792	-66399488	-28782949	-357970.4	-170856.7	-70317
2033-02-19 12:29:40	506.67	-6908.36	-127.94	128979187	-66386155	-28777169	-357707.9	-171308.8	-70460.4
2033-02-19 12:38:57	4354.3	-5370.52	-442.93	128987580	-66372821	-28771389	-357444.6	-171760.6	-70603.6
2033-02-19 12:48:14	6635.42	-1900.52	-598.15	128995971	-66359486	-28765608	-357180.7	-172212	-70746.8
2033-02-19 12:57:31	6529.36	2253.22	-537.59	129004361	-66346150	-28759826	-356916.1	-172663.1	-70889.7
2033-02-19 13:06:48	4074.28	5596.31	-283.12	129012749	-66332813	-28754045	-356650.9	-173113.9	-71032.6
2033-02-19 13:16:06	153.41	6926.01	73.49	129021136	-66319476	-28748263	-356384.9	-173564.4	-71175.3
2033-02-19 13:25:23	-3822.65	5763.94	403.58	129029521	-66306137	-28742481	-356118.3	-174014.5	-71317.9
2033-02-19 13:34:40	-6423.47	2528.18	588.09	129037904	-66292798	-28736698	-355850.9	-174464.2	-71460.3
2033-02-19 13:43:57	-6713.37	-1617.14	560.47	129046286	-66279458	-28730915	-355582.9	-174913.7	-71602.6
2033-02-19 13:53:14	-4588.04	-5180.65	330.67	129054666	-66266117	-28725132	-355314.3	-175362.7	-71744.7
2033-02-19 14:02:31	-812.09	-6880.32	-18.41	129063044	-66252775	-28719348	-355044.9	-175811.5	-71886.7
2033-02-19 14:11:49	3256.02	-6104.64	-360.85	129071421	-66239433	-28713564	-354774.9	-176259.9	-72028.6
2033-02-19 14:21:06	6152.74	-3132.71	-573.12	129079796	-66226089	-28707779	-354504.2	-176707.9	-72170.3
2033-02-19 14:30:23	6835.94	966.28	-578.65	129088170	-66212745	-28701994	-354232.8	-177155.6	-72311.9
2033-02-19 14:39:40	5059.81	4717.62	-375.45	129096542	-66199400	-28696209	-353960.7	-177603	-72453.4
2033-02-19 14:48:57	1463.34	6771.69	-36.81	129104912	-66186054	-28690423	-353687.9	-178050	-72594.7
2033-02-19 14:58:14	-2659.59	6389.51	315.1	129113280	-66172707	-28684637	-353414.5	-178496.7	-72735.8
2033-02-19 15:07:32	-5825.7	3708.58	553.35	129121647	-66159359	-28678851	-353140.4	-178943	-72876.9
2033-02-19 15:16:49	-6895.95	-306.59	592	129130013	-66146011	-28673064	-352865.7	-179389	-73017.7
2033-02-19 15:26:06	-5485.28	-4211.44	417.09	129138376	-66132661	-28667277	-352590.2	-179834.6	-73158.5
2033-02-19 15:35:23	-2101.21	-6601.14	91.73	129146738	-66119311	-28661490	-352314.1	-180279.8	-73299.1
2033-02-19 15:44:40	2038.81	-6615.94	-266.72	129155099	-66105960	-28655702	-352037.3	-180724.8	-73439.5
2033-02-19 15:53:58	5445.35	-4250.53	-528.96	129163458	-66092608	-28649914	-351759.8	-181169.3	-73579.8
2033-02-19 16:03:15	6892.85	-355.9	-600.39	129171815	-66079255	-28644125	-351481.7	-181613.5	-73720
2033-02-19 16:12:32	5860.56	3666.76	-455.24	129180170	-66065902	-28638336	-351202.9	-182057.4	-73860
2033-02-19 16:21:49	2719.85	6370.22	-145.88	129188524	-66052547	-28632547	-350923.4	-182500.9	-73999.9
2033-02-19 16:31:06	-1399.37	6781.86	216.1	129196876	-66039192	-28626757	-350643.2	-182944	-74139.6
2033-02-19 16:40:23	-5015.16	4753.59	500.13	129205227	-66025836	-28620967	-350362.4	-183386.8	-74279.2
2033-02-19 16:49:41	-6826.68	1015.13	603.75	129213576	-66012479	-28615177	-350080.9	-183829.2	-74418.6
2033-02-19 16:58:58	-6182.22	-3088.54	489.58	129221923	-65999121	-28609386	-349798.7	-184271.3	-74557.9
2033-02-19 17:08:15	-3313.61	-6081.04	198.81	129230269	-65985762	-28603595	-349515.9	-184713	-74697.1
2033-02-19 17:17:32	747.11	-6885.75	-163.68	129238613	-65972403	-28597804	-349232.4	-185154.3	-74836.1
2033-02-19 17:26:49	4539.06	-5213.18	-467.13	129246955	-65959042	-28592012	-348948.2	-185595.3	-74974.9
2033-02-19 17:36:07	6698.03	-1665.07	-602.07	129255296	-65945681	-28586220	-348663.3	-186035.9	-75113.6
2033-02-19 17:45:24	6447.3	2482.08	-519.83	129263635	-65932319	-28580427	-348377.8	-186476.2	-75252.2
2033-02-19 17:54:41	3877.06	5736.24	-250.08	129271973	-65918956	-28574634	-348091.6	-186916.1	-75390.6
2033-02-19 18:03:58	-88.01	6926.67	109.89	129280308	-65905592	-28568841	-347804.8	-187355.6	-75528.9
2033-02-19 18:13:15	-4021.43	5625.09	430.21	129288643	-65892228	-28563047	-347517.3	-187794.8	-75667
2033-02-19 18:22:32	-6508.09	2299.77	595.35	129296975	-65878862	-28557253	-347229.1	-188233.5	-75805
2033-02-19 18:31:50	-6653.38	-1852.93	545.73	129305306	-65865496	-28551459	-346940.2	-188672	-75942.8
2033-02-19 18:41:07	-4405.02	-5338.99	299.25	129313635	-65852129	-28545664	-346650.7	-189110	-76080.5
2033-02-19 18:50:24	-571.9	-6904.23	-55.17	129321963	-65838761	-28539869	-346360.5	-189547.7	-76218
2033-02-19 18:59:41	3466.98	-5985.54	-389.7	129330289	-65825392	-28534073	-346069.7	-189985	-76355.4
2033-02-19 19:08:58	6258.58	-2913.43	-583.64	129338613	-65812022	-28528277	-345778.2	-190422	-76492.6
2033-02-19 19:18:15	6798.57	1206.83	-567.06	129346936	-65798652	-28522481	-345486	-190858.5	-76629.7
2033-02-19 19:27:33	4892.68	4892.91	-345.92	129355257	-65785280	-28516685	-345193.2	-191294.7	-76766.6
2033-02-19 19:36:50	1226.58	6818.66	0	129363577	-65771908	-28510888	-344899.7	-191730.5	-76903.4
2033-02-19 19:46:07	-2880.81	6291.25	345.92	129371894	-65758535	-28505090	-344605.5	-192166	-77040
2033-02-19 19:55:24	-5951.8	3500.45	567.06	129380211	-65745161	-28499293	-344310.7	-192601	-77176.5
2033-02-19 20:04:41	-6881.55	-549.71	583.64	129388525	-65731786	-28493495	-344015.2	-193035.7	-77312.8
2033-02-19 20:13:59	-5335.57	-4402.08	389.7	129396838	-65718411	-28487696	-343719.1	-193470	-77448.9
2033-02-19 20:23:16	-1870.05	-6670.72	55.17	129405149	-65705035	-28481897	-343422.2	-193904	-77585
2033-02-19 20:32:33	2268.26	-6539.42	-299.25	129413459	-65691657	-28476098	-343124.8	-194337.5	-77720.8
2033-02-19 20:41:50	5590.54	-4055.44	-545.73	129421767	-65678279	-28470299	-342826.7	-194770.7	-77856.5
2033-02-19 20:51:07	6901.56	-112.44	-595.35	129430073	-65664900	-28464499	-342527.9	-195203.5	-77992.1
2033-02-19 21:00:24	5729.64	3871.01	-430.21	129438378	-65651520	-28458699	-342228.4	-195635.9	-78127.5
2033-02-19 21:09:42	2496.41	6461.77	-109.89	129446681	-65638140	-28452898	-341928.3	-196067.9	-78262.8
2033-02-19 21:18:59	-1634.95	6727.78	250.08	129454982	-65624758	-28447097	-341627.6	-196499.6	-78397.9
2033-02-19 21:28:16	-5178.13	4573.33	519.83	129463282	-65611376	-28441296	-341326.2	-196930.8	-78532.8
2033-02-19 21:37:33	-6858.4	773.55	602.07	129471580	-65597993	-28435494	-341024.1	-197361.7	-78667.6
2033-02-19 21:46:50	-6071.28	-3304.53	467.13	129479877	-65584609	-28429692	-340721.4	-197792.2	-78802.3
2033-02-19 21:56:08	-3099.93	-6193.72	163.68	129488172	-65571224	-28423889	-340418	-198222.3	-78936.7
2033-02-19 22:05:25	986.67	-6854.6	-198.81	129496465	-65557839	-28418087	-340113.9	-198652	-79071.1
2033-02-19 22:14:42	4718.32	-5049.39	-489.58	129504756	-65544452	-28412283	-339809.2	-199081.3	-79205.2
2033-02-19 22:23:59	6752.49	-1427.57	-603.75	129513046	-65531065	-28406480	-339503.9	-199510.2	-79339.3
2033-02-19 22:33:16	6357.36	2707.84	-500.13	129521335	-65517677	-28400676	-339197.9	-199938.8	-79473.1
2033-02-19 22:42:33	3675.09	5869.04	-216.1	129529621	-65504288	-28394872	-338891.2	-200366.9	-79606.8
2033-02-19 22:51:51	-329.36	6918.73	145.88	129537906	-65490898	-28389067	-338583.9	-200794.6	-79740.4
2033-02-19 23:01:08	-4215.32	5479.27	455.24	129546190	-65477507	-28383262	-338276	-201222	-79873.8
2033-02-19 23:10:25	-6584.78	2068.54	600.39	129554471	-65464116	-28377457	-337967.3	-201649	-80007
2033-02-19 23:19:42	-6585.27	-2086.38	528.96	129562751	-65450723	-28371651	-337658.1	-202075.5	-80140.1
2033-02-19 23:28:59	-4216.62	-5490.68	266.72	129571030	-65437330	-28365845	-337348.2	-202501.7	-80273
2033-02-19 23:38:17	-330.98	-6919.58	-91.73	129579307	-65423936	-28360039	-337037.6	-202927.5	-80405.8
2033-02-19 23:47:34	3673.75	-5859.03	-417.09	129587582	-65410541	-28354232	-336726.4	-203352.8	-80538.4
2033-02-19 23:56:51	6356.8	-2690.57	-592	129595855	-65397145	-28348425	-336414.5	-203777.8	-80670.8
2033-02-20 00:06:08	6752.92	1445.86	-553.35	129604127	-65383749	-28342617	-336102	-204202.4	-80803.1
2033-02-20 00:15:25	4719.57	5062.1	-315.1	129612397	-65370351	-28336809	-335788.9	-204626.6	-80935.3
2033-02-20 00:24:42	988.3	6857.15	36.81	129620666	-65356953	-28331001	-335475.1	-205050.3	-81067.2
2033-02-20 00:34:00	-3098.55	6185.19	375.45	129628933	-65343554	-28325193	-335160.6	-205473.7	-81199.1
2033-02-20 00:43:17	-6070.65	3288	578.65	129637198	-65330154	-28319384	-334845.5	-205896.7	-81330.7
2033-02-20 00:52:34	-6858.76	-792.12	573.12	129645462	-65316754	-28313574	-334529.7	-206319.2	-81462.2
2033-02-20 01:01:51	-5179.34	-4587.24	360.85	129653724	-65303352	-28307765	-334213.4	-206741.4	-81593.5
2033-02-20 01:11:08	-1636.58	-6732	18.41	129661984	-65289950	-28301955	-333896.3	-207163.1	-81724.7
2033-02-20 01:20:25	2494.98	-6454.79	-330.67	129670243	-65276546	-28296144	-333578.6	-207584.5	-81855.7
2033-02-20 01:29:43	5728.94	-3855.34	-560.47	129678500	-65263142	-28290333	-333260.3	-208005.4	-81986.6
2033-02-20 01:39:00	6901.85	131.14	-588.09	129686755	-65249737	-28284522	-332941.3	-208425.9	-82117.3
2033-02-20 01:48:17	5591.72	4070.43	-403.58	129695009	-65236332	-28278711	-332621.7	-208846	-82247.8
2033-02-20 01:57:34	2269.89	6545.29	-73.49	129703261	-65222925	-28272899	-332301.5	-209265.8	-82378.2
2033-02-20 02:06:51	-1868.58	6665.35	283.12	129711512	-65209518	-28267087	-331980.6	-209685	-82508.4
2033-02-20 02:16:09	-5334.81	4387.42	537.59	129719761	-65196109	-28261274	-331659	-210103.9	-82638.4
2033-02-20 02:25:26	-6881.77	531.03	598.15	129728008	-65182700	-28255461	-331336.8	-210522.4	-82768.3
2033-02-20 02:34:43	-5952.93	-3516.39	442.93	129736254	-65169290	-28249648	-331014	-210940.4	-82898
2033-02-20 02:44:00	-2882.43	-6298.71	127.94	129744497	-65155879	-28243834	-330690.5	-211358.1	-83027.6
2033-02-20 02:53:17	1225.06	-6814.94	-233.2	129752740	-65142468	-28238020	-330366.4	-211775.3	-83157
2033-02-20 03:02:34	4891.84	-4879.36	-510.22	129760980	-65129055	-28232206	-330041.7	-212192.1	-83286.2
2033-02-20 03:11:52	6798.72	-1188.34	-603.19	129769219	-65115642	-28226391	-329716.3	-212608.5	-83415.3
2033-02-20 03:21:09	6259.67	2930.2	-478.58	129777457	-65102228	-28220576	-329390.3	-213024.5	-83544.2
2033-02-20 03:30:26	3468.61	5994.53	-181.33	129785692	-65088813	-28214760	-329063.6	-213440	-83672.9
2033-02-20 03:39:43	-570.33	6902.2	181.33	129793926	-65075397	-28208944	-328736.4	-213855.2	-83801.5
2033-02-20 03:49:00	-4404.1	5326.67	478.58	129802159	-65061981	-28203128	-328408.4	-214269.9	-83929.9
2033-02-20 03:58:18	-6653.45	1834.76	603.19	129810390	-65048563	-28197312	-328079.9	-214684.2	-84058.1
2033-02-20 04:07:35	-6509.13	-2317.22	510.22	129818619	-65035145	-28191495	-327750.7	-215098	-84186.2
2033-02-20 04:16:52	-4023.05	-5635.53	233.2	129826846	-65021726	-28185677	-327420.8	-215511.5	-84314.1
2033-02-20 04:26:09	-89.63	-6926.34	-127.94	129835072	-65008306	-28179860	-327090.4	-215924.5	-84441.8
2033-02-20 04:35:26	3876.06	-5725.26	-442.93	129843296	-64994885	-28174042	-326759.3	-216337.1	-84569.4
2033-02-20 04:44:43	6447.29	-2464.4	-598.15	129851519	-64981464	-28168223	-326427.5	-216749.2	-84696.8
2033-02-20 04:54:01	6699.02	1683.06	-537.59	129859740	-64968041	-28162405	-326095.1	-217161	-84824
2033-02-20 05:03:18	4540.69	5224.99	-283.12	129867959	-64954618	-28156586	-325762.1	-217572.3	-84951.1
2033-02-20 05:12:35	748.77	6887.13	73.49	129876177	-64941194	-28150766	-325428.5	-217983.2	-85078
2033-02-20 05:21:52	-3312.53	6071.47	403.58	129884393	-64927769	-28144946	-325094.2	-218393.6	-85204.8
2033-02-20 05:31:09	-6182.12	3071.49	588.09	129892607	-64914343	-28139126	-324759.4	-218803.6	-85331.3
2033-02-20 05:40:27	-6827.61	-1033.51	560.47	129900820	-64900917	-28133306	-324423.8	-219213.2	-85457.7
2033-02-20 05:49:44	-5016.78	-4766.67	330.67	129909031	-64887489	-28127485	-324087.7	-219622.4	-85584
2033-02-20 05:59:01	-1401.08	-6784.93	-18.41	129917240	-64874061	-28121664	-323750.9	-220031.1	-85710
2033-02-20 06:08:18	2718.69	-6362.16	-360.85	129925448	-64860632	-28115842	-323413.5	-220439.4	-85835.9
2033-02-20 06:17:35	5860.38	-3650.48	-573.12	129933654	-64847202	-28110020	-323075.4	-220847.3	-85961.7
2033-02-20 06:26:52	6893.73	374.52	-578.65	129941858	-64833771	-28104198	-322736.8	-221254.7	-86087.2
2033-02-20 06:36:10	5446.96	4264.77	-375.45	129950061	-64820340	-28098375	-322397.5	-221661.7	-86212.6
2033-02-20 06:45:27	2040.57	6620.67	-36.81	129958262	-64806907	-28092552	-322057.6	-222068.2	-86337.8
2033-02-20 06:54:44	-2099.96	6594.65	315.1	129966462	-64793474	-28086729	-321717	-222474.3	-86462.9
2033-02-20 07:04:01	-5485	4196.08	553.35	129974659	-64780040	-28080905	-321375.8	-222880	-86587.7
2033-02-20 07:13:18	-6896.75	287.89	592	129982856	-64766605	-28075081	-321034	-223285.2	-86712.5
2033-02-20 07:22:35	-5827.3	-3723.86	417.09	129991050	-64753169	-28069256	-320691.6	-223690	-86837
2033-02-20 07:31:53	-2661.4	-6395.87	91.73	129999243	-64739733	-28063431	-320348.6	-224094.4	-86961.3
2033-02-20 07:41:10	1462	-6766.83	-266.72	130007434	-64726295	-28057606	-320004.9	-224498.3	-87085.5
2033-02-20 07:50:27	5059.43	-4703.29	-528.96	130015624	-64712857	-28051781	-319660.6	-224901.7	-87209.6
2033-02-20 07:59:44	6836.67	-947.66	-600.39	130023812	-64699418	-28045955	-319315.7	-225304.8	-87333.4
2033-02-20 08:09:01	6154.33	3148.9	-455.24	130031998	-64685978	-28040128	-318970.2	-225707.3	-87457.1
2033-02-20 08:18:19	3257.88	6112.57	-145.88	130040183	-64672537	-28034302	-318624	-226109.5	-87580.6
2033-02-20 08:27:36	-810.65	6877.12	216.1	130048366	-64659096	-28028475	-318277.3	-226511.1	-87703.9
2033-02-20 08:36:53	-4587.55	5167.48	500.13	130056547	-64645654	-28022647	-317929.9	-226912.4	-87827
2033-02-20 08:46:10	-6714.02	1598.75	603.75	130064727	-64632210	-28016820	-317581.9	-227313.2	-87950
2033-02-20 08:55:27	-6425.04	-2545.15	489.58	130072905	-64618766	-28010991	-317233.2	-227713.5	-88072.8
2033-02-20 09:04:44	-3824.55	-5773.37	198.81	130081082	-64605321	-28005163	-316884	-228113.4	-88195.5
2033-02-20 09:14:02	151.87	-6924.5	-163.68	130089256	-64591876	-27999334	-316534.1	-228512.8	-88317.9
2033-02-20 09:23:19	4073.68	-5584.4	-467.13	130097429	-64578429	-27993505	-316183.7	-228911.8	-88440.2
2033-02-20 09:32:36	6529.93	-2235.21	-602.07	130105601	-64564982	-27987676	-315832.6	-229310.3	-88562.3
2033-02-20 09:41:53	6636.95	1918.13	-519.83	130113771	-64551534	-27981846	-315480.8	-229708.4	-88684.2
2033-02-20 09:51:10	4356.24	5381.38	-250.08	130121939	-64538085	-27976015	-315128.5	-230106	-88806
2033-02-20 10:00:28	508.3	6908.55	109.89	130130105	-64524635	-27970185	-314775.6	-230503.2	-88927.6
2033-02-20 10:09:45	-3522.52	5950.24	430.21	130138270	-64511184	-27964354	-314422	-230899.9	-89049
2033-02-20 10:19:02	-6286.07	2851.21	595.35	130146434	-64497733	-27958523	-314067.9	-231296.1	-89170.2
2033-02-20 10:28:19	-6788.13	-1273.58	545.73	130154595	-64484281	-27952691	-313713.1	-231691.9	-89291.3
2033-02-20 10:37:36	-4848.07	-4940.17	299.25	130162755	-64470828	-27946859	-313357.7	-232087.3	-89412.1
2033-02-20 10:46:53	-1163.83	-6829.42	-55.17	130170913	-64457374	-27941027	-313001.7	-232482.1	-89532.8
2033-02-20 10:56:11	2939.12	-6261.65	-389.7	130179070	-64443919	-27935194	-312645.1	-232876.6	-89653.4
2033-02-20 11:05:28	5984.69	-3441.13	-583.64	130187225	-64430463	-27929361	-312287.8	-233270.5	-89773.7
2033-02-20 11:14:45	6877.2	617.39	-567.06	130195378	-64417007	-27923527	-311930	-233664	-89893.9
2033-02-20 11:24:02	5295.54	4453.79	-345.92	130203530	-64403550	-27917694	-311571.6	-234057	-90013.8
2033-02-20 11:33:19	1808.73	6687.83	0	130211680	-64390091	-27911859	-311212.5	-234449.6	-90133.7
2033-02-20 11:42:37	-2328.81	6515.79	345.92	130219828	-64376633	-27906025	-310852.9	-234841.7	-90253.3
2033-02-20 11:51:54	-5628.54	3999.57	567.06	130227975	-64363173	-27900190	-310492.6	-235233.3	-90372.7
2033-02-20 12:01:11	-6903.33	44.44	583.64	130236120	-64349712	-27894355	-310131.7	-235624.5	-90492
2033-02-20 12:10:28	-5694.55	-3926.67	389.7	130244264	-64336251	-27888519	-309770.2	-236015.2	-90611.1
2033-02-20 12:19:45	-2437.08	-6485.07	55.17	130252406	-64322789	-27882683	-309408.1	-236405.5	-90730
2033-02-20 12:29:02	1697.18	-6710.33	-299.25	130260546	-64309326	-27876847	-309045.5	-236795.2	-90848.7
2033-02-20 12:38:20	5220.87	-4521.42	-545.73	130268684	-64295862	-27871010	-308682.2	-237184.5	-90967.3
2033-02-20 12:47:37	6866.29	-705.85	-595.35	130276821	-64282397	-27865173	-308318.3	-237573.3	-91085.7
2033-02-20 12:56:54	6041.46	3363.66	-430.21	130284956	-64268932	-27859336	-307953.8	-237961.7	-91203.8
2033-02-20 13:06:11	3043.13	6223.01	-109.89	130293090	-64255465	-27853498	-307588.7	-238349.6	-91321.9
2033-02-20 13:15:28	-1050.02	6843.5	250.08	130301222	-64241998	-27847660	-307223	-238737	-91439.7
2033-02-20 13:24:45	-4765.42	5001.91	519.83	130309352	-64228530	-27841821	-306856.6	-239123.9	-91557.3
2033-02-20 13:34:03	-6766.41	1360.79	602.07	130317480	-64215061	-27835983	-306489.7	-239510.4	-91674.8
2033-02-20 13:43:20	-6333.09	-2769.89	467.13	130325607	-64201592	-27830144	-306122.2	-239896.4	-91792.1
2033-02-20 13:52:37	-3621.35	-5904.03	163.68	130333733	-64188121	-27824304	-305754.1	-240281.9	-91909.2
2033-02-20 14:01:54	393.23	-6914.07	-198.81	130341856	-64174650	-27818464	-305385.4	-240666.9	-92026.1
2033-02-20 14:11:11	4266.36	-5436.64	-489.58	130349978	-64161178	-27812624	-305016.1	-241051.5	-92142.8
2033-02-20 14:20:29	6604.61	-2003.28	-603.75	130358098	-64147705	-27806783	-304646.2	-241435.6	-92259.4
2033-02-20 14:29:46	6566.77	2150.79	-500.13	130366217	-64134231	-27800942	-304275.7	-241819.2	-92375.7
2033-02-20 14:39:03	4166.44	5531.06	-216.1	130374334	-64120757	-27795101	-303904.6	-242202.3	-92491.9
2033-02-20 14:48:20	267.17	6921.41	145.88	130382450	-64107282	-27789259	-303532.9	-242584.9	-92607.9
2033-02-20 14:57:37	-3728.24	5821.64	455.24	130390563	-64093805	-27783417	-303160.6	-242967.1	-92723.7
2033-02-20 15:06:54	-6382.37	2627.43	600.39	130398675	-64080328	-27777575	-302787.7	-243348.7	-92839.4
2033-02-20 15:16:12	-6740.37	-1512.03	528.96	130406786	-64066851	-27771732	-302414.3	-243729.9	-92954.8
2033-02-20 15:25:29	-4673.41	-5107.51	266.72	130414894	-64053372	-27765889	-302040.2	-244110.6	-93070.1
2033-02-20 15:34:46	-925.13	-6865.44	-91.73	130423002	-64039892	-27760046	-301665.5	-244490.8	-93185.1
2033-02-20 15:44:03	3156	-6153.4	-417.09	130431107	-64026412	-27754202	-301290.3	-244870.6	-93300
2033-02-20 15:53:20	6101.72	-3227.55	-592	130439211	-64012931	-27748358	-300914.4	-245249.8	-93414.7
2033-02-20 16:02:38	6852.28	859.46	-553.35	130447313	-63999449	-27742513	-300538	-245628.6	-93529.3
2033-02-20 16:11:55	5137.63	4637.25	-315.1	130455413	-63985966	-27736668	-300161	-246006.8	-93643.6
2033-02-20 16:21:12	1574.64	6746.68	36.81	130463512	-63972483	-27730823	-299783.3	-246384.6	-93757.7
2033-02-20 16:30:29	-2554.87	6428.86	375.45	130471609	-63958998	-27724978	-299405.1	-246761.9	-93871.7
2033-02-20 16:39:46	-5765.23	3798.14	578.65	130479705	-63945513	-27719132	-299026.3	-247138.7	-93985.5
2033-02-20 16:49:03	-6901.48	-199.03	573.12	130487799	-63932027	-27713285	-298646.9	-247515	-94099.1
2033-02-20 16:58:21	-5554.83	-4124.58	360.85	130495891	-63918540	-27707439	-298267	-247890.8	-94212.5
2033-02-20 17:07:38	-2209.74	-6566.22	18.41	130503982	-63905052	-27701592	-297886.4	-248266.1	-94325.7
2033-02-20 17:16:55	1930.34	-6645.53	-330.67	130512071	-63891564	-27695744	-297505.3	-248640.9	-94438.7
2033-02-20 17:26:12	5375.98	-4333.97	-560.47	130520158	-63878075	-27689897	-297123.5	-249015.2	-94551.5
2033-02-20 17:35:29	6887.54	-463.2	-588.09	130528243	-63864585	-27684049	-296741.2	-249389.1	-94664.2
2033-02-20 17:44:47	5921.21	3574.21	-403.58	130536327	-63851094	-27678200	-296358.3	-249762.4	-94776.6
2033-02-20 17:54:04	2824.64	6325.71	-73.49	130544410	-63837602	-27672352	-295974.9	-250135.2	-94888.9
2033-02-20 18:03:21	-1288.14	6801.4	283.12	130552490	-63824109	-27666502	-295590.8	-250507.6	-95001
2033-02-20 18:12:38	-4937.52	4830.16	537.59	130560569	-63810616	-27660653	-295206.1	-250879.4	-95112.9
2033-02-20 18:21:55	-6810.56	1121.19	598.15	130568647	-63797122	-27654803	-294820.9	-251250.8	-95224.6
2033-02-20 18:31:12	-6233.41	-2991.15	442.93	130576722	-63783627	-27648953	-294435.1	-251621.6	-95336.1
2033-02-20 18:40:30	-3413.7	-6027.34	127.94	130584796	-63770131	-27643102	-294048.7	-251991.9	-95447.4
2033-02-20 18:49:47	634.15	-6895.07	-233.2	130592869	-63756634	-27637252	-293661.7	-252361.8	-95558.5
2033-02-20 18:59:04	4453.87	-5282.17	-510.22	130600939	-63743136	-27631400	-293274.2	-252731.1	-95669.4
2033-02-20 19:08:21	6671.26	-1768.91	-603.19	130609008	-63729638	-27625549	-292886.1	-253099.9	-95780.2
2033-02-20 19:17:38	6488.58	2380.74	-478.58	130617076	-63716139	-27619697	-292497.4	-253468.2	-95890.7
2033-02-20 19:26:55	3971.53	5673.85	-181.33	130625142	-63702639	-27613844	-292108.1	-253836	-96001.1
2033-02-20 19:36:13	25.66	6925.68	181.33	130633206	-63689138	-27607992	-291718.2	-254203.3	-96111.3
2033-02-20 19:45:30	-3929.45	5685.85	478.58	130641268	-63675637	-27602139	-291327.8	-254570.1	-96221.3
2033-02-20 19:54:47	-6470.91	2400.44	603.19	130649329	-63662134	-27596285	-290936.8	-254936.4	-96331
2033-02-20 20:04:04	-6684.37	-1748.57	510.22	130657388	-63648631	-27590432	-290545.2	-255302.2	-96440.6
2033-02-20 20:13:21	-4493.03	-5268.48	233.2	130665445	-63635127	-27584578	-290153.1	-255667.5	-96550
2033-02-20 20:22:39	-685.25	-6892.94	-127.94	130673501	-63621622	-27578723	-289760.3	-256032.2	-96659.2
2033-02-20 20:31:56	3369.07	-6037.53	-442.93	130681555	-63608117	-27572868	-289367	-256396.5	-96768.3
2033-02-20 20:41:13	6211.33	-3010	-598.15	130689608	-63594610	-27567013	-288973.2	-256760.2	-96877.1
2033-02-20 20:50:30	6818.99	1100.42	-537.59	130697659	-63581103	-27561158	-288578.7	-257123.4	-96985.7
2033-02-20 20:59:47	4973.42	4814.93	-283.12	130705708	-63567595	-27555302	-288183.7	-257486.1	-97094.1
2033-02-20 21:09:04	1338.58	6797.16	73.49	130713755	-63554086	-27549446	-287788.1	-257848.3	-97202.4
2033-02-20 21:18:22	-2777.85	6333.98	403.58	130721801	-63540576	-27543589	-287392	-258210	-97310.4
2033-02-20 21:27:39	-5894.92	3592.03	588.09	130729846	-63527065	-27537732	-286995.2	-258571.1	-97418.3
2033-02-20 21:36:56	-6891.22	-442.21	560.47	130737888	-63513554	-27531875	-286598	-258931.8	-97525.9
2033-02-20 21:46:13	-5408.31	-4317.34	330.67	130745929	-63500042	-27526018	-286200.1	-259291.9	-97633.4
2033-02-20 21:55:30	-1979.67	-6639.21	-18.41	130753968	-63486529	-27520160	-285801.7	-259651.5	-97740.7
2033-02-20 22:04:48	2161.19	-6572.49	-360.85	130762006	-63473015	-27514301	-285402.7	-260010.6	-97847.7
2033-02-20 22:14:05	5524.55	-4141.19	-573.12	130770042	-63459500	-27508443	-285003.1	-260369.2	-97954.6
2033-02-20 22:23:22	6900.39	-220.03	-578.65	130778076	-63445985	-27502584	-284603	-260727.2	-98061.3
2033-02-20 22:32:39	5793.71	3780.28	-375.45	130786109	-63432469	-27496724	-284202.3	-261084.7	-98167.8
2033-02-20 22:41:56	2602.66	6420.54	-36.81	130794140	-63418952	-27490864	-283801.1	-261441.7	-98274
2033-02-20 22:51:13	-1524.75	6750.88	315.1	130802169	-63405434	-27485004	-283399.3	-261798.2	-98380.1
2033-02-20 23:00:31	-5103.62	4652.46	553.35	130810197	-63391915	-27479144	-282996.9	-262154.1	-98486
2033-02-20 23:09:48	-6846.41	880.24	592	130818223	-63378396	-27473283	-282594	-262509.6	-98591.7
2033-02-20 23:19:05	-6126.1	-3208.65	417.09	130826247	-63364875	-27467422	-282190.5	-262864.5	-98697.2
2033-02-20 23:28:22	-3201.84	-6143.16	91.73	130834270	-63351354	-27461561	-281786.4	-263218.8	-98802.5
2033-02-20 23:37:39	874.34	-6867.53	-266.72	130842291	-63337832	-27455699	-281381.8	-263572.7	-98907.6
2033-02-20 23:46:56	4635.98	-5121.18	-528.96	130850310	-63324309	-27449837	-280976.7	-263926	-99012.5
2033-02-20 23:56:14	6729.78	-1532.39	-600.39	130858328	-63310786	-27443974	-280570.9	-264278.8	-99117.2
2033-02-21 00:05:31	6402.44	2607.69	-455.24	130866344	-63297261	-27438111	-280164.7	-264631	-99221.7
2033-02-21 00:14:48	3771.74	5809.59	-145.88	130874358	-63283736	-27432248	-279757.8	-264982.7	-99326
2033-02-21 00:24:05	-215.92	6921.36	216.1	130882371	-63270210	-27426384	-279350.4	-265333.9	-99430.1
2033-02-21 00:33:22	-4125.91	5543.04	500.13	130890382	-63256683	-27420520	-278942.5	-265684.6	-99534
2033-02-21 00:42:40	-6551.56	2170.51	603.75	130898391	-63243156	-27414656	-278534	-266034.7	-99637.7
2033-02-21 00:51:57	-6620.2	-1982.89	489.58	130906399	-63229627	-27408791	-278124.9	-266384.3	-99741.2
2033-02-21 01:01:14	-4307.12	-5422.89	198.81	130914405	-63216098	-27402927	-277715.3	-266733.3	-99844.5
2033-02-21 01:10:31	-444.49	-6911.89	-163.68	130922409	-63202568	-27397061	-277305.2	-267081.9	-99947.6
2033-02-21 01:19:48	3578.07	-5914.2	-467.13	130930412	-63189037	-27391195	-276894.4	-267429.8	-100050.5
2033-02-21 01:29:05	6313.39	-2788.77	-602.07	130938413	-63175506	-27385329	-276483.2	-267777.3	-100153.2
2033-02-21 01:38:23	6777.38	1339.96	-519.83	130946413	-63161973	-27379463	-276071.4	-268124.2	-100255.7
2033-02-21 01:47:40	4803.11	4986.6	-250.08	130954411	-63148440	-27373596	-275659	-268470.6	-100358
2033-02-21 01:56:57	1100.84	6839.2	109.89	130962407	-63134906	-27367729	-275246.1	-268816.4	-100460.1
2033-02-21 02:06:14	-2997.48	6231.26	430.21	130970401	-63121371	-27361862	-274832.6	-269161.7	-100562
2033-02-21 02:15:31	-6017.44	3381.51	595.35	130978394	-63107835	-27355994	-274418.6	-269506.4	-100663.7
2033-02-21 02:24:49	-6872.54	-684.79	545.73	130986385	-63094298	-27350126	-274004.1	-269850.6	-100765.1
2033-02-21 02:34:06	-5255.15	-4504.71	299.25	130994375	-63080761	-27344257	-273589	-270194.3	-100866.4
2033-02-21 02:43:23	-1747.14	-6703.96	-55.17	131002362	-63067223	-27338388	-273173.3	-270537.4	-100967.5
2033-02-21 02:52:40	2389.45	-6491.32	-389.7	131010349	-63053684	-27332519	-272757.1	-270880	-101068.4
2033-02-21 03:01:57	5666.41	-3943.31	-583.64	131018333	-63040144	-27326650	-272340.4	-271222	-101169.1
2033-02-21 03:11:14	6904.81	23.37	-567.06	131026316	-63026604	-27320780	-271923.1	-271563.5	-101269.5
2033-02-21 03:20:32	5659.11	3981.63	-345.92	131034297	-63013062	-27314910	-271505.3	-271904.4	-101369.8
2033-02-21 03:29:49	2377.46	6507.4	0	131042277	-62999520	-27309039	-271087	-272244.8	-101469.8
2033-02-21 03:39:06	-1759.54	6692	345.92	131050254	-62985977	-27303168	-270668.1	-272584.6	-101569.7
2033-02-21 03:48:23	-5263.53	4469.03	567.06	131058231	-62972433	-27297297	-270248.6	-272923.9	-101669.4
2033-02-21 03:57:40	-6873.9	638.25	583.64	131066205	-62958888	-27291425	-269828.6	-273262.6	-101768.8
2033-02-21 04:06:58	-6011.3	-3422.14	389.7	131074178	-62945343	-27285553	-269408.1	-273600.8	-101868
2033-02-21 04:16:15	-2986.03	-6251.33	55.17	131082149	-62931797	-27279681	-268987.1	-273938.5	-101967.1
2033-02-21 04:25:32	1113.52	-6831.48	-299.25	131090119	-62918250	-27273808	-268565.5	-274275.5	-102065.9
2033-02-21 04:34:49	4812.48	-4953.87	-545.73	131098087	-62904702	-27267935	-268143.4	-274612.1	-102164.5
2033-02-21 04:44:06	6780.09	-1294.02	-595.35	131106053	-62891153	-27262062	-267720.7	-274948.1	-102263
2033-02-21 04:53:23	6308.48	2831.36	-430.21	131114018	-62877604	-27256188	-267297.5	-275283.5	-102361.2
2033-02-21 05:02:41	3567.29	5938.09	-109.89	131121980	-62864053	-27250314	-266873.7	-275618.3	-102459.2
2033-02-21 05:11:58	-457.29	6908.47	250.08	131129942	-62850502	-27244439	-266449.5	-275952.6	-102557
2033-02-21 05:21:15	-4317.37	5393.39	519.83	131137901	-62836950	-27238564	-266024.7	-276286.4	-102654.6
2033-02-21 05:30:32	-6624.23	1937.94	602.07	131145859	-62823398	-27232689	-265599.3	-276619.6	-102751.9
2033-02-21 05:39:49	-6547.94	-2214.7	467.13	131153815	-62809844	-27226814	-265173.5	-276952.2	-102849.1
2033-02-21 05:49:06	-4115.92	-5570.54	163.68	131161770	-62796290	-27220938	-264747.1	-277284.3	-102946.1
2033-02-21 05:58:24	-203.13	-6922.27	-198.81	131169723	-62782735	-27215062	-264320.2	-277615.8	-103042.8
2033-02-21 06:07:41	3782.75	-5783.57	-489.58	131177674	-62769179	-27209185	-263892.7	-277946.8	-103139.4
2033-02-21 06:16:58	6407.75	-2564.13	-603.75	131185624	-62755622	-27203308	-263464.7	-278277.2	-103235.7
2033-02-21 06:26:15	6727.48	1577.79	-500.13	131193572	-62742065	-27197431	-263036.2	-278607	-103331.9
2033-02-21 06:35:32	4626.9	5152.06	-216.1	131201518	-62728506	-27191553	-262607.2	-278936.3	-103427.8
2033-02-21 06:44:50	861.71	6872.75	145.88	131209463	-62714947	-27185676	-262177.6	-279265	-103523.5
2033-02-21 06:54:07	-3213.51	6120.84	455.24	131217406	-62701387	-27179797	-261747.5	-279593.1	-103619
2033-02-21 07:03:24	-6132.63	3166.85	600.39	131225347	-62687826	-27173919	-261316.9	-279920.7	-103714.3
2033-02-21 07:12:41	-6845.47	-926.47	528.96	131233287	-62674265	-27168040	-260885.8	-280247.7	-103809.4
2033-02-21 07:21:58	-5095.55	-4686.45	266.72	131241225	-62660703	-27162160	-260454.1	-280574.1	-103904.3
2033-02-21 07:31:15	-1512.42	-6760.38	-91.73	131249161	-62647139	-27156281	-260021.9	-280900	-103998.9
2033-02-21 07:40:33	2614.84	-6402.13	-417.09	131257096	-62633575	-27150401	-259589.2	-281225.3	-104093.4
2033-02-21 07:49:50	5801.39	-3740.59	-592	131265029	-62620011	-27144520	-259156	-281550	-104187.6
2033-02-21 07:59:07	6900.81	266.69	-553.35	131272960	-62606445	-27138640	-258722.2	-281874.2	-104281.7
2033-02-21 08:08:24	5517.57	4178	-315.1	131280889	-62592879	-27132758	-258288	-282197.8	-104375.5
2033-02-21 08:17:41	2149.3	6586.18	36.81	131288817	-62579311	-27126877	-257853.2	-282520.8	-104469.1
2033-02-21 08:26:59	-1992.24	6624.85	375.45	131296744	-62565743	-27120995	-257417.9	-282843.2	-104562.5
2033-02-21 08:36:16	-5417.05	4280.1	578.65	131304668	-62552175	-27115113	-256982	-283165.1	-104655.7
2033-02-21 08:45:33	-6893.02	395.52	573.12	131312591	-62538605	-27109231	-256545.7	-283486.4	-104748.7
2033-02-21 08:54:50	-5889.12	-3631.34	360.85	131320513	-62525035	-27103348	-256108.9	-283807.1	-104841.4
2033-02-21 09:04:07	-2766.52	-6351.74	18.41	131328432	-62511464	-27097465	-255671.5	-284127.3	-104934
2033-02-21 09:13:24	1351.39	-6786.97	-330.67	131336350	-62497892	-27091581	-255233.6	-284446.8	-105026.3
2033-02-21 09:22:42	4983.13	-4780.46	-560.47	131344267	-62484319	-27085697	-254795.2	-284765.8	-105118.4
2033-02-21 09:31:59	6822.14	-1054.1	-588.09	131352181	-62470745	-27079813	-254356.3	-285084.2	-105210.4
2033-02-21 09:41:16	6206.79	3051.48	-403.58	131360094	-62457171	-27073929	-253916.9	-285402.1	-105302
2033-02-21 09:50:33	3358.45	6059.21	-73.49	131368006	-62443595	-27068044	-253476.9	-285719.3	-105393.5
2033-02-21 09:59:50	-698.16	6887.02	283.12	131375915	-62430019	-27062159	-253036.5	-286036	-105484.8
2033-02-21 10:09:08	-4503.61	5237.09	537.59	131383824	-62416443	-27056273	-252595.5	-286352.1	-105575.9
2033-02-21 10:18:25	-6688.83	1703.03	598.15	131391730	-62402865	-27050387	-252154.1	-286667.6	-105666.7
2033-02-21 10:27:42	-6467.66	-2443.72	442.93	131399635	-62389287	-27044501	-251712.1	-286982.6	-105757.3
2033-02-21 10:36:59	-3919.65	-5711.27	127.94	131407538	-62375707	-27038614	-251269.6	-287296.9	-105847.7
2033-02-21 10:46:16	38.53	-6924.07	-233.2	131415439	-62362127	-27032727	-250826.6	-287610.7	-105937.9
2033-02-21 10:55:33	3982.86	-5645.8	-510.22	131423339	-62348547	-27026840	-250383.1	-287923.9	-106027.9
2033-02-21 11:04:51	6494.32	-2336.36	-603.19	131431237	-62334965	-27020952	-249939.1	-288236.5	-106117.7
2033-02-21 11:14:08	6669.36	1813.62	-478.58	131439133	-62321383	-27015064	-249494.6	-288548.5	-106207.2
2033-02-21 11:23:25	4445	5311.09	-181.33	131447028	-62307799	-27009176	-249049.6	-288859.9	-106296.5
2033-02-21 11:32:42	621.47	6897.79	181.33	131454921	-62294215	-27003287	-248604.1	-289170.7	-106385.7
2033-02-21 11:41:59	-3425.66	6002.87	478.58	131462812	-62280631	-26997398	-248158.1	-289481	-106474.5
2033-02-21 11:51:16	-6240.37	2948.31	603.19	131470702	-62267045	-26991509	-247711.6	-289790.6	-106563.2
2033-02-21 12:00:34	-6810.03	-1166.95	510.22	131478590	-62253459	-26985619	-247264.6	-290099.7	-106651.7
2033-02-21 12:09:51	-4929.68	-4862.35	233.2	131486476	-62239871	-26979729	-246817.1	-290408.2	-106739.9
2033-02-21 12:19:08	-1275.8	-6808.42	-127.94	131494361	-62226283	-26973838	-246369.1	-290716.1	-106828
2033-02-21 12:28:25	2837.09	-6305.02	-442.93	131502244	-62212695	-26967948	-245920.6	-291023.3	-106915.8
2033-02-21 12:37:42	5929.31	-3533.28	-598.15	131510125	-62199105	-26962057	-245471.6	-291330	-107003.4
2033-02-21 12:47:00	6888.39	509.61	-537.59	131518005	-62185515	-26956165	-245022	-291636.2	-107090.8
2033-02-21 12:56:17	5369.26	4369.14	-283.12	131525883	-62171923	-26950273	-244572	-291941.7	-107177.9
2033-02-21 13:05:34	1918.46	6656.78	73.49	131533759	-62158331	-26944381	-244121.6	-292246.6	-107264.8
2033-02-21 13:14:51	-2222.55	6549.5	403.58	131541634	-62144738	-26938489	-243670.6	-292550.9	-107351.6
2033-02-21 13:24:08	-5563.99	4085.92	588.09	131549507	-62131145	-26932596	-243219.1	-292854.6	-107438.1
2033-02-21 13:33:25	-6903.71	152.36	560.47	131557378	-62117551	-26926703	-242767.1	-293157.7	-107524.3
2033-02-21 13:42:43	-5759.72	-3835.99	330.67	131565248	-62103955	-26920809	-242314.6	-293460.3	-107610.4
2033-02-21 13:52:00	-2543.58	-6444.25	-18.41	131573116	-62090359	-26914915	-241861.7	-293762.2	-107696.3
2033-02-21 14:01:17	1587.66	-6734.07	-360.85	131580982	-62076763	-26909021	-241408.2	-294063.5	-107781.9
2033-02-21 14:10:34	5147.75	-4601.18	-573.12	131588847	-62063165	-26903126	-240954.3	-294364.3	-107867.3
2033-02-21 14:19:51	6855.86	-812.94	-578.65	131596710	-62049567	-26897231	-240499.9	-294664.4	-107952.5
2033-02-21 14:29:09	6097.49	3267.76	-375.45	131604571	-62035967	-26891336	-240045	-294963.9	-108037.4
2033-02-21 14:38:26	3145.45	6172.79	-36.81	131612431	-62022367	-26885441	-239589.6	-295262.8	-108122.2
2033-02-21 14:47:43	-938.23	6857.04	315.1	131620289	-62008767	-26879545	-239133.7	-295561.2	-108206.7
2033-02-21 14:57:00	-4684.39	5074.34	553.35	131628145	-61995165	-26873648	-238677.3	-295858.9	-108291
2033-02-21 15:06:17	-6745.28	1466.06	592	131636000	-61981563	-26867752	-238220.4	-296156	-108375.1
2033-02-21 15:15:34	-6379.47	-2669.65	417.09	131643853	-61967960	-26861855	-237763.1	-296452.5	-108458.9
2033-02-21 15:24:52	-3718.54	-5844.88	91.73	131651704	-61954356	-26855957	-237305.3	-296748.4	-108542.5
2033-02-21 15:34:09	280.2	-6917.29	-266.72	131659554	-61940751	-26850060	-236847	-297043.7	-108626
2033-02-21 15:43:26	4178.15	-5501.07	-528.96	131667402	-61927145	-26844162	-236388.2	-297338.4	-108709.1
2033-02-21 15:52:43	6572.97	-2105.75	-600.39	131675248	-61913539	-26838263	-235928.9	-297632.4	-108792.1
2033-02-21 16:02:00	6603.07	2047.14	-455.24	131683093	-61899932	-26832365	-235469.2	-297925.9	-108874.9
2033-02-21 16:11:18	4257.62	5463.51	-145.88	131690936	-61886324	-26826465	-235008.9	-298218.8	-108957.4
2033-02-21 16:20:35	380.41	6914.27	216.1	131698777	-61872715	-26820566	-234548.2	-298511	-109039.7
2033-02-21 16:29:52	-3633.67	5877.49	500.13	131706617	-61859106	-26814666	-234087.1	-298802.6	-109121.7
2033-02-21 16:39:09	-6340.51	2726.17	603.75	131714455	-61845495	-26808766	-233625.4	-299093.7	-109203.6
2033-02-21 16:48:26	-6766.26	-1405.92	489.58	131722291	-61831884	-26802866	-233163.3	-299384.1	-109285.2
2033-02-21 16:57:43	-4757.75	-5032.18	198.81	131730126	-61818272	-26796965	-232700.7	-299673.9	-109366.6
2033-02-21 17:07:01	-1037.56	-6848.01	-163.68	131737959	-61804660	-26791064	-232237.6	-299963	-109447.8
2033-02-21 17:16:18	3055.93	-6200.13	-467.13	131745790	-61791046	-26785163	-231774	-300251.6	-109528.8
2033-02-21 17:25:35	6050.02	-3321.65	-602.07	131753620	-61777432	-26779261	-231310	-300539.6	-109609.5
2033-02-21 17:34:52	6867.54	751.85	-519.83	131761448	-61763817	-26773359	-230845.5	-300826.9	-109690
2033-02-21 17:44:09	5214.36	4554.84	-250.08	131769274	-61750201	-26767456	-230380.5	-301113.6	-109770.3
2033-02-21 17:53:26	1685.22	6719.12	109.89	131777099	-61736584	-26761553	-229915.1	-301399.7	-109850.3
2033-02-21 18:02:44	-2450.21	6466.06	430.21	131784922	-61722967	-26755650	-229449.2	-301685.2	-109930.1
2033-02-21 18:12:01	-5704.17	3886.72	595.35	131792743	-61709349	-26749747	-228982.8	-301970.1	-110009.7
2033-02-21 18:21:18	-6905.97	-90.92	545.73	131800563	-61695730	-26743843	-228515.9	-302254.3	-110089.1
2033-02-21 18:30:35	-5623.26	-4035.84	299.25	131808381	-61682110	-26737938	-228048.6	-302537.9	-110168.3
2033-02-21 18:39:52	-2317.48	-6528.77	-55.17	131816197	-61668489	-26732034	-227580.8	-302820.9	-110247.2
2033-02-21 18:49:10	1822.06	-6672.84	-389.7	131824011	-61654868	-26726129	-227112.6	-303103.3	-110325.9
2033-02-21 18:58:27	5306.11	-4416.24	-583.64	131831824	-61641246	-26720224	-226643.9	-303385	-110404.4
2033-02-21 19:07:44	6881.22	-570.82	-567.06	131839636	-61627623	-26714318	-226174.7	-303666.2	-110482.6
2033-02-21 19:17:01	5980.71	3479.94	-345.92	131847445	-61613999	-26708412	-225705.1	-303946.7	-110560.6
2033-02-21 19:26:18	2928.55	6278.71	0	131855253	-61600374	-26702506	-225235	-304226.6	-110638.4
2033-02-21 19:35:35	-1177.22	6818.58	345.92	131863059	-61586749	-26696599	-224764.4	-304505.8	-110716
2033-02-21 19:44:53	-4859.49	4905.35	567.06	131870864	-61573123	-26690693	-224293.4	-304784.4	-110793.3
2033-02-21 19:54:10	-6793.5	1227.33	583.64	131878667	-61559496	-26684785	-223821.9	-305062.4	-110870.4
2033-02-21 20:03:27	-6283.45	-2892.22	389.7	131886468	-61545868	-26678878	-223350	-305339.8	-110947.3
2033-02-21 20:12:44	-3512.84	-5971.22	55.17	131894268	-61532239	-26672970	-222877.6	-305616.5	-111023.9
2033-02-21 20:22:01	521.59	-6901.95	-299.25	131902065	-61518610	-26667061	-222404.7	-305892.7	-111100.4
2033-02-21 20:31:19	4368.39	-5349.57	-545.73	131909862	-61504980	-26661153	-221931.4	-306168.1	-111176.5
2033-02-21 20:40:36	6643.61	-1872.6	-595.35	131917656	-61491349	-26655244	-221457.7	-306443	-111252.5
2033-02-21 20:49:53	6528.7	2278.07	-430.21	131925449	-61477717	-26649334	-220983.5	-306717.2	-111328.2
2033-02-21 20:59:10	4064.99	5609.13	-109.89	131933240	-61464085	-26643425	-220508.8	-306990.8	-111403.7
2033-02-21 21:08:27	138.83	6922.19	250.08	131941030	-61450452	-26637515	-220033.7	-307263.8	-111479
2033-02-21 21:17:44	-3837.3	5744.86	519.83	131948818	-61436818	-26631604	-219558.1	-307536.1	-111554.1
2033-02-21 21:27:02	-6432.92	2500.72	602.07	131956604	-61423183	-26625694	-219082.1	-307807.8	-111628.9
2033-02-21 21:36:19	-6714.21	-1643.09	467.13	131964388	-61409547	-26619783	-218605.6	-308078.8	-111703.4
2033-02-21 21:45:36	-4579.96	-5195.74	163.68	131972171	-61395911	-26613871	-218128.7	-308349.2	-111777.8
2033-02-21 21:54:53	-797.99	-6879.12	-198.81	131979952	-61382274	-26607959	-217651.3	-308619	-111851.9
2033-02-21 22:04:10	3271.09	-6087.6	-489.58	131987732	-61368636	-26602047	-217173.5	-308888.2	-111925.8
2033-02-21 22:13:27	6163.37	-3105.96	-603.75	131995510	-61354997	-26596135	-216695.3	-309156.7	-111999.5
2033-02-21 22:22:45	6838.29	993.09	-500.13	132003286	-61341357	-26590222	-216216.5	-309424.5	-112072.9
2033-02-21 22:32:02	5053.03	4734.84	-216.1	132011060	-61327717	-26584309	-215737.4	-309691.8	-112146.1
2033-02-21 22:41:19	1449.86	6773.12	145.88	132018833	-61314076	-26578396	-215257.8	-309958.4	-112219.1
2033-02-21 22:50:36	-2674.94	6374.64	455.24	132026604	-61300434	-26572482	-214777.8	-310224.3	-112291.8
2033-02-21 22:59:53	-5837.41	3682.77	600.39	132034374	-61286791	-26566568	-214297.3	-310489.6	-112364.3
2033-02-21 23:09:11	-6899.8	-334.03	528.96	132042141	-61273148	-26560653	-213816.4	-310754.3	-112436.6
2033-02-21 23:18:28	-5479.88	-4230.64	266.72	132049907	-61259503	-26554739	-213335	-311018.3	-112508.6
2033-02-21 23:27:45	-2088.49	-6605.18	-91.73	132057672	-61245858	-26548823	-212853.2	-311281.7	-112580.4
2033-02-21 23:37:02	2054.29	-6603.37	-417.09	132065435	-61232212	-26542908	-212371	-311544.4	-112652
2033-02-21 23:46:19	5458.03	-4225.88	-592	132073196	-61218566	-26536992	-211888.3	-311806.5	-112723.3
2033-02-21 23:55:36	6898.17	-328.07	-553.35	132080955	-61204918	-26531076	-211405.2	-312067.9	-112794.4
2033-02-22 00:04:54	5856.6	3687.76	-315.1	132088713	-61191270	-26525159	-210921.6	-312328.7	-112865.3
2033-02-22 00:14:11	2708.02	6376.82	36.81	132096469	-61177621	-26519243	-210437.6	-312588.9	-112935.9
2033-02-22 00:23:28	-1414.83	6771.7	375.45	132104223	-61163971	-26513325	-209953.2	-312848.4	-113006.3
2033-02-22 00:32:45	-5028.69	4730.33	578.65	132111976	-61150320	-26507408	-209468.4	-313107.2	-113076.5
2033-02-22 00:42:02	-6833.42	987.15	573.12	132119727	-61136669	-26501490	-208983.1	-313365.4	-113146.4
2033-02-22 00:51:20	-6179.73	-3111.16	360.85	132127476	-61123017	-26495572	-208497.3	-313623	-113216.1
2033-02-22 01:00:37	-3302.78	-6090.14	18.41	132135224	-61109364	-26489653	-208011.2	-313879.9	-113285.6
2033-02-22 01:09:54	762.41	-6878.08	-330.67	132142970	-61095710	-26483734	-207524.6	-314136.2	-113354.8
2033-02-22 01:19:11	4553.33	-5191.5	-560.47	132150714	-61082056	-26477815	-207037.6	-314391.8	-113423.8
2033-02-22 01:28:28	6706.14	-1637.19	-588.09	132158457	-61068400	-26471896	-206550.2	-314646.7	-113492.5
2033-02-22 01:37:45	6446.32	2506.11	-403.58	132166198	-61054744	-26465976	-206062.3	-314901	-113561.1
2033-02-22 01:47:03	3867.34	5747.77	-73.49	132173937	-61041088	-26460056	-205574	-315154.7	-113629.3
2033-02-22 01:56:20	-102.99	6921.55	283.12	132181675	-61027430	-26454135	-205085.3	-315407.6	-113697.4
2033-02-22 02:05:37	-4036.29	5605.17	537.59	132189411	-61013771	-26448214	-204596.2	-315660	-113765.2
2033-02-22 02:14:54	-6517.5	2272.23	598.15	132197145	-61000112	-26442293	-204106.6	-315911.7	-113832.8
2033-02-22 02:24:11	-6653.94	-1878.16	442.93	132204878	-60986452	-26436371	-203616.6	-316162.7	-113900.1
2033-02-22 02:33:29	-4396.52	-5352.83	127.94	132212609	-60972791	-26430449	-203126.2	-316413	-113967.2
2033-02-22 02:42:46	-557.38	-6901.7	-233.2	132220338	-60959130	-26424527	-202635.4	-316662.8	-114034.1
2033-02-22 02:52:03	3482.31	-5967.56	-510.22	132228065	-60945467	-26418604	-202144.2	-316911.8	-114100.7
2033-02-22 03:01:20	6269.21	-2886.48	-603.19	132235791	-60931804	-26412681	-201652.5	-317160.2	-114167.1
2033-02-22 03:10:37	6800.67	1233.04	-478.58	132243516	-60918140	-26406758	-201160.4	-317407.9	-114233.3
2033-02-22 03:19:54	4885.49	4908.94	-181.33	132251238	-60904476	-26400835	-200667.9	-317655	-114299.2
2033-02-22 03:29:12	1212.67	6818.73	181.33	132258959	-60890810	-26394911	-200175	-317901.4	-114364.9
2033-02-22 03:38:29	-2896.45	6275.36	478.58	132266678	-60877144	-26388986	-199681.7	-318147.1	-114430.3
2033-02-22 03:47:46	-5963.55	3474.31	603.19	132274396	-60863477	-26383062	-199187.9	-318392.2	-114495.5
2033-02-22 03:57:03	-6885.18	-576.67	510.22	132282112	-60849809	-26377137	-198693.7	-318636.6	-114560.5
2033-02-22 04:06:20	-5329.77	-4420.16	233.2	132289826	-60836140	-26371211	-198199.2	-318880.4	-114625.2
2033-02-22 04:15:37	-1856.88	-6673.4	-127.94	132297538	-60822471	-26365286	-197704.2	-319123.5	-114689.7
2033-02-22 04:24:55	2284.07	-6525.75	-442.93	132305249	-60808801	-26359360	-197208.8	-319365.9	-114753.9
2033-02-22 04:34:12	5603.31	-4030.35	-598.15	132312958	-60795130	-26353433	-196713	-319607.7	-114817.9
2033-02-22 04:43:29	6906.69	-84.97	-537.59	132320666	-60781458	-26347507	-196216.8	-319848.8	-114881.7
2033-02-22 04:52:46	5725.28	3890.96	-283.12	132328371	-60767786	-26341580	-195720.1	-320089.2	-114945.2
2033-02-22 05:02:03	2484.11	6467.02	73.49	132336075	-60754112	-26335652	-195223.1	-320329	-115008.5
2033-02-22 05:11:21	-1650.78	6716.44	403.58	132343778	-60740438	-26329725	-194725.7	-320568.1	-115071.6
2033-02-22 05:20:38	-5191.79	4549.51	588.09	132351479	-60726763	-26323797	-194227.8	-320806.5	-115134.4
2033-02-22 05:29:55	-6865	745.81	560.47	132359178	-60713088	-26317868	-193729.6	-321044.2	-115197
2033-02-22 05:39:12	-6068.42	-3326.18	330.67	132366875	-60699411	-26311940	-193230.9	-321281.3	-115259.3
2033-02-22 05:48:29	-3088.63	-6201.5	-18.41	132374571	-60685734	-26306011	-192731.9	-321517.7	-115321.4
2033-02-22 05:57:46	1002.36	-6845.7	-360.85	132382265	-60672056	-26300081	-192232.4	-321753.5	-115383.2
2033-02-22 06:07:04	4732.76	-5027.04	-573.12	132389957	-60658377	-26294151	-191732.6	-321988.5	-115444.8
2033-02-22 06:16:21	6760.49	-1399.82	-578.65	132397648	-60644698	-26288221	-191232.3	-322222.9	-115506.2
2033-02-22 06:25:38	6356.04	2731	-375.45	132405337	-60631018	-26282291	-190731.6	-322456.6	-115567.3
2033-02-22 06:34:55	3664.9	5879.26	-36.81	132413024	-60617337	-26276360	-190230.6	-322689.7	-115628.2
2033-02-22 06:44:12	-344.76	6912.34	315.1	132420710	-60603655	-26270429	-189729.1	-322922.1	-115688.8
2033-02-22 06:53:30	-4230.41	5458.57	553.35	132428394	-60589972	-26264498	-189227.3	-323153.8	-115749.2
2033-02-22 07:02:47	-6594.12	2041	592	132436076	-60576289	-26258566	-188725	-323384.8	-115809.4
2033-02-22 07:12:04	-6585.51	-2110.84	417.09	132443756	-60562604	-26252634	-188222.4	-323615.1	-115869.3
2033-02-22 07:21:21	-4207.66	-5503.25	91.73	132451435	-60548919	-26246702	-187719.4	-323844.8	-115929
2033-02-22 07:30:38	-316.02	-6915.75	-266.72	132459113	-60535234	-26240769	-187216	-324073.8	-115988.4
2033-02-22 07:39:55	3689.33	-5840.17	-528.96	132466788	-60521547	-26234836	-186712.1	-324302.1	-116047.6
2033-02-22 07:49:13	6367.41	-2663.5	-600.39	132474462	-60507860	-26228902	-186207.9	-324529.7	-116106.5
2033-02-22 07:58:30	6754.72	1471.4	-455.24	132482134	-60494172	-26222969	-185703.3	-324756.6	-116165.2
2033-02-22 08:07:47	4711.92	5076.92	-145.88	132489805	-60480483	-26217035	-185198.4	-324982.9	-116223.7
2033-02-22 08:17:04	973.92	6855.9	216.1	132497474	-60466793	-26211100	-184693	-325208.5	-116281.9
2033-02-22 08:26:21	-3114.48	6168.34	500.13	132505141	-60453103	-26205165	-184187.2	-325433.4	-116339.8
2033-02-22 08:35:39	-6082.43	3261.62	603.75	132512806	-60439411	-26199230	-183681.1	-325657.6	-116397.6
2033-02-22 08:44:56	-6862.14	-818.52	489.58	132520470	-60425719	-26193295	-183174.5	-325881.1	-116455
2033-02-22 08:54:13	-5173.09	-4604.15	198.81	132528132	-60412027	-26187359	-182667.6	-326104	-116512.3
2033-02-22 09:03:30	-1622.93	-6733.34	-163.68	132535793	-60398333	-26181423	-182160.3	-326326.2	-116569.3
2033-02-22 09:12:47	2511.12	-6440.08	-467.13	132543451	-60384639	-26175487	-181652.7	-326547.6	-116626
2033-02-22 09:22:04	5741.78	-3829.89	-602.07	132551108	-60370944	-26169550	-181144.6	-326768.4	-116682.5
2033-02-22 09:31:22	6906.76	158.16	-519.83	132558764	-60357248	-26163613	-180636.2	-326988.5	-116738.8
2033-02-22 09:40:39	5586.93	4089.29	-250.08	132566418	-60343551	-26157675	-180127.3	-327208	-116794.8
2033-02-22 09:49:56	2257.1	6549.2	109.89	132574070	-60329854	-26151738	-179618.1	-327426.7	-116850.5
2033-02-22 09:59:13	-1884.77	6652.9	430.21	132581720	-60316156	-26145799	-179108.6	-327644.7	-116906
2033-02-22 10:08:30	-5348.59	4363.11	595.35	132589369	-60302457	-26139861	-178598.6	-327862.1	-116961.3
2033-02-22 10:17:47	-6888.19	503.62	545.73	132597016	-60288757	-26133922	-178088.3	-328078.8	-117016.3
2033-02-22 10:27:05	-5949.66	-3537.03	299.25	132604661	-60275056	-26127983	-177577.6	-328294.7	-117071.1
2033-02-22 10:36:22	-2870.64	-6305.15	-55.17	132612305	-60261355	-26122044	-177066.5	-328510	-117125.6
2033-02-22 10:45:39	1241.16	-6804.87	-389.7	132619946	-60247653	-26116104	-176555.1	-328724.6	-117179.9
2033-02-22 10:54:56	4906.45	-4856.41	-583.64	132627587	-60233950	-26110164	-176043.2	-328938.5	-117234
2033-02-22 11:04:13	6806.59	-1160.78	-567.06	132635225	-60220247	-26104223	-175531.1	-329151.7	-117287.8
2033-02-22 11:13:31	6257.96	2952.44	-345.92	132642862	-60206542	-26098282	-175018.5	-329364.2	-117341.3
2033-02-22 11:22:48	3457.92	6003.44	0	132650497	-60192837	-26092341	-174505.6	-329576.1	-117394.6
2033-02-22 11:32:05	-586.17	6894.59	345.92	132658131	-60179131	-26086400	-173992.3	-329787.2	-117447.6
2033-02-22 11:41:22	-4419.4	5305.28	567.06	132665763	-60165424	-26080458	-173478.6	-329997.6	-117500.4
2033-02-22 11:50:39	-6662.7	1807.31	583.64	132673393	-60151717	-26074516	-172964.6	-330207.4	-117553
2033-02-22 11:59:56	-6509	-2340.85	389.7	132681022	-60138009	-26068573	-172450.2	-330416.4	-117605.3
2033-02-22 12:09:14	-4013.59	-5646.83	55.17	132688648	-60124300	-26062631	-171935.4	-330624.7	-117657.4
2033-02-22 12:18:31	-74.2	-6921.24	-299.25	132696273	-60110590	-26056687	-171420.3	-330832.4	-117709.2
2033-02-22 12:27:48	3891.9	-5705.6	-545.73	132703897	-60096879	-26050744	-170904.8	-331039.3	-117760.7
2033-02-22 12:37:05	6457.85	-2437.28	-595.35	132711519	-60083168	-26044800	-170389	-331245.6	-117812
2033-02-22 12:46:22	6700.5	1707.87	-430.21	132719139	-60069456	-26038856	-169872.8	-331451.1	-117863.1
2033-02-22 12:55:40	4532.54	5238.57	-109.89	132726757	-60055743	-26032912	-169356.2	-331656	-117913.9
2033-02-22 13:04:57	733.91	6884.58	250.08	132734374	-60042029	-26026967	-168839.3	-331860.1	-117964.5
2033-02-22 13:14:14	-3328.77	6053.73	519.83	132741989	-60028315	-26021022	-168322	-332063.5	-118014.8
2033-02-22 13:23:31	-6193.9	3044.95	602.07	132749602	-60014600	-26015076	-167804.4	-332266.3	-118064.9
2033-02-22 13:32:48	-6830.69	-1059.29	467.13	132757214	-60000884	-26009130	-167286.4	-332468.3	-118114.7
2033-02-22 13:42:05	-5010.03	-4782.4	163.68	132764824	-59987167	-26003184	-166768	-332669.6	-118164.3
2033-02-22 13:51:23	-1386.92	-6784.95	-198.81	132772432	-59973449	-25997238	-166249.3	-332870.3	-118213.6
2033-02-22 14:00:40	2735.17	-6346.47	-489.58	132780039	-59959731	-25991291	-165730.3	-333070.2	-118262.6
2033-02-22 14:09:57	5873.27	-3624.75	-603.75	132787644	-59946012	-25985344	-165210.9	-333269.4	-118311.4
2033-02-22 14:19:14	6898.38	401.03	-500.13	132795247	-59932292	-25979396	-164691.1	-333467.9	-118360
2033-02-22 14:28:31	5441.69	4282.51	-216.1	132802849	-59918572	-25973448	-164171	-333665.7	-118408.3
2033-02-22 14:37:49	2027.26	6623.25	145.88	132810448	-59904850	-25967500	-163650.6	-333862.8	-118456.4
2033-02-22 14:47:06	-2116.53	6581.16	455.24	132818047	-59891128	-25961552	-163129.8	-334059.2	-118504.2
2033-02-22 14:56:23	-5498.89	4171.37	600.39	132825643	-59877405	-25955603	-162608.7	-334254.9	-118551.8
2033-02-22 15:05:40	-6902.95	260.88	528.96	132833238	-59863681	-25949654	-162087.2	-334449.9	-118599.1
2033-02-22 15:14:57	-5823.57	-3743.45	266.72	132840831	-59849957	-25943704	-161565.3	-334644.2	-118646.1
2033-02-22 15:24:14	-2649.07	-6400.98	-91.73	132848423	-59836232	-25937755	-161043.2	-334837.7	-118692.9
2033-02-22 15:33:32	1478.5	-6755.64	-417.09	132856012	-59822506	-25931804	-160520.6	-335030.6	-118739.5
2033-02-22 15:42:49	5074.18	-4679.83	-592	132863600	-59808779	-25925854	-159997.8	-335222.7	-118785.8
2033-02-22 15:52:06	6844.36	-920.38	-553.35	132871187	-59795052	-25919903	-159474.6	-335414.1	-118831.8
2033-02-22 16:01:23	6152.18	3170.17	-315.1	132878772	-59781323	-25913952	-158951.1	-335604.8	-118877.6
2033-02-22 16:10:40	3246.65	6120.17	36.81	132886355	-59767594	-25908001	-158427.2	-335794.8	-118923.2
2033-02-22 16:19:57	-826.93	6868.32	375.45	132893936	-59753864	-25902049	-157903	-335984.1	-118968.5
2033-02-22 16:29:15	-4603.03	5145.47	578.65	132901516	-59740134	-25896097	-157378.4	-336172.7	-119013.5
2033-02-22 16:38:32	-6723.14	1571.45	573.12	132909094	-59726402	-25890144	-156853.5	-336360.5	-119058.3
2033-02-22 16:47:49	-6424.5	-2567.9	360.85	132916670	-59712670	-25884191	-156328.3	-336547.7	-119102.8
2033-02-22 16:57:06	-3814.54	-5783.38	18.41	132924244	-59698937	-25878238	-155802.8	-336734.1	-119147.1
2033-02-22 17:06:23	167.77	-6918.17	-330.67	132931817	-59685204	-25872285	-155276.9	-336919.8	-119191.1
2033-02-22 17:15:41	4089.76	-5564.02	-560.47	132939389	-59671469	-25866331	-154750.7	-337104.8	-119234.9
2033-02-22 17:24:58	6540.4	-2208.13	-588.09	132946958	-59657734	-25860377	-154224.1	-337289.1	-119278.4
2033-02-22 17:34:15	6638.05	1942.16	-403.58	132954526	-59643998	-25854422	-153697.2	-337472.6	-119321.7
2033-02-22 17:43:32	4347.55	5393.7	-73.49	132962092	-59630261	-25848468	-153170	-337655.4	-119364.7
2033-02-22 17:52:49	492.93	6904.74	283.12	132969657	-59616524	-25842512	-152642.5	-337837.6	-119407.5
2033-02-22 18:02:06	-3539.04	5931.67	537.59	132977220	-59602786	-25836557	-152114.7	-338019	-119450
2033-02-22 18:11:24	-6297.82	2824.59	598.15	132984781	-59589046	-25830601	-151586.5	-338199.6	-119492.2
2033-02-22 18:20:41	-6790.86	-1298.67	442.93	132992340	-59575307	-25824645	-151058	-338379.6	-119534.2
2033-02-22 18:29:58	-4840.79	-4954.69	127.94	132999898	-59561566	-25818689	-150529.1	-338558.8	-119576
2033-02-22 18:39:15	-1149.15	-6828.15	-233.2	133007454	-59547825	-25812732	-150000	-338737.3	-119617.4
2033-02-22 18:48:32	2955.93	-6245.05	-510.22	133015008	-59534083	-25806775	-149470.5	-338915.1	-119658.7
2033-02-22 18:57:50	5997.6	-3415.19	-603.19	133022561	-59520340	-25800817	-148940.7	-339092.2	-119699.6
2033-02-22 19:07:07	6881.55	643.33	-478.58	133030112	-59506596	-25794860	-148410.6	-339268.5	-119740.4
2033-02-22 19:16:24	5289.75	4470.37	-181.33	133037661	-59492852	-25788901	-147880.2	-339444.1	-119780.8
2033-02-22 19:25:41	1794.87	6689.11	181.33	133045209	-59479107	-25782943	-147349.5	-339619	-119821
2033-02-22 19:34:58	-2345.76	6501.3	478.58	133052755	-59465361	-25776984	-146818.4	-339793.2	-119861
2033-02-22 19:44:15	-5642.49	3974.54	603.19	133060299	-59451614	-25771025	-146287	-339966.6	-119900.7
2033-02-22 19:53:33	-6909.26	17.89	510.22	133067842	-59437867	-25765066	-145755.3	-340139.3	-119940.1
2033-02-22 20:02:50	-5690.32	-3945.18	233.2	133075383	-59424118	-25759106	-145223.3	-340311.3	-119979.3
2033-02-22 20:12:07	-2424.19	-6488.88	-127.94	133082922	-59410369	-25753146	-144691	-340482.6	-120018.2
2033-02-22 20:21:24	1714.11	-6698.07	-442.93	133090459	-59396620	-25747185	-144158.4	-340653.1	-120056.9
2033-02-22 20:30:41	5235.75	-4497.52	-598.15	133097995	-59382869	-25741225	-143625.4	-340822.9	-120095.3
2033-02-22 20:39:59	6873.76	-678.92	-537.59	133105529	-59369118	-25735264	-143092.2	-340991.9	-120133.4
2033-02-22 20:49:16	6038.84	3383.91	-283.12	133113062	-59355366	-25729302	-142558.7	-341160.3	-120171.3
2033-02-22 20:58:33	3031.34	6229.3	73.49	133120592	-59341613	-25723341	-142024.8	-341327.9	-120209
2033-02-22 21:07:50	-1066.76	6833.57	403.58	133128121	-59327859	-25717378	-141490.6	-341494.8	-120246.3
2033-02-22 21:17:07	-4781.09	4979.35	588.09	133135649	-59314105	-25711416	-140956.2	-341660.9	-120283.5
2033-02-22 21:26:24	-6775.37	1333.73	560.47	133143174	-59300350	-25705453	-140421.4	-341826.3	-120320.3
2033-02-22 21:35:42	-6332.11	-2791.7	330.67	133150698	-59286594	-25699490	-139886.3	-341991	-120356.9
2033-02-22 21:44:59	-3610.77	-5912.75	-18.41	133158221	-59272838	-25693527	-139350.9	-342154.9	-120393.3
2033-02-22 21:54:16	409.62	-6906.56	-360.85	133165741	-59259080	-25687563	-138815.3	-342318.1	-120429.4
2033-02-22 22:03:33	4282.67	-5415.61	-573.12	133173260	-59245322	-25681599	-138279.3	-342480.6	-120465.2
2033-02-22 22:12:50	6614.98	-1976.31	-578.65	133180778	-59231563	-25675635	-137743	-342642.4	-120500.8
2033-02-22 22:22:07	6567.45	2173.98	-375.45	133188293	-59217803	-25669670	-137206.5	-342803.4	-120536.1
2033-02-22 22:31:25	4157.18	5542.12	-36.81	133195807	-59204043	-25663705	-136669.6	-342963.6	-120571.2
2033-02-22 22:40:42	251.28	6916.37	315.1	133203319	-59190282	-25657740	-136132.4	-343123.2	-120605.9
2033-02-22 22:49:59	-3745.05	5802.33	553.35	133210830	-59176520	-25651774	-135595	-343281.9	-120640.5
2033-02-22 22:59:16	-6394.05	2600.8	592	133218338	-59162757	-25645808	-135057.2	-343440	-120674.8
2033-02-22 23:08:33	-6742.71	-1536.38	417.09	133225846	-59148994	-25639842	-134519.2	-343597.3	-120708.8
2033-02-22 23:17:51	-4665.57	-5120.81	91.73	133233351	-59135229	-25633875	-133980.9	-343753.9	-120742.5
2033-02-22 23:27:08	-909.9	-6862.91	-266.72	133240855	-59121464	-25627908	-133442.2	-343909.7	-120776
2033-02-22 23:36:25	3173.15	-6135.95	-528.96	133248357	-59107699	-25621941	-132903.3	-344064.8	-120809.3
2033-02-22 23:45:42	6114.62	-3201.49	-600.39	133255857	-59093932	-25615973	-132364.1	-344219.2	-120842.3
2033-02-22 23:54:59	6856.28	884.75	-455.24	133263356	-59080165	-25610005	-131824.6	-344372.8	-120875
2033-02-23 00:04:16	5131.28	4652.66	-145.88	133270853	-59066397	-25604037	-131284.9	-344525.7	-120907.4
2033-02-23 00:13:34	1560.21	6746.67	216.1	133278348	-59052628	-25598068	-130744.8	-344677.8	-120939.6
2033-02-23 00:22:51	-2572.2	6413.44	500.13	133285842	-59038859	-25592099	-130204.5	-344829.2	-120971.6
2033-02-23 00:32:08	-5779.23	3772.87	603.75	133293333	-59025088	-25586130	-129663.9	-344979.8	-121003.3
2033-02-23 00:41:25	-6907.11	-225.05	489.58	133300824	-59011317	-25580160	-129123	-345129.7	-121034.7
2033-02-23 00:50:42	-5550.05	-4141.97	198.81	133308312	-58997545	-25574190	-128581.8	-345278.9	-121065.8
2033-02-23 01:00:00	-2196.26	-6568.73	-163.68	133315799	-58983773	-25568220	-128040.3	-345427.3	-121096.7
2033-02-23 01:09:17	1947.69	-6632.26	-467.13	133323284	-58969999	-25562249	-127498.6	-345575	-121127.4
2033-02-23 01:18:34	5390.96	-4309.72	-602.07	133330768	-58956225	-25556278	-126956.6	-345721.9	-121157.7
2033-02-23 01:27:51	6894.75	-436.7	-519.83	133338249	-58942450	-25550307	-126414.3	-345868.1	-121187.8
2033-02-23 01:37:08	5918.06	3593.41	-250.08	133345729	-58928675	-25544335	-125871.7	-346013.5	-121217.7
2033-02-23 01:46:25	2812.24	6330.7	109.89	133353208	-58914898	-25538363	-125328.9	-346158.2	-121247.3
2033-02-23 01:55:43	-1305.35	6790.4	430.21	133360684	-58901121	-25532391	-124785.8	-346302.1	-121276.6
2033-02-23 02:05:00	-4953.34	4807.13	595.35	133368159	-58887343	-25526418	-124242.4	-346445.3	-121305.7
2033-02-23 02:14:17	-6819.31	1094.43	545.73	133375633	-58873565	-25520445	-123698.7	-346587.7	-121334.5
2033-02-23 02:23:34	-6231.93	-3011.99	299.25	133383104	-58859785	-25514472	-123154.8	-346729.4	-121363
2033-02-23 02:32:51	-3402.5	-6034.77	-55.17	133390574	-58846005	-25508499	-122610.6	-346870.3	-121391.3
2033-02-23 02:42:08	651.05	-6886.42	-389.7	133398042	-58832224	-25502525	-122066.2	-347010.5	-121419.3
2033-02-23 02:51:26	4470.39	-5260.56	-583.64	133405509	-58818443	-25496551	-121521.4	-347150	-121447
2033-02-23 03:00:43	6681.47	-1742.13	-567.06	133412974	-58804660	-25490576	-120976.4	-347288.6	-121474.5
2033-02-23 03:10:00	6488.78	2403.04	-345.92	133420437	-58790877	-25484601	-120431.2	-347426.6	-121501.7
2033-02-23 03:19:17	3961.65	5683.65	0	133427898	-58777093	-25478626	-119885.7	-347563.7	-121528.7
2033-02-23 03:28:34	9.23	6919.45	345.92	133435358	-58763308	-25472650	-119339.9	-347700.2	-121555.4
2033-02-23 03:37:52	-3946.53	5665.86	567.06	133442816	-58749523	-25466675	-118793.9	-347835.8	-121581.8
2033-02-23 03:47:09	-6482.49	2373.88	583.64	133450273	-58735737	-25460698	-118247.6	-347970.7	-121608
2033-02-23 03:56:26	-6686.28	-1772.12	389.7	133457727	-58721950	-25454722	-117701	-348104.9	-121633.9
2033-02-23 04:05:43	-4484.57	-5280.55	55.17	133465180	-58708162	-25448745	-117154.2	-348238.3	-121659.6
2033-02-23 04:15:00	-669.45	-6889.18	-299.25	133472632	-58694374	-25442768	-116607.1	-348371	-121684.9
2033-02-23 04:24:17	3386.54	-6019.31	-545.73	133480081	-58680584	-25436790	-116059.8	-348502.8	-121710
2033-02-23 04:33:35	6224.19	-2983.89	-595.35	133487529	-58666794	-25430812	-115512.2	-348634	-121734.9
2033-02-23 04:42:52	6822.6	1125.01	-430.21	133494975	-58653004	-25424834	-114964.4	-348764.4	-121759.5
2033-02-23 04:52:09	4966.47	4829.15	-109.89	133502420	-58639212	-25418856	-114416.3	-348894	-121783.8
2033-02-23 05:01:26	1323.56	6795.9	250.08	133509863	-58625420	-25412877	-113867.9	-349022.8	-121807.9
2033-02-23 05:10:43	-2795.55	6317.69	519.83	133517304	-58611627	-25406898	-113319.4	-349150.9	-121831.7
2033-02-23 05:20:01	-5908.93	3566.6	602.07	133524743	-58597833	-25400918	-112770.5	-349278.3	-121855.2
2033-02-23 05:29:18	-6896.5	-467.63	467.13	133532181	-58584039	-25394939	-112221.4	-349404.9	-121878.4
2033-02-23 05:38:35	-5402.94	-4333.59	163.68	133539617	-58570243	-25388959	-111672.1	-349530.7	-121901.4
2033-02-23 05:47:52	-1965.57	-6640.45	-198.81	133547051	-58556447	-25382978	-111122.5	-349655.8	-121924.2
2033-02-23 05:57:09	2178.96	-6558.28	-489.58	133554484	-58542651	-25376997	-110572.7	-349780.1	-121946.6
2033-02-23 06:06:26	5539.6	-4116.66	-603.75	133561915	-58528853	-25371016	-110022.7	-349903.6	-121968.8
2033-02-23 06:15:44	6907.3	-194.01	-500.13	133569344	-58515055	-25365035	-109472.3	-350026.4	-121990.8
2033-02-23 06:25:01	5789.99	3798.41	-216.1	133576772	-58501256	-25359053	-108921.8	-350148.4	-122012.4
2033-02-23 06:34:18	2589.62	6424.26	145.88	133584198	-58487456	-25353071	-108371	-350269.6	-122033.8
2033-02-23 06:43:35	-1542.42	6738.86	455.24	133591622	-58473655	-25347089	-107820	-350390.1	-122055
2033-02-23 06:52:52	-5119.58	4629.04	600.39	133599045	-58459854	-25341106	-107268.7	-350509.9	-122075.9
2033-02-23 07:02:10	-6854.9	853.86	528.96	133606465	-58446052	-25335123	-106717.2	-350628.8	-122096.5
2033-02-23 07:11:27	-6124.07	-3228.49	266.72	133613885	-58432249	-25329140	-106165.5	-350747	-122116.8
2033-02-23 07:20:44	-3190	-6149.31	-91.73	133621302	-58418446	-25323156	-105613.5	-350864.4	-122136.9
2033-02-23 07:30:01	891.75	-6857.8	-417.09	133628718	-58404641	-25317172	-105061.3	-350981.1	-122156.7
2033-02-23 07:39:18	4652.7	-5099.07	-592	133636132	-58390836	-25311188	-104508.9	-351097	-122176.2
2033-02-23 07:48:35	6739.79	-1505.88	-553.35	133643544	-58377031	-25305203	-103956.2	-351212.1	-122195.5
2033-02-23 07:57:53	6402.13	2629.06	-315.1	133650955	-58363224	-25299218	-103403.3	-351326.5	-122214.5
2033-02-23 08:07:10	3761.2	5818.12	36.81	133658364	-58349417	-25293233	-102850.2	-351440.1	-122233.2
2033-02-23 08:16:27	-232.9	6914	375.45	133665771	-58335609	-25287247	-102296.9	-351552.9	-122251.7
2033-02-23 08:25:44	-4143.23	5522.44	578.65	133673176	-58321800	-25281261	-101743.3	-351665	-122269.9
2033-02-23 08:35:01	-6563	2144.1	573.12	133680580	-58307990	-25275275	-101189.5	-351776.3	-122287.9
2033-02-23 08:44:18	-6621.63	-2005.6	360.85	133687982	-58294180	-25269288	-100635.5	-351886.8	-122305.5
2033-02-23 08:53:36	-4298.01	-5433.72	18.41	133695383	-58280369	-25263301	-100081.2	-351996.5	-122322.9
2033-02-23 09:02:53	-428.1	-6906.95	-330.67	133702782	-58266557	-25257314	-99526.8	-352105.5	-122340.1
2033-02-23 09:12:10	3595.85	-5895.28	-560.47	133710179	-58252745	-25251326	-98972.1	-352213.7	-122356.9
2033-02-23 09:21:27	6326.16	-2762.69	-588.09	133717574	-58238931	-25245339	-98417.2	-352321.1	-122373.5
2033-02-23 09:30:44	6780.54	1363.8	-403.58	133724968	-58225117	-25239350	-97862	-352427.8	-122389.9
2033-02-23 09:40:02	4795.51	4999.62	-73.49	133732360	-58211302	-25233362	-97306.7	-352533.7	-122405.9
2033-02-23 09:49:19	1085.21	6836.72	283.12	133739750	-58197487	-25227373	-96751.1	-352638.8	-122421.7
2033-02-23 09:58:36	-3015.54	6214.18	537.59	133747139	-58183671	-25221384	-96195.3	-352743.1	-122437.2
2033-02-23 10:07:53	-6031.43	3355.99	598.15	133754526	-58169854	-25215394	-95639.4	-352846.7	-122452.5
2033-02-23 10:17:10	-6877.42	-709.56	442.93	133761911	-58156036	-25209404	-95083.2	-352949.5	-122467.5
2033-02-23 10:26:27	-5249.15	-4519.8	127.94	133769294	-58142217	-25203414	-94526.7	-353051.5	-122482.2
2033-02-23 10:35:45	-1732.4	-6703.95	-233.2	133776676	-58128398	-25197424	-93970.1	-353152.8	-122496.6
2033-02-23 10:45:02	2407.63	-6476.23	-510.22	133784056	-58114578	-25191433	-93413.3	-353253.2	-122510.8
2033-02-23 10:54:19	5681.5	-3918.58	-603.19	133791435	-58100757	-25185442	-92856.2	-353352.9	-122524.7
2033-02-23 11:03:36	6911.38	48.84	-478.58	133798811	-58086936	-25179450	-92299	-353451.9	-122538.4
2033-02-23 11:12:53	5654.77	3998.65	-181.33	133806186	-58073113	-25173458	-91741.5	-353550	-122551.8
2033-02-23 11:22:11	2363.76	6509.86	181.33	133813560	-58059290	-25167466	-91183.9	-353647.4	-122564.9
2033-02-23 11:31:28	-1777.68	6679.03	478.58	133820931	-58045467	-25161474	-90626	-353743.9	-122577.7
2033-02-23 11:40:45	-5279.59	4445.3	603.19	133828301	-58031642	-25155481	-90067.9	-353839.7	-122590.3
2033-02-23 11:50:02	-6882.1	612.31	510.22	133835669	-58017817	-25149488	-89509.7	-353934.8	-122602.6
2033-02-23 11:59:19	-6008.67	-3440.94	233.2	133843036	-58003991	-25143495	-88951.2	-354029	-122614.6
2033-02-23 12:08:36	-2973.51	-6256.23	-127.94	133850401	-57990164	-25137501	-88392.5	-354122.5	-122626.3
2033-02-23 12:17:54	1131.43	-6820.72	-442.93	133857764	-57976336	-25131507	-87833.7	-354215.2	-122637.8
2033-02-23 12:27:11	4829.36	-4931.34	-598.15	133865125	-57962508	-25125513	-87274.6	-354307.1	-122649
2033-02-23 12:36:28	6789.86	-1267.84	-537.59	133872485	-57948679	-25119518	-86715.4	-354398.2	-122660
2033-02-23 12:45:45	6307.6	2851.77	-283.12	133879843	-57934849	-25113523	-86155.9	-354488.5	-122670.7
2033-02-23 12:55:02	3556.08	5945.37	73.49	133887199	-57921019	-25107528	-85596.3	-354578.1	-122681.1
2033-02-23 13:04:20	-474.82	6900.02	403.58	133894554	-57907188	-25101532	-85036.4	-354666.9	-122691.2
2033-02-23 13:13:37	-4334.92	5372.26	588.09	133901907	-57893356	-25095536	-84476.4	-354754.9	-122701.1
2033-02-23 13:22:54	-6635.49	1911.75	560.47	133909258	-57879523	-25089540	-83916.2	-354842.1	-122710.7
2033-02-23 13:32:11	-6548.83	-2236.52	330.67	133916608	-57865690	-25083543	-83355.8	-354928.5	-122720
2033-02-23 13:41:28	-4106.12	-5580.14	-18.41	133923956	-57851855	-25077546	-82795.2	-355014.2	-122729
2033-02-23 13:50:45	-186.15	-6916.19	-360.85	133931302	-57838020	-25071549	-82234.4	-355099	-122737.8
2033-02-23 14:00:03	3800.81	-5764.02	-573.12	133938646	-57824185	-25065551	-81673.4	-355183.1	-122746.3
2033-02-23 14:09:20	6420.4	-2538.15	-578.65	133945989	-57810348	-25059553	-81112.3	-355266.4	-122754.6
2033-02-23 14:18:37	6730.15	1600.84	-375.45	133953330	-57796511	-25053555	-80551	-355348.9	-122762.5
2033-02-23 14:27:54	4618.62	5163.87	-36.81	133960669	-57782673	-25047556	-79989.5	-355430.6	-122770.2
2033-02-23 14:37:11	845.45	6869.1	315.1	133968007	-57768834	-25041558	-79427.8	-355511.6	-122777.6
2033-02-23 14:46:28	-3231.91	6103.04	553.35	133975343	-57754995	-25035558	-78865.9	-355591.7	-122784.8
2033-02-23 14:55:46	-6146.56	3141.32	592	133982677	-57741155	-25029559	-78303.9	-355671.1	-122791.7
2033-02-23 15:05:03	-6849.9	-950.53	417.09	133990010	-57727314	-25023559	-77741.6	-355749.6	-122798.3
2033-02-23 15:14:20	-5088.87	-4700.38	91.73	133997341	-57713472	-25017559	-77179.2	-355827.4	-122804.6
2033-02-23 15:23:37	-1497.02	-6759.17	-266.72	134004670	-57699630	-25011558	-76616.6	-355904.4	-122810.7
2033-02-23 15:32:54	2633.43	-6386.22	-528.96	134011997	-57685787	-25005558	-76053.9	-355980.6	-122816.5
2033-02-23 15:42:12	5816.48	-3715.73	-600.39	134019323	-57671943	-24999556	-75491	-356056	-122822
2033-02-23 15:51:29	6906.98	291.54	-455.24	134026647	-57658098	-24993555	-74927.9	-356130.7	-122827.2
2033-02-23 16:00:46	5512.58	4193.9	-145.88	134033969	-57644253	-24987553	-74364.6	-356204.5	-122832.2
2033-02-23 16:10:03	2134.92	6587.41	216.1	134041290	-57630407	-24981551	-73801.2	-356277.6	-122836.9
2033-02-23 16:19:20	-2010.83	6610.98	500.13	134048609	-57616560	-24975549	-73237.6	-356349.8	-122841.3
2033-02-23 16:28:37	-5433.17	4256.13	603.75	134055926	-57602712	-24969546	-72673.8	-356421.3	-122845.5
2033-02-23 16:37:55	-6900.86	370.09	489.58	134063242	-57588864	-24963543	-72109.9	-356491.9	-122849.4
2033-02-23 16:47:12	-5885.86	-3649.07	198.81	134070556	-57575015	-24957540	-71545.8	-356561.8	-122853
2033-02-23 16:56:29	-2753.31	-6355.4	-163.68	134077868	-57561165	-24951536	-70981.6	-356630.9	-122856.3
2033-02-23 17:05:46	1369.81	-6775.25	-467.13	134085178	-57547315	-24945532	-70417.1	-356699.2	-122859.4
2033-02-23 17:15:03	5000.14	-4757.59	-602.07	134092487	-57533463	-24939528	-69852.6	-356766.7	-122862.2
2033-02-23 17:24:21	6831.61	-1028.32	-519.83	134099794	-57519611	-24933523	-69287.8	-356833.4	-122864.7
2033-02-23 17:33:38	6205.3	3070.88	-250.08	134107099	-57505759	-24927518	-68722.9	-356899.3	-122867
2033-02-23 17:42:55	3346.52	6065.25	109.89	134114403	-57491905	-24921513	-68157.9	-356964.5	-122868.9
2033-02-23 17:52:12	-716.25	6877.53	430.21	134121705	-57478051	-24915507	-67592.7	-357028.8	-122870.6
2033-02-23 18:01:29	-4521.36	5215.5	595.35	134129005	-57464196	-24909501	-67027.3	-357092.3	-122872.1
2033-02-23 18:10:46	-6699.85	1677.12	545.73	134136304	-57450340	-24903495	-66461.8	-357155	-122873.2
2033-02-23 18:20:04	-6467.98	-2464.61	299.25	134143601	-57436484	-24897488	-65896.1	-357217	-122874.1
2033-02-23 18:29:21	-3909.13	-5719.63	-55.17	134150896	-57422626	-24891481	-65330.3	-357278.1	-122874.7
2033-02-23 18:38:38	56.11	-6916.9	-389.7	134158189	-57408769	-24885474	-64764.4	-357338.5	-122875
2033-02-23 18:47:55	4001.18	-5625.7	-583.64	134165481	-57394910	-24879467	-64198.3	-357398	-122875.1
2033-02-23 18:57:12	6506.79	-2310.56	-567.06	134172771	-57381050	-24873459	-63632	-357456.8	-122874.9
2033-02-23 19:06:30	6671.48	1835.82	-345.92	134180059	-57367190	-24867451	-63065.6	-357514.7	-122874.4
2033-02-23 19:15:47	4435.99	5321.7	0	134187346	-57353329	-24861442	-62499	-357571.9	-122873.6
2033-02-23 19:25:04	604.57	6893	345.92	134194631	-57339468	-24855433	-61932.3	-357628.2	-122872.6
2033-02-23 19:34:21	-3444.39	5984.41	567.06	134201914	-57325605	-24849424	-61365.5	-357683.8	-122871.2
2033-02-23 19:43:38	-6254.19	2922.84	583.64	134209195	-57311742	-24843415	-60798.5	-357738.5	-122869.7
2033-02-23 19:52:55	-6813.96	-1190.25	389.7	134216475	-57297878	-24837405	-60231.4	-357792.5	-122867.8
2033-02-23 20:02:13	-4922.29	-4875.1	55.17	134223753	-57284014	-24831395	-59664.2	-357845.6	-122865.6
2033-02-23 20:11:30	-1259.73	-6806.03	-299.25	134231030	-57270148	-24825385	-59096.8	-357898	-122863.2
2033-02-23 20:20:47	2856.06	-6288.37	-545.73	134238304	-57256282	-24819374	-58529.2	-357949.6	-122860.5
2033-02-23 20:30:04	5944.36	-3508.37	-595.35	134245577	-57242416	-24813363	-57961.6	-358000.3	-122857.6
2033-02-23 20:39:21	6894.09	533.81	-430.21	134252849	-57228548	-24807352	-57393.8	-358050.3	-122854.3
2033-02-23 20:48:38	5363.56	4383.91	-109.89	134260118	-57214680	-24801340	-56825.8	-358099.4	-122850.8
2033-02-23 20:57:56	1903.38	6656.81	250.08	134267386	-57200811	-24795328	-56257.8	-358147.8	-122847
2033-02-23 21:07:13	-2241.59	6534.8	519.83	134274652	-57186941	-24789316	-55689.6	-358195.3	-122843
2033-02-23 21:16:30	-5580.14	4061.79	602.07	134281917	-57173071	-24783303	-55121.3	-358242.1	-122838.6
2033-02-23 21:25:47	-6911.16	127.5	467.13	134289180	-57159199	-24777290	-54552.8	-358288	-122834
2033-02-23 21:35:04	-5755.77	-3852.64	163.68	134296441	-57145327	-24771277	-53984.3	-358333.1	-122829.1
2033-02-23 21:44:22	-2529.64	-6446.7	-198.81	134303700	-57131455	-24765263	-53415.6	-358377.5	-122824
2033-02-23 21:53:39	1606.59	-6721.44	-489.58	134310958	-57117581	-24759249	-52846.7	-358421	-122818.5
2033-02-23 22:02:56	5164.85	-4578.03	-603.75	134318214	-57103707	-24753235	-52277.8	-358463.7	-122812.8
2033-02-23 22:12:13	6864.99	-787.61	-500.13	134325468	-57089832	-24747221	-51708.7	-358505.6	-122806.8
2033-02-23 22:21:30	6095.34	3286.14	-216.1	134332720	-57075957	-24741206	-51139.5	-358546.8	-122800.6
2033-02-23 22:30:47	3132.78	6177.62	145.88	134339971	-57062080	-24735191	-50570.2	-358587.1	-122794
2033-02-23 22:40:05	-956.87	6846.58	455.24	134347220	-57048203	-24729175	-50000.8	-358626.6	-122787.2
2033-02-23 22:49:22	-4702.3	5052.38	600.39	134354468	-57034325	-24723159	-49431.3	-358665.3	-122780.1
2033-02-23 22:58:39	-6756.01	1440.5	528.96	134361714	-57020447	-24717143	-48861.6	-358703.1	-122772.7
2033-02-23 23:07:56	-6379.15	-2689.59	266.72	134368958	-57006567	-24711127	-48291.8	-358740.2	-122765.1
2033-02-23 23:17:13	-3707.27	-5852.03	-91.73	134376200	-56992687	-24705110	-47721.9	-358776.5	-122757.2
2033-02-23 23:26:31	298.38	-6909.09	-417.09	134383441	-56978807	-24699093	-47151.9	-358812	-122749
2033-02-23 23:35:48	4196.71	-5480.49	-592	134390679	-56964925	-24693075	-46581.8	-358846.6	-122740.5
2033-02-23 23:45:05	6585.22	-2080.2	-553.35	134397917	-56951043	-24687058	-46011.6	-358880.5	-122731.8
2033-02-23 23:54:22	6604.6	2068.46	-315.1	134405152	-56937160	-24681040	-45441.3	-358913.5	-122722.7
2033-02-24 00:03:39	4247.86	5472.92	36.81	134412386	-56923276	-24675021	-44870.9	-358945.8	-122713.4
2033-02-24 00:12:56	362.86	6908.4	375.45	134419618	-56909392	-24669003	-44300.3	-358977.2	-122703.8
2033-02-24 00:22:14	-3652.71	5858.45	578.65	134426848	-56895507	-24662984	-43729.7	-359007.8	-122694
2033-02-24 00:31:31	-6354.18	2700.84	573.12	134434077	-56881621	-24656965	-43158.9	-359037.6	-122683.9
2033-02-24 00:40:48	-6769.64	-1428.42	360.85	134441304	-56867734	-24650945	-42588.1	-359066.6	-122673.4
2033-02-24 00:50:05	-4749.6	-5043.76	18.41	134448529	-56853847	-24644925	-42017.2	-359094.8	-122662.8
2033-02-24 00:59:22	-1020.81	-6844.5	-330.67	134455753	-56839959	-24638905	-41446.1	-359122.1	-122651.8
2033-02-24 01:08:39	3075.27	-6182.81	-560.47	134462975	-56826070	-24632884	-40875	-359148.7	-122640.5
2033-02-24 01:17:57	6064.99	-3296.76	-588.09	134470195	-56812180	-24626863	-40303.7	-359174.5	-122629
2033-02-24 01:27:14	6872.74	775.33	-403.58	134477413	-56798290	-24620842	-39732.4	-359199.4	-122617.2
2033-02-24 01:36:31	5207.91	4568.46	-73.49	134484630	-56784399	-24614821	-39161	-359223.5	-122605.2
2033-02-24 01:45:48	1669.43	6717.99	283.12	134491845	-56770507	-24608799	-38589.4	-359246.8	-122592.8
2033-02-24 01:55:05	-2469.68	6450.6	537.59	134499058	-56756615	-24602777	-38017.8	-359269.3	-122580.2
2033-02-24 02:04:23	-5720.3	3862.5	598.15	134506270	-56742722	-24596754	-37446.1	-359291	-122567.3
2033-02-24 02:13:40	-6912.97	-115.17	442.93	134513480	-56728828	-24590731	-36874.3	-359311.9	-122554.1
2033-02-24 02:22:57	-5618.58	-4051.39	127.94	134520688	-56714933	-24584708	-36302.5	-359332	-122540.6
2033-02-24 02:32:14	-2302.8	-6530.03	-233.2	134527895	-56701038	-24578685	-35730.5	-359351.2	-122526.9
2033-02-24 02:41:31	1841.47	-6659.37	-510.22	134535099	-56687141	-24572661	-35158.4	-359369.6	-122512.9
2033-02-24 02:50:48	5323.27	-4392.89	-603.19	134542302	-56673245	-24566637	-34586.3	-359387.3	-122498.6
2033-02-24 03:00:06	6889.95	-546.02	-478.58	134549504	-56659347	-24560613	-34014.1	-359404.1	-122484
2033-02-24 03:09:23	5977.86	3497.27	-181.33	134556703	-56645449	-24554588	-33441.8	-359420.1	-122469.2
2033-02-24 03:18:40	2915.12	6282.34	181.33	134563901	-56631550	-24548563	-32869.4	-359435.2	-122454.1
2033-02-24 03:27:57	-1196.4	6807.21	478.58	134571098	-56617650	-24542538	-32296.9	-359449.6	-122438.7
2033-02-24 03:37:14	-4877.53	4883.08	603.19	134578292	-56603749	-24536512	-31724.4	-359463.1	-122423
2033-02-24 03:46:32	-6803.89	1202.19	510.22	134585485	-56589848	-24530486	-31151.8	-359475.9	-122407
2033-02-24 03:55:49	-6282.45	-2911.18	233.2	134592676	-56575946	-24524460	-30579.1	-359487.8	-122390.8
2033-02-24 04:05:06	-3500.79	-5977.18	-127.94	134599866	-56562043	-24518434	-30006.3	-359498.9	-122374.3
2033-02-24 04:14:23	540.37	-6892.78	-442.93	134607053	-56548140	-24512407	-29433.5	-359509.1	-122357.5
2033-02-24 04:23:40	4387.14	-5328.58	-598.15	134614239	-56534236	-24506380	-28860.5	-359518.6	-122340.4
2033-02-24 04:32:57	6655.59	-1847.35	-537.59	134621424	-56520331	-24500352	-28287.6	-359527.2	-122323.1
2033-02-24 04:42:15	6529.58	2298.47	-283.12	134628606	-56506425	-24494324	-27714.5	-359535.1	-122305.5
2033-02-24 04:51:32	4054.44	5617.35	73.49	134635787	-56492519	-24488296	-27141.4	-359542.1	-122287.6
2033-02-24 05:00:49	120.63	6915.28	403.58	134642966	-56478612	-24482268	-26568.2	-359548.3	-122269.4
2033-02-24 05:10:06	-3856.61	5725.32	588.09	134650144	-56464704	-24476239	-25995	-359553.6	-122250.9
2033-02-24 05:19:23	-6446.39	2475.59	560.47	134657319	-56450796	-24470210	-25421.6	-359558.2	-122232.2
2033-02-24 05:28:41	-6716.98	-1664.75	330.67	134664493	-56436886	-24464181	-24848.3	-359561.9	-122213.2
2033-02-24 05:37:58	-4571.03	-5206.15	-18.41	134671666	-56422976	-24458151	-24274.8	-359564.8	-122193.9
2033-02-24 05:47:15	-780.55	-6874.53	-360.85	134678836	-56409066	-24452121	-23701.3	-359566.9	-122174.3
2033-02-24 05:56:32	3290.77	-6069.67	-573.12	134686005	-56395154	-24446091	-23127.8	-359568.2	-122154.5
2033-02-24 06:05:49	6178.2	-3081.17	-578.65	134693172	-56381242	-24440060	-22554.2	-359568.6	-122134.3
2033-02-24 06:15:06	6842.93	1015.82	-375.45	134700338	-56367329	-24434029	-21980.5	-359568.3	-122113.9
2033-02-24 06:24:24	5045.8	4747.33	-36.81	134707502	-56353416	-24427998	-21406.8	-359567.1	-122093.2
2033-02-24 06:33:41	1433.34	6770.88	315.1	134714664	-56339501	-24421966	-20833	-359565.1	-122072.3
2033-02-24 06:42:58	-2694.81	6358.49	553.35	134721824	-56325586	-24415934	-20259.1	-359562.2	-122051
2033-02-24 06:52:15	-5853.48	3658.53	592	134728983	-56311671	-24409902	-19685.3	-359558.6	-122029.5
2033-02-24 07:01:32	-6906.28	-357.62	417.09	134736140	-56297754	-24403870	-19111.3	-359554.1	-122007.7
2033-02-24 07:10:49	-5474.43	-4245.09	91.73	134743295	-56283837	-24397837	-18537.3	-359548.8	-121985.6
2033-02-24 07:20:07	-2073.05	-6605.29	-266.72	134750448	-56269919	-24391804	-17963.3	-359542.7	-121963.3
2033-02-24 07:29:24	2074.18	-6589.13	-528.96	134757600	-56256000	-24385770	-17389.2	-359535.7	-121940.6
2033-02-24 07:38:41	5475.2	-4202.41	-600.39	134764750	-56242081	-24379736	-16815.1	-359528	-121917.7
2033-02-24 07:47:58	6906.45	-303.83	-455.24	134771899	-56228161	-24373702	-16240.9	-359519.4	-121894.5
2033-02-24 07:57:15	5852.98	3704.03	-145.88	134779045	-56214240	-24367668	-15666.7	-359510	-121871.1
2033-02-24 08:06:33	2693.8	6379.29	216.1	134786190	-56200318	-24361633	-15092.5	-359499.7	-121847.3
2033-02-24 08:15:50	-1434.55	6759.48	500.13	134793334	-56186396	-24355598	-14518.2	-359488.7	-121823.3
2033-02-24 08:25:07	-5046.82	4707.83	603.75	134800475	-56172473	-24349563	-13943.9	-359476.8	-121799
2033-02-24 08:34:24	-6843.43	962.49	489.58	134807615	-56158549	-24343527	-13369.5	-359464.1	-121774.4
2033-02-24 08:43:41	-6178	-3129.11	198.81	134814753	-56144625	-24337491	-12795.1	-359450.5	-121749.5
2033-02-24 08:52:58	-3289.93	-6094.93	-163.68	134821889	-56130700	-24331455	-12220.7	-359436.2	-121724.4
2033-02-24 09:02:16	781.78	-6867.98	-467.13	134829024	-56116774	-24325418	-11646.2	-359421	-121698.9
2033-02-24 09:11:33	4572.25	-5170.17	-602.07	134836157	-56102847	-24319382	-11071.7	-359405	-121673.2
2033-02-24 09:20:50	6717.8	-1612.31	-519.83	134843288	-56088920	-24313344	-10497.2	-359388.2	-121647.2
2033-02-24 09:30:07	6446.51	2525.57	-250.08	134850418	-56074992	-24307307	-9922.6	-359370.5	-121621
2033-02-24 09:39:24	3855.98	5754.82	109.89	134857546	-56061063	-24301269	-9348	-359352	-121594.4
2033-02-24 09:48:42	-121.83	6913.66	430.21	134864672	-56047134	-24295231	-8773.4	-359332.7	-121567.6
2033-02-24 09:57:59	-4055.83	5585.19	595.35	134871796	-56033203	-24289192	-8198.8	-359312.6	-121540.5
2033-02-24 10:07:16	-6530.7	2247.37	545.73	134878919	-56019272	-24283154	-7624.1	-359291.6	-121513.1
2033-02-24 10:16:33	-6656.05	-1898.95	299.25	134886040	-56005341	-24277115	-7049.4	-359269.8	-121485.5
2033-02-24 10:25:50	-4386.77	-5362.07	-55.17	134893159	-55991408	-24271075	-6474.7	-359247.2	-121457.5
2033-02-24 10:35:07	-539.25	-6896.08	-389.7	134900277	-55977475	-24265036	-5900	-359223.8	-121429.3
2033-02-24 10:44:25	3502.3	-5949.1	-583.64	134907393	-55963541	-24258996	-5325.2	-359199.5	-121400.8
2033-02-24 10:53:42	6283.85	-2861.85	-567.06	134914507	-55949607	-24252955	-4750.5	-359174.4	-121372
2033-02-24 11:02:59	6804.7	1254.98	-345.92	134921619	-55935671	-24246915	-4175.7	-359148.5	-121343
2033-02-24 11:12:16	4877.44	4920.28	0	134928730	-55921735	-24240874	-3600.9	-359121.8	-121313.6
2033-02-24 11:21:33	1195.41	6815.42	345.92	134935839	-55907799	-24234832	-3026.1	-359094.2	-121284
2033-02-24 11:30:51	-2916.7	6258.58	567.06	134942946	-55893861	-24228791	-2451.3	-359065.8	-121254.1
2033-02-24 11:40:08	-5979.51	3450.13	583.64	134950052	-55879923	-24222749	-1876.4	-359036.5	-121224
2033-02-24 11:49:25	-6891.1	-599.54	389.7	134957156	-55865984	-24216707	-1301.6	-359006.5	-121193.5
2033-02-24 11:58:42	-5323.5	-4433.5	55.17	134964258	-55852045	-24210664	-726.7	-358975.6	-121162.8
2033-02-24 12:07:59	-1840.66	-6672.4	-299.25	134971359	-55838104	-24204621	-151.9	-358943.9	-121131.7
2033-02-24 12:17:16	2304.41	-6510.8	-545.73	134978457	-55824163	-24198578	423	-358911.3	-121100.5
2033-02-24 12:26:34	5620.45	-4006.83	-595.35	134985554	-55810222	-24192535	997.9	-358877.9	-121068.9
2033-02-24 12:35:51	6914.46	-61.36	-430.21	134992650	-55796279	-24186491	1572.7	-358843.7	-121037
2033-02-24 12:45:08	5720.87	3906.16	-109.89	134999743	-55782336	-24180447	2147.6	-358808.7	-121004.9
2033-02-24 12:54:25	2469.09	6468.35	250.08	135006835	-55768392	-24174403	2722.5	-358772.8	-120972.5
2033-02-24 13:03:42	-1671.01	6703.44	519.83	135013925	-55754447	-24168358	3297.3	-358736.1	-120939.8
2033-02-24 13:12:59	-5209.96	4526.85	602.07	135021014	-55740502	-24162313	3872.2	-358698.6	-120906.8
2033-02-24 13:22:17	-6874.56	721.68	467.13	135028100	-55726556	-24156268	4447.1	-358660.2	-120873.6
2033-02-24 13:31:34	-6065.92	-3343.11	163.68	135035185	-55712609	-24150222	5021.9	-358621.1	-120840
2033-02-24 13:40:51	-3074.95	-6205.14	-198.81	135042269	-55698662	-24144176	5596.8	-358581	-120806.2
2033-02-24 13:50:08	1022.3	-6834.75	-489.58	135049350	-55684713	-24138130	6171.7	-358540.2	-120772.1
2033-02-24 13:59:25	4751.79	-5005.45	-603.75	135056430	-55670765	-24132084	6746.5	-358498.5	-120737.8
2033-02-24 14:08:43	6771.76	-1375.37	-500.13	135063508	-55656815	-24126037	7321.3	-358456	-120703.1
2033-02-24 14:18:00	6355.48	2749.49	-216.1	135070585	-55642865	-24119990	7896.1	-358412.6	-120668.2
2033-02-24 14:27:17	3652.7	5885.16	145.88	135077660	-55628913	-24113942	8471	-358368.5	-120633
2033-02-24 14:36:34	-364.23	6903.53	455.24	135084733	-55614962	-24107894	9045.7	-358323.5	-120597.5
2033-02-24 14:45:51	-4250.14	5438.24	600.39	135091804	-55601009	-24101846	9620.5	-358277.6	-120561.7
2033-02-24 14:55:08	-6607.01	2016.47	528.96	135098874	-55587056	-24095798	10195.3	-358231	-120525.7
2033-02-24 15:04:26	-6586.91	-2130.74	266.72	135105941	-55573102	-24089749	10770	-358183.4	-120489.3
2033-02-24 15:13:43	-4197.05	-5511.35	-91.73	135113008	-55559147	-24083700	11344.8	-358135.1	-120452.7
2033-02-24 15:23:00	-297.2	-6909.14	-417.09	135120072	-55545192	-24077651	11919.5	-358085.9	-120415.9
2033-02-24 15:32:17	3709.59	-5821.26	-592	135127135	-55531236	-24071601	12494.1	-358035.9	-120378.7
2033-02-24 15:41:34	6381.81	-2639.09	-553.35	135134196	-55517279	-24065551	13068.8	-357985.1	-120341.2
2033-02-24 15:50:52	6758.08	1492.51	-315.1	135141255	-55503321	-24059501	13643.4	-357933.4	-120303.5
2033-02-24 16:00:09	4703.01	5087.13	36.81	135148313	-55489363	-24053451	14218	-357880.9	-120265.5
2033-02-24 16:09:26	955.93	6851.55	375.45	135155369	-55475404	-24047400	14792.6	-357827.6	-120227.2
2033-02-24 16:18:43	-3135.08	6151.01	578.65	135162423	-55461445	-24041348	15367.2	-357773.4	-120188.7
2033-02-24 16:28:00	-6098.22	3237.56	573.12	135169475	-55447484	-24035297	15941.7	-357718.4	-120149.8
2033-02-24 16:37:17	-6867.44	-840.65	360.85	135176526	-55433523	-24029245	16516.2	-357662.6	-120110.7
2033-02-24 16:46:35	-5165.97	-4616.39	18.41	135183575	-55419561	-24023193	17090.6	-357605.9	-120071.3
2033-02-24 16:55:52	-1605.94	-6731.28	-330.67	135190622	-55405599	-24017141	17665.1	-357548.4	-120031.6
2033-02-24 17:05:09	2531.88	-6424.49	-560.47	135197668	-55391636	-24011088	18239.4	-357490.1	-119991.6
2033-02-24 17:14:26	5758.83	-3806.38	-588.09	135204712	-55377672	-24005035	18813.8	-357430.9	-119951.4
2033-02-24 17:23:43	6913.96	181.11	-403.58	135211754	-55363707	-23998982	19388.1	-357370.9	-119910.9
2033-02-24 17:33:01	5581.68	4103.42	-73.49	135218794	-55349742	-23992928	19962.4	-357310.1	-119870.1
2033-02-24 17:42:18	2241.27	6549.44	283.12	135225833	-55335776	-23986874	20536.6	-357248.4	-119829
2033-02-24 17:51:35	-1905.49	6639.18	537.59	135232870	-55321809	-23980820	21110.8	-357185.9	-119787.6
2033-02-24 18:00:52	-5366.75	4340.37	598.15	135239905	-55307841	-23974765	21684.9	-357122.6	-119746
2033-02-24 18:10:09	-6897.24	480.06	442.93	135246939	-55293873	-23968710	22259	-357058.4	-119704
2033-02-24 18:19:26	-5946.33	-3552.93	127.94	135253970	-55279904	-23962655	22833.1	-356993.4	-119661.8
2033-02-24 18:28:44	-2856.12	-6307.68	-233.2	135261001	-55265934	-23956600	23407.1	-356927.6	-119619.4
2033-02-24 18:38:01	1261.66	-6793.12	-510.22	135268029	-55251964	-23950544	23981.1	-356860.9	-119576.6
2033-02-24 18:47:18	4925.55	-4834.63	-603.19	135275056	-55237993	-23944488	24555	-356793.4	-119533.6
2033-02-24 18:56:35	6817.42	-1136.82	-478.58	135282081	-55224021	-23938431	25128.8	-356725	-119490.2
2033-02-24 19:05:52	6256.6	2969.95	-181.33	135289104	-55210049	-23932375	25702.6	-356655.8	-119446.6
2033-02-24 19:15:09	3444.86	6008.22	181.33	135296125	-55196076	-23926318	26276.4	-356585.8	-119402.8
2033-02-24 19:24:27	-606.26	6884.91	478.58	135303145	-55182102	-23920260	26850.1	-356515	-119358.6
2033-02-24 19:33:44	-4439.28	5284.65	603.19	135310163	-55168127	-23914203	27423.7	-356443.3	-119314.2
2033-02-24 19:43:01	-6675.22	1783.16	510.22	135317180	-55154152	-23908145	27997.3	-356370.7	-119269.4
2033-02-24 19:52:18	-6509.64	-2359.82	233.2	135324194	-55140176	-23902087	28570.8	-356297.4	-119224.4
2033-02-24 20:01:35	-4002.1	-5653.8	-127.94	135331207	-55126199	-23896028	29144.3	-356223.2	-119179.2
2033-02-24 20:10:53	-54.71	-6913.71	-442.93	135338219	-55112221	-23889969	29717.7	-356148.1	-119133.6
2033-02-24 20:20:10	3912.39	-5686.3	-598.15	135345228	-55098243	-23883910	30291	-356072.3	-119087.8
2033-02-24 20:29:27	6471.95	-2413.16	-537.59	135352236	-55084264	-23877851	30864.3	-355995.5	-119041.7
2033-02-24 20:38:44	6703.13	1728.12	-283.12	135359242	-55070285	-23871791	31437.5	-355918	-118995.3
2033-02-24 20:48:01	4522.74	5247.67	73.49	135366246	-55056305	-23865731	32010.6	-355839.6	-118948.6
2033-02-24 20:57:18	715.19	6879.26	403.58	135373249	-55042324	-23859670	32583.7	-355760.4	-118901.6
2033-02-24 21:06:36	-3349.68	6035.92	588.09	135380250	-55028342	-23853610	33156.7	-355680.3	-118854.4
2033-02-24 21:15:53	-6209.47	3021.07	560.47	135387249	-55014359	-23847549	33729.6	-355599.4	-118806.9
2033-02-24 21:25:10	-6835.31	-1080.63	330.67	135394246	-55000376	-23841487	34302.5	-355517.7	-118759.1
2033-02-24 21:34:27	-5002.02	-4793.54	-18.41	135401242	-54986392	-23835426	34875.2	-355435.2	-118711
2033-02-24 21:43:44	-1369.15	-6781.87	-360.85	135408236	-54972408	-23829364	35447.9	-355351.8	-118662.7
2033-02-24 21:53:02	2756.32	-6330.31	-573.12	135415229	-54958423	-23823302	36020.6	-355267.5	-118614
2033-02-24 22:02:19	5890.18	-3601.33	-578.65	135422219	-54944437	-23817239	36593.1	-355182.4	-118565.1
2033-02-24 22:11:36	6904.96	423.27	-375.45	135429208	-54930450	-23811176	37165.6	-355096.5	-118515.9
2033-02-24 22:20:53	5435.56	4295.57	-36.81	135436195	-54916463	-23805113	37738	-355009.8	-118466.5
2033-02-24 22:30:10	2010.61	6622.44	315.1	135443181	-54902474	-23799050	38310.3	-354922.2	-118416.7
2033-02-24 22:39:27	-2137.72	6566.78	553.35	135450164	-54888486	-23792986	38882.5	-354833.8	-118366.7
2033-02-24 22:48:45	-5516.98	4148.61	592	135457146	-54874496	-23786922	39454.6	-354744.5	-118316.4
2033-02-24 22:58:02	-6911.44	237.94	417.09	135464127	-54860506	-23780857	40026.6	-354654.4	-118265.8
2033-02-24 23:07:19	-5819.38	-3758.31	91.73	135471105	-54846515	-23774793	40598.6	-354563.5	-118215
2033-02-24 23:16:36	-2633.69	-6402.43	-266.72	135478082	-54832523	-23768728	41170.5	-354471.7	-118163.8
2033-02-24 23:25:53	1499.54	-6743.16	-528.96	135485057	-54818531	-23762663	41742.2	-354379.1	-118112.4
2033-02-24 23:35:11	5093.31	-4657.93	-600.39	135492030	-54804538	-23756597	42313.9	-354285.6	-118060.7
2033-02-24 23:44:28	6854.69	-896.95	-455.24	135499002	-54790544	-23750531	42885.5	-354191.3	-118008.7
2033-02-24 23:53:45	6149.98	3186.69	-145.88	135505972	-54776550	-23744465	43457	-354096.2	-117956.5
2033-02-25 00:03:02	3232.7	6123.85	216.1	135512940	-54762555	-23738398	44028.4	-354000.2	-117903.9
2033-02-25 00:12:19	-847.63	6857.84	500.13	135519907	-54748559	-23732332	44599.7	-353903.4	-117851.1
2033-02-25 00:21:36	-4623.03	5124.61	603.75	135526872	-54734562	-23726264	45170.9	-353805.8	-117798
2033-02-25 00:30:54	-6735.23	1547.74	489.58	135533835	-54720565	-23720197	45742	-353707.3	-117744.6
2033-02-25 00:40:11	-6424.33	-2585.93	198.81	135540796	-54706567	-23714129	46313	-353608	-117691
2033-02-25 00:49:28	-3802.15	-5789.25	-163.68	135547756	-54692568	-23708061	46883.9	-353507.9	-117637.1
2033-02-25 00:58:45	187.94	-6909.78	-467.13	135554714	-54678569	-23701993	47454.7	-353406.9	-117582.9
2033-02-25 01:08:02	4110.44	-5544.4	-602.07	135561670	-54664569	-23695924	48025.4	-353305	-117528.4
2033-02-25 01:17:19	6554.16	-2184.35	-519.83	135568624	-54650568	-23689855	48595.9	-353202.4	-117473.6
2033-02-25 01:26:37	6639.91	1961.53	-250.08	135575577	-54636567	-23683786	49166.4	-353098.9	-117418.6
2033-02-25 01:35:54	4336.84	5401.7	109.89	135582528	-54622565	-23677717	49736.8	-352994.5	-117363.2
2033-02-25 01:45:11	473.49	6898.5	430.21	135589477	-54608562	-23671647	50307	-352889.4	-117307.6
2033-02-25 01:54:28	-3560.23	5913.45	595.35	135596425	-54594558	-23665577	50877.1	-352783.3	-117251.8
2033-02-25 02:03:45	-6313.11	2800.95	545.73	135603371	-54580554	-23659506	51447.2	-352676.5	-117195.6
2033-02-25 02:13:03	-6794.76	-1319.21	299.25	135610315	-54566549	-23653435	52017.1	-352568.8	-117139.2
2033-02-25 02:22:20	-4831.86	-4964.74	-55.17	135617257	-54552543	-23647364	52586.9	-352460.3	-117082.5
2033-02-25 02:31:37	-1130.6	-6824.11	-389.7	135624198	-54538537	-23641293	53156.5	-352350.9	-117025.5
2033-02-25 02:40:54	2977.43	-6228.39	-583.64	135631137	-54524530	-23635221	53726.1	-352240.7	-116968.2
2033-02-25 02:50:11	6014.31	-3391.92	-567.06	135638074	-54510522	-23629149	54295.5	-352129.6	-116910.6
2033-02-25 02:59:28	6887.45	664.83	-345.92	135645010	-54496513	-23623077	54864.8	-352017.7	-116852.8
2033-02-25 03:08:46	5282.7	4482.37	0	135651943	-54482504	-23617005	55434	-351905	-116794.7
2033-02-25 03:18:03	1777.4	6687.28	345.92	135658875	-54468494	-23610932	56003	-351791.5	-116736.3
2033-02-25 03:27:20	-2367.38	6486.33	567.06	135665806	-54454483	-23604858	56572	-351677.1	-116677.7
2033-02-25 03:36:37	-5660.48	3951.83	583.64	135672734	-54440472	-23598785	57140.8	-351561.8	-116618.7
2033-02-25 03:45:54	-6917.13	-4.39	389.7	135679661	-54426460	-23592711	57709.4	-351445.8	-116559.5
2033-02-25 03:55:12	-5685.23	-3959.01	55.17	135686586	-54412447	-23586637	58278	-351328.8	-116500
2033-02-25 04:04:29	-2407.95	-6489.28	-299.25	135693510	-54398434	-23580563	58846.4	-351211.1	-116440.3
2033-02-25 04:13:46	1735.66	-6684.93	-545.73	135700432	-54384420	-23574488	59414.6	-351092.5	-116380.2
2033-02-25 04:23:03	5254.85	-4475.57	-595.35	135707352	-54370405	-23568413	59982.8	-350973.1	-116319.9
2033-02-25 04:32:20	6883.54	-656.07	-430.21	135714270	-54356390	-23562338	60550.8	-350852.8	-116259.3
2033-02-25 04:41:37	6035.75	3399.44	-109.89	135721187	-54342373	-23556262	61118.6	-350731.7	-116198.4
2033-02-25 04:50:55	3016.49	6231.92	250.08	135728101	-54328356	-23550186	61686.4	-350609.8	-116137.3
2033-02-25 05:00:12	-1088.03	6822.36	519.83	135735014	-54314339	-23544110	62253.9	-350487	-116075.8
2033-02-25 05:09:29	-4801.14	4958.34	602.07	135741926	-54300320	-23538033	62821.4	-350363.4	-116014.1
2033-02-25 05:18:46	-6786.97	1310.5	467.13	135748836	-54286301	-23531957	63388.7	-350238.9	-115952.1
2033-02-25 05:28:03	-6331.07	-2808.79	163.68	135755743	-54272282	-23525880	63955.8	-350113.6	-115889.9
2033-02-25 05:37:20	-3597.45	-5917.55	-198.81	135762650	-54258261	-23519802	64522.8	-349987.5	-115827.3
2033-02-25 05:46:38	430.43	-6897.36	-489.58	135769554	-54244240	-23513724	65089.7	-349860.6	-115764.5
2033-02-25 05:55:55	4303.49	-5395.74	-603.75	135776457	-54230218	-23507646	65656.4	-349732.7	-115701.4
2033-02-25 06:05:12	6628.31	-1952.93	-500.13	135783358	-54216196	-23501568	66223	-349604.1	-115638
2033-02-25 06:14:29	6568.49	2192.46	-216.1	135790257	-54202173	-23495489	66789.4	-349474.6	-115574.4
2033-02-25 06:23:46	4145.53	5549.05	145.88	135797155	-54188149	-23489411	67355.6	-349344.3	-115510.5
2033-02-25 06:33:04	231.12	6909.26	455.24	135804051	-54174124	-23483331	67921.7	-349213.2	-115446.3
2033-02-25 06:42:21	-3766.46	5783.76	600.39	135810945	-54160099	-23477252	68487.7	-349081.2	-115381.8
2033-02-25 06:51:38	-6409.01	2577.47	528.96	135817837	-54146073	-23471172	69053.4	-348948.3	-115317
2033-02-25 07:00:55	-6745.82	-1556.08	266.72	135824728	-54132046	-23465092	69619.1	-348814.7	-115252
2033-02-25 07:10:12	-4655.69	-5129.79	-91.73	135831617	-54118019	-23459011	70184.5	-348680.2	-115186.7
2033-02-25 07:19:29	-890.58	-6857.95	-417.09	135838504	-54103991	-23452931	70749.8	-348544.8	-115121.1
2033-02-25 07:28:47	3194.96	-6118.85	-592	135845390	-54089962	-23446850	71315	-348408.7	-115055.2
2033-02-25 07:38:04	6131.07	-3178.41	-553.35	135852274	-54075932	-23440768	71880	-348271.6	-114989.1
2033-02-25 07:47:21	6861.44	905.49	-315.1	135859156	-54061902	-23434687	72444.8	-348133.8	-114922.7
2033-02-25 07:56:38	5123.28	4663.61	36.81	135866036	-54047871	-23428605	73009.4	-347995.1	-114856
2033-02-25 08:05:55	1541.91	6743.89	375.45	135872915	-54033840	-23422523	73573.9	-347855.6	-114789
2033-02-25 08:15:13	-2594.21	6397.95	578.65	135879791	-54019807	-23416440	74138.2	-347715.2	-114721.8
2033-02-25 08:24:30	-5797.04	3750.25	573.12	135886667	-54005775	-23410357	74702.3	-347574	-114654.3
2033-02-25 08:33:47	-6914.3	-246.64	360.85	135893540	-53991741	-23404274	75266.3	-347432	-114586.5
2033-02-25 08:43:04	-5544.01	-4154.77	18.41	135900412	-53977707	-23398191	75830.1	-347289.1	-114518.4
2033-02-25 08:52:21	-2179.16	-6568.14	-330.67	135907282	-53963671	-23392107	76393.7	-347145.4	-114450.1
2033-02-25 09:01:38	1969.71	-6618.51	-560.47	135914150	-53949636	-23386023	76957.1	-347000.9	-114381.5
2033-02-25 09:10:56	5409.97	-4287.77	-588.09	135921016	-53935599	-23379938	77520.4	-346855.5	-114312.6
2033-02-25 09:20:13	6903.91	-414.45	-403.58	135927881	-53921562	-23373854	78083.5	-346709.3	-114243.4
2033-02-25 09:29:30	5914.04	3607.94	-73.49	135934744	-53907524	-23367769	78646.4	-346562.2	-114173.9
2033-02-25 09:38:47	2796.49	6332.3	283.12	135941606	-53893486	-23361684	79209.1	-346414.3	-114104.2
2033-02-25 09:48:04	-1327.18	6778.51	537.59	135948465	-53879447	-23355598	79771.6	-346265.6	-114034.2
2033-02-25 09:57:22	-4973.39	4786.04	598.15	135955323	-53865407	-23349512	80333.9	-346116.1	-113964
2033-02-25 10:06:39	-6830.36	1071.74	442.93	135962179	-53851366	-23343426	80896.1	-345965.7	-113893.4
2033-02-25 10:15:56	-6229.98	-3028.12	127.94	135969034	-53837325	-23337340	81458.1	-345814.4	-113822.6
2033-02-25 10:25:13	-3388.25	-6038.54	-233.2	135975887	-53823283	-23331253	82019.8	-345662.4	-113751.5
2033-02-25 10:34:30	672.48	-6876.48	-510.22	135982738	-53809240	-23325166	82581.4	-345509.5	-113680.1
2033-02-25 10:43:47	4491.3	-5240.51	-603.19	135989587	-53795197	-23319079	83142.8	-345355.7	-113608.5
2033-02-25 10:53:05	6694.32	-1719.19	-478.58	135996434	-53781153	-23312991	83704	-345201.2	-113536.6
2033-02-25 11:02:22	6488.94	2420.61	-181.33	136003280	-53767108	-23306903	84265	-345045.7	-113464.4
2033-02-25 11:11:39	3949.04	5689.53	181.33	136010124	-53753062	-23300815	84825.8	-344889.5	-113391.9
2033-02-25 11:20:56	-11.62	6911.54	478.58	136016967	-53739016	-23294726	85386.4	-344732.4	-113319.2
2033-02-25 11:30:13	-3968.12	5647.01	603.19	136023807	-53724970	-23288637	85946.8	-344574.5	-113246.2
2033-02-25 11:39:30	-6497.04	2350.9	510.22	136030646	-53710922	-23282548	86507	-344415.8	-113172.9
2033-02-25 11:48:48	-6688.54	-1790.97	233.2	136037483	-53696874	-23276459	87067	-344256.2	-113099.3
2033-02-25 11:58:05	-4473.72	-5288.48	-127.94	136044319	-53682825	-23270369	87626.8	-344095.8	-113025.5
2033-02-25 12:07:22	-649.38	-6883.36	-442.93	136051152	-53668775	-23264279	88186.4	-343934.5	-112951.4
2033-02-25 12:16:39	3408.62	-6001.84	-598.15	136057984	-53654725	-23258189	88745.8	-343772.4	-112877
2033-02-25 12:25:56	6240.32	-2961.08	-537.59	136064815	-53640674	-23252098	89305	-343609.5	-112802.3
2033-02-25 12:35:14	6826.97	1144.96	-283.12	136071643	-53626622	-23246007	89864	-343445.8	-112727.4
2033-02-25 12:44:31	4957.49	4839.06	73.49	136078470	-53612570	-23239916	90422.7	-343281.2	-112652.2
2033-02-25 12:53:48	1304.45	6792.21	403.58	136085295	-53598517	-23233825	90981.3	-343115.8	-112576.7
2033-02-25 13:03:05	-2817.92	6301.75	588.09	136092118	-53584463	-23227733	91539.6	-342949.5	-112501
2033-02-25 13:12:22	-5926.5	3544.15	560.47	136098940	-53570409	-23221641	92097.8	-342782.4	-112425
2033-02-25 13:21:39	-6902.94	-488.5	330.67	136105760	-53556354	-23215548	92655.7	-342614.5	-112348.7
2033-02-25 13:30:57	-5395.92	-4345.37	-18.41	136112578	-53542298	-23209456	93213.3	-342445.8	-112272.1
2033-02-25 13:40:14	-1947.61	-6638.91	-360.85	136119394	-53528241	-23203363	93770.8	-342276.2	-112195.3
2033-02-25 13:49:31	2201.42	-6543.99	-573.12	136126209	-53514184	-23197269	94328	-342105.8	-112118.1
2033-02-25 13:58:48	5558.47	-4094.78	-578.65	136133022	-53500126	-23191176	94885.1	-341934.5	-112040.8
2033-02-25 14:08:05	6915.77	-172.42	-375.45	136139833	-53486068	-23185082	95441.9	-341762.5	-111963.1
2033-02-25 14:17:23	5785	3811.95	-36.81	136146643	-53472008	-23178988	95998.4	-341589.6	-111885.2
2033-02-25 14:26:40	2572.96	6424.88	315.1	136153450	-53457948	-23172893	96554.8	-341415.8	-111807
2033-02-25 14:35:57	-1564.77	6726.36	553.35	136160256	-53443888	-23166798	97110.9	-341241.2	-111728.5
2033-02-25 14:45:14	-5139.57	4607.92	592	136167061	-53429827	-23160703	97666.8	-341065.8	-111649.8
2033-02-25 14:54:31	-6865.34	831.73	417.09	136173863	-53415765	-23154608	98222.5	-340889.6	-111570.7
2033-02-25 15:03:48	-6121.18	-3243.66	91.73	136180664	-53401702	-23148512	98777.9	-340712.5	-111491.4
2033-02-25 15:13:06	-3174.81	-6152.08	-266.72	136187463	-53387638	-23142416	99333.1	-340534.6	-111411.9
2033-02-25 15:22:23	913.78	-6847.17	-528.96	136194261	-53373574	-23136320	99888	-340355.9	-111332.1
2033-02-25 15:31:40	4673.64	-5078.89	-600.39	136201056	-53359510	-23130223	100442.8	-340176.3	-111251.9
2033-02-25 15:40:57	6752.1	-1483.42	-455.24	136207850	-53345444	-23124127	100997.2	-339995.9	-111171.6
2033-02-25 15:50:14	6401.37	2645.71	-145.88	136214643	-53331378	-23118029	101551.5	-339814.7	-111090.9
2033-02-25 15:59:32	3747.62	5822.99	216.1	136221433	-53317311	-23111932	102105.5	-339632.7	-111010
2033-02-25 16:08:49	-254.42	6905.34	500.13	136228222	-53303244	-23105834	102659.3	-339449.8	-110928.8
2033-02-25 16:18:06	-4164.95	5503.39	603.75	136235009	-53289176	-23099736	103212.8	-339266.1	-110847.4
2033-02-25 16:27:23	-6577.08	2121.52	489.58	136241794	-53275107	-23093638	103766	-339081.5	-110765.6
2033-02-25 16:36:40	-6623	-2023.58	198.81	136248578	-53261037	-23087539	104319.1	-338896.2	-110683.6
2033-02-25 16:45:57	-4286.17	-5440.64	-163.68	136255359	-53246967	-23081440	104871.8	-338710	-110601.4
2033-02-25 16:55:15	-407.29	-6900.32	-467.13	136262139	-53232896	-23075341	105424.4	-338522.9	-110518.8
2033-02-25 17:04:32	3618.14	-5877.51	-602.07	136268918	-53218824	-23069241	105976.7	-338335.1	-110436
2033-02-25 17:13:49	6341.9	-2740.18	-519.83	136275694	-53204752	-23063142	106528.7	-338146.4	-110352.9
2033-02-25 17:23:06	6784.06	1382.95	-250.08	136282469	-53190679	-23057041	107080.5	-337956.9	-110269.6
2033-02-25 17:32:23	4785.53	5008.52	109.89	136289242	-53176605	-23050941	107632	-337766.5	-110186
2033-02-25 17:41:40	1065.3	6832.18	430.21	136296014	-53162531	-23044840	108183.2	-337575.4	-110102.1
2033-02-25 17:50:58	-3038.22	6197.85	595.35	136302784	-53148456	-23038739	108734.2	-337383.4	-110017.9
2033-02-25 18:00:15	-6048.7	3333.76	545.73	136309551	-53134380	-23032638	109285	-337190.5	-109933.5
2033-02-25 18:09:32	-6883.07	-729.68	299.25	136316318	-53120304	-23026536	109835.5	-336996.9	-109848.8
2033-02-25 18:18:49	-5241.12	-4530.58	-55.17	136323082	-53106227	-23020434	110385.7	-336802.4	-109763.8
2033-02-25 18:28:06	-1713.57	-6701.52	-389.7	136329845	-53092149	-23014332	110935.6	-336607.1	-109678.6
2033-02-25 18:37:24	2430.49	-6461.48	-583.64	136336606	-53078070	-23008230	111485.3	-336411	-109593.1
2033-02-25 18:46:41	5700.16	-3896.82	-567.06	136343365	-53063991	-23002127	112034.8	-336214	-109507.3
2033-02-25 18:55:58	6919.11	69.75	-345.92	136350123	-53049911	-22996024	112583.9	-336016.2	-109421.2
2033-02-25 19:05:15	5648.78	4011.21	0	136356879	-53035831	-22989921	113132.8	-335817.6	-109334.9
2033-02-25 19:14:32	2346.19	6509.55	345.92	136363633	-53021750	-22983817	113681.4	-335618.2	-109248.3
2033-02-25 19:23:49	-1800.5	6665.97	567.06	136370385	-53007668	-22977713	114229.8	-335417.9	-109161.5
2033-02-25 19:33:07	-5299.46	4424.21	583.64	136377136	-52993585	-22971609	114777.9	-335216.8	-109074.4
2033-02-25 19:42:24	-6891.86	590.79	389.7	136383885	-52979502	-22965504	115325.7	-335014.9	-108987
2033-02-25 19:51:41	-6004.78	-3455.16	55.17	136390632	-52965418	-22959399	115873.2	-334812.2	-108899.3
2033-02-25 20:00:58	-2957.37	-6258.03	-299.25	136397377	-52951334	-22953294	116420.4	-334608.6	-108811.4
2033-02-25 20:10:15	1154.03	-6809.48	-545.73	136404121	-52937248	-22947189	116967.4	-334404.2	-108723.2
2033-02-25 20:19:33	4850.27	-4911.11	-595.35	136410863	-52923162	-22941083	117514.1	-334199	-108634.8
2033-02-25 20:28:50	6801.56	-1245.91	-430.21	136417603	-52909076	-22934977	118060.5	-333993	-108546
2033-02-25 20:38:07	6305.86	2867.5	-109.89	136424342	-52894988	-22928871	118606.6	-333786.1	-108457.1
2033-02-25 20:47:24	3541.51	5949.26	250.08	136431078	-52880900	-22922764	119152.4	-333578.5	-108367.8
2033-02-25 20:56:41	-496.98	6890.67	519.83	136437813	-52866812	-22916657	119698	-333370	-108278.3
2033-02-25 21:05:58	-4356.71	5353.06	602.07	136444547	-52852722	-22910550	120243.2	-333160.6	-108188.5
2033-02-25 21:15:16	-6649.04	1889.61	467.13	136451278	-52838632	-22904442	120788.2	-332950.5	-108098.4
2033-02-25 21:24:33	-6549.27	-2253.63	163.68	136458008	-52824542	-22898335	121332.9	-332739.5	-108008.1
2033-02-25 21:33:50	-4093.27	-5586.07	-198.81	136464736	-52810450	-22892227	121877.3	-332527.7	-107917.5
2033-02-25 21:43:07	-164.63	-6908.82	-489.58	136471463	-52796358	-22886118	122421.4	-332315.1	-107826.6
2033-02-25 21:52:24	3823.27	-5746.01	-603.75	136478187	-52782265	-22880010	122965.2	-332101.7	-107735.5
2033-02-25 22:01:42	6435.69	-2516	-500.13	136484910	-52768172	-22873901	123508.7	-331887.4	-107644.1
2033-02-25 22:10:59	6732.77	1619.16	-216.1	136491631	-52754078	-22867791	124051.9	-331672.4	-107552.5
2033-02-25 22:20:16	4607.6	5171.78	145.88	136498351	-52739983	-22861682	124594.8	-331456.5	-107460.6
2033-02-25 22:29:33	824.75	6863.75	455.24	136505068	-52725887	-22855572	125137.4	-331239.7	-107368.4
2033-02-25 22:38:50	-3254.84	6086.39	600.39	136511784	-52711791	-22849462	125679.7	-331022.2	-107275.9
2033-02-25 22:48:07	-6163.47	3119.36	528.96	136518499	-52697694	-22843351	126221.7	-330803.9	-107183.2
2033-02-25 22:57:25	-6854.69	-969.89	266.72	136525211	-52683597	-22837241	126763.4	-330584.7	-107090.2
2033-02-25 23:06:42	-5079.8	-4710.18	-91.73	136531922	-52669499	-22831130	127304.8	-330364.7	-106997
2033-02-25 23:15:59	-1477.35	-6755.89	-417.09	136538631	-52655400	-22825018	127845.9	-330143.9	-106903.5
2033-02-25 23:25:16	2656.63	-6371.06	-592	136545338	-52641300	-22818907	128386.6	-329922.3	-106809.7
2033-02-25 23:34:33	5834.86	-3694.16	-553.35	136552044	-52627200	-22812795	128927.1	-329699.8	-106715.6
2033-02-25 23:43:50	6913.91	311.76	-315.1	136558747	-52613099	-22806683	129467.2	-329476.5	-106621.3
2033-02-25 23:53:08	5505.55	4205.49	36.81	136565449	-52598998	-22800570	130007.1	-329252.5	-106526.8
2033-02-26 00:02:25	2116.45	6586.22	375.45	136572150	-52584895	-22794457	130546.6	-329027.6	-106431.9
2033-02-26 00:11:42	-2034.09	6597.44	578.65	136578848	-52570792	-22788344	131085.8	-328801.8	-106336.8
2033-02-26 00:20:59	-5452.86	4235.14	573.12	136585545	-52556689	-22782231	131624.7	-328575.3	-106241.5
2033-02-26 00:30:16	-6909.88	349.2	360.85	136592240	-52542584	-22776117	132163.3	-328348	-106145.9
2033-02-26 00:39:34	-5880.94	-3662.34	18.41	136598934	-52528479	-22770003	132701.5	-328119.8	-106050
2033-02-26 00:48:51	-2736.21	-6356.28	-330.67	136605625	-52514374	-22763889	133239.4	-327890.8	-105953.8
2033-02-26 00:58:08	1392.94	-6763.44	-560.47	136612315	-52500267	-22757775	133777	-327661	-105857.4
2033-02-26 01:07:25	5020.97	-4737.35	-588.09	136619003	-52486160	-22751660	134314.3	-327430.4	-105760.7
2033-02-26 01:16:42	6842.64	-1006.95	-403.58	136625690	-52472053	-22745545	134851.3	-327199	-105663.8
2033-02-26 01:25:59	6202.55	3085.7	-73.49	136632375	-52457944	-22739429	135387.9	-326966.8	-105566.6
2033-02-26 01:35:17	3330.96	6068.2	283.12	136639058	-52443835	-22733314	135924.2	-326733.7	-105469.1
2033-02-26 01:44:34	-739.02	6867.56	537.59	136645739	-52429726	-22727198	136460.1	-326499.8	-105371.4
2033-02-26 01:53:51	-4543.14	5196.21	598.15	136652418	-52415615	-22721082	136995.8	-326265.2	-105273.4
2033-02-26 02:03:08	-6712.81	1655.46	442.93	136659096	-52401504	-22714965	137531.1	-326029.7	-105175.2
2033-02-26 02:12:25	-6467.43	-2480.85	127.94	136665772	-52387393	-22708848	138066	-325793.4	-105076.6
2033-02-26 02:21:43	-3895.26	-5724.61	-233.2	136672446	-52373280	-22702731	138600.7	-325556.3	-104977.9
2033-02-26 02:31:00	78.32	-6908.84	-510.22	136679119	-52359167	-22696614	139134.9	-325318.3	-104878.8
2033-02-26 02:40:17	4023.74	-5607.51	-603.19	136685790	-52345053	-22690496	139668.9	-325079.6	-104779.5
2033-02-26 02:49:34	6521.57	-2288.81	-478.58	136692459	-52330939	-22684378	140202.5	-324840.1	-104680
2033-02-26 02:58:51	6673.15	1853.31	-181.33	136699126	-52316824	-22678259	140735.8	-324599.7	-104580.2
2033-02-26 03:08:08	4423.94	5328.65	181.33	136705792	-52302708	-22672141	141268.7	-324358.5	-104480.1
2033-02-26 03:17:26	583.11	6886.91	478.58	136712456	-52288592	-22666022	141801.3	-324116.5	-104379.7
2033-02-26 03:26:43	-3467.52	5967.5	603.19	136719118	-52274475	-22659903	142333.5	-323873.8	-104279.1
2033-02-26 03:36:00	-6270.67	2901.2	510.22	136725778	-52260357	-22653783	142865.4	-323630.2	-104178.3
2033-02-26 03:45:17	-6817.84	-1208.83	233.2	136732437	-52246238	-22647664	143396.9	-323385.8	-104077.2
2033-02-26 03:54:34	-4912.16	-4883.94	-127.94	136739094	-52232119	-22641544	143928.1	-323140.5	-103975.8
2033-02-26 04:03:52	-1239.23	-6801.96	-442.93	136745749	-52217999	-22635423	144458.9	-322894.5	-103874.1
2033-02-26 04:13:09	2879.56	-6272.87	-598.15	136752402	-52203879	-22629303	144989.4	-322647.7	-103772.3
2033-02-26 04:22:26	5962.4	-3487.03	-537.59	136759054	-52189758	-22623182	145519.5	-322400	-103670.1
2033-02-26 04:31:43	6900.16	553.31	-283.12	136765704	-52175636	-22617060	146049.3	-322151.6	-103567.7
2033-02-26 04:41:00	5355.47	4394.56	73.49	136772352	-52161514	-22610939	146578.7	-321902.4	-103465
2033-02-26 04:50:17	1884.03	6654.78	403.58	136778999	-52147390	-22604817	147107.8	-321652.3	-103362.1
2033-02-26 04:59:35	-2265.25	6520.84	588.09	136785643	-52133267	-22598695	147636.4	-321401.4	-103258.9
2033-02-26 05:08:52	-5599.58	4040.94	560.47	136792286	-52119142	-22592573	148164.8	-321149.8	-103155.4
2033-02-26 05:18:09	-6919.37	107.26	330.67	136798928	-52105017	-22586450	148692.7	-320897.3	-103051.7
2033-02-26 05:27:26	-5749.8	-3864.98	-18.41	136805567	-52090891	-22580327	149220.3	-320644	-102947.7
2033-02-26 05:36:43	-2511.61	-6446.72	-360.85	136812205	-52076765	-22574204	149747.6	-320389.9	-102843.5
2033-02-26 05:46:00	1630.19	-6709.14	-573.12	136818841	-52062637	-22568080	150274.4	-320135	-102739
2033-02-26 05:55:18	5185.53	-4557.85	-578.65	136825475	-52048510	-22561957	150800.9	-319879.4	-102634.3
2033-02-26 06:04:35	6875.29	-766.83	-375.45	136832108	-52034381	-22555832	151327.1	-319622.9	-102529.3
2033-02-26 06:13:52	6091.54	3300.06	-36.81	136838739	-52020252	-22549708	151852.8	-319365.6	-102424.1
2033-02-26 06:23:09	3116.24	6179.67	315.1	136845368	-52006122	-22543583	152378.2	-319107.5	-102318.5
2033-02-26 06:32:26	-980.21	6836.05	553.35	136851995	-51991991	-22537458	152903.2	-318848.6	-102212.8
2033-02-26 06:41:44	-4724.03	5033.05	592	136858621	-51977860	-22531333	153427.8	-318588.9	-102106.8
2033-02-26 06:51:01	-6768.31	1419.36	417.09	136865245	-51963728	-22525208	153952.1	-318328.4	-102000.5
2033-02-26 07:00:18	-6377.57	-2704.95	91.73	136871867	-51949596	-22519082	154475.9	-318067.1	-101893.9
2033-02-26 07:09:35	-3692.37	-5856.09	-266.72	136878487	-51935463	-22512956	154999.4	-317805	-101787.1
2033-02-26 07:18:52	321.25	-6900.4	-528.96	136885106	-51921329	-22506829	155522.5	-317542.1	-101680.1
2033-02-26 07:28:09	4219.31	-5462.19	-600.39	136891723	-51907194	-22500702	156045.3	-317278.4	-101572.8
2033-02-26 07:37:27	6599.42	-2058.89	-455.24	136898338	-51893059	-22494576	156567.6	-317013.9	-101465.2
2033-02-26 07:46:44	6605.27	2085.11	-145.88	136904951	-51878923	-22488448	157089.6	-316748.6	-101357.4
2033-02-26 07:56:01	4234.75	5478.94	216.1	136911563	-51864787	-22482321	157611.1	-316482.5	-101249.4
2033-02-26 08:05:18	340.68	6901.62	500.13	136918173	-51850649	-22476193	158132.3	-316215.6	-101141
2033-02-26 08:14:35	-3675.98	5841.34	603.75	136924781	-51836512	-22470065	158653.1	-315947.9	-101032.5
2033-02-26 08:23:53	-6370.15	2679.56	489.58	136931388	-51822373	-22463936	159173.5	-315679.5	-100923.6
2033-02-26 08:33:10	-6772.56	-1446.21	198.81	136937992	-51808234	-22457808	159693.5	-315410.2	-100814.5
2033-02-26 08:42:27	-4738.4	-5051.67	-163.68	136944595	-51794094	-22451678	160213.1	-315140.1	-100705.2
2033-02-26 08:51:44	-999.5	-6839.69	-467.13	136951197	-51779953	-22445549	160732.3	-314869.2	-100595.6
2033-02-26 09:01:01	3099.01	-6167.03	-602.07	136957796	-51765812	-22439420	161251.1	-314597.6	-100485.8
2033-02-26 09:10:18	6082.61	-3275.69	-519.83	136964394	-51751670	-22433290	161769.5	-314325.1	-100375.7
2033-02-26 09:19:36	6877.89	794.1	-250.08	136970990	-51737528	-22427160	162287.5	-314051.9	-100265.3
2033-02-26 09:28:53	5198.72	4578.18	109.89	136977584	-51723385	-22421029	162805.2	-313777.8	-100154.7
2033-02-26 09:38:10	1649.2	6715.18	430.21	136984177	-51709241	-22414898	163322.4	-313503	-100043.8
2033-02-26 09:47:27	-2493.67	6436.28	595.35	136990767	-51695096	-22408767	163839.2	-313227.4	-99932.7
2033-02-26 09:56:44	-5739.42	3841.84	545.73	136997357	-51680951	-22402636	164355.6	-312950.9	-99821.4
2033-02-26 10:06:01	-6920.32	-134.74	299.25	137003944	-51666805	-22396504	164871.6	-312673.7	-99709.8
2033-02-26 10:15:19	-5611.51	-4062.82	-55.17	137010529	-51652659	-22390373	165387.1	-312395.7	-99597.9
2033-02-26 10:24:36	-2283.83	-6529.23	-389.7	137017113	-51638511	-22384240	165902.3	-312116.9	-99485.8
2033-02-26 10:33:53	1865.51	-6646.64	-583.64	137023695	-51624364	-22378108	166417.1	-311837.3	-99373.4
2033-02-26 10:43:10	5343.73	-4372.83	-567.06	137030276	-51610215	-22371975	166931.4	-311557	-99260.8
2033-02-26 10:52:27	6899.45	-525.84	-345.92	137036854	-51596066	-22365842	167445.3	-311275.8	-99147.9
2033-02-26 11:01:45	5972.97	3510.3	0	137043431	-51581916	-22359709	167958.9	-310993.9	-99034.8
2033-02-26 11:11:02	2897.59	6283.54	345.92	137050006	-51567765	-22353575	168471.9	-310711.1	-98921.4
2033-02-26 11:20:19	-1220.27	6796.17	567.06	137056580	-51553614	-22347441	168984.6	-310427.6	-98807.8
2033-02-26 11:29:36	-4899.14	4863.78	583.64	137063151	-51539462	-22341307	169496.9	-310143.3	-98693.9
2033-02-26 11:38:53	-6815.46	1181.59	389.7	137069721	-51525310	-22335173	170008.7	-309858.2	-98579.8
2033-02-26 11:48:10	-6279.8	-2925.68	55.17	137076289	-51511157	-22329038	170520.1	-309572.3	-98465.4
2033-02-26 11:57:28	-3484.86	-5980.37	-299.25	137082856	-51497003	-22322903	171031.1	-309285.6	-98350.8
2033-02-26 12:06:45	563.85	-6883.52	-545.73	137089420	-51482849	-22316768	171541.7	-308998.2	-98235.9
2033-02-26 12:16:02	4409.72	-5310.22	-595.35	137095983	-51468693	-22310632	172051.8	-308709.9	-98120.8
2033-02-26 12:25:19	6669.13	-1826.51	-430.21	137102544	-51454538	-22304496	172561.5	-308420.9	-98005.4
2033-02-26 12:34:36	6529.21	2314.3	-109.89	137109104	-51440381	-22298360	173070.8	-308131.1	-97889.8
2033-02-26 12:43:54	4040.27	5622.48	250.08	137115662	-51426224	-22292224	173579.6	-307840.5	-97774
2033-02-26 12:53:11	97.75	6907.88	519.83	137122217	-51412066	-22286087	174088.1	-307549.2	-97657.9
2033-02-26 13:02:28	-3879.96	5708.06	602.07	137128772	-51397908	-22279950	174596	-307257	-97541.5
2033-02-26 13:11:45	-6461.8	2454.7	467.13	137135324	-51383749	-22273812	175103.6	-306964.1	-97424.9
2033-02-26 13:21:02	-6718.89	-1681.76	163.68	137141875	-51369589	-22267675	175610.7	-306670.4	-97308
2033-02-26 13:30:19	-4558.73	-5213.16	-198.81	137148424	-51355428	-22261537	176117.3	-306375.9	-97190.9
2033-02-26 13:39:37	-758.47	-6869.03	-489.58	137154971	-51341267	-22255399	176623.6	-306080.6	-97073.6
2033-02-26 13:48:54	3314.69	-6053.67	-603.75	137161516	-51327105	-22249260	177129.3	-305784.5	-96956
2033-02-26 13:58:11	6195.34	-3060.41	-500.13	137168060	-51312943	-22243122	177634.7	-305487.7	-96838.1
2033-02-26 14:07:28	6847.12	1033.85	-216.1	137174602	-51298780	-22236983	178139.6	-305190.1	-96720.1
2033-02-26 14:16:45	5035.51	4756.15	145.88	137181142	-51284616	-22230843	178644	-304891.7	-96601.7
2033-02-26 14:26:03	1412.27	6767.34	455.24	137187681	-51270452	-22224704	179148	-304592.6	-96483.1
2033-02-26 14:35:20	-2719.09	6343.87	600.39	137194218	-51256287	-22218564	179651.6	-304292.6	-96364.3
2033-02-26 14:44:37	-5872.22	3638.11	528.96	137200753	-51242121	-22212424	180154.7	-303991.9	-96245.2
2033-02-26 14:53:54	-6912.72	-376.5	266.72	137207286	-51227955	-22206283	180657.3	-303690.4	-96125.9
2033-02-26 15:03:11	-5466.24	-4255.63	-91.73	137213818	-51213788	-22200142	181159.5	-303388.1	-96006.4
2033-02-26 15:12:28	-2053.16	-6603.72	-417.09	137220347	-51199620	-22194001	181661.3	-303085.1	-95886.6
2033-02-26 15:21:46	2098.59	-6576.02	-592	137226875	-51185452	-22187860	182162.6	-302781.3	-95766.5
2033-02-26 15:31:03	5495.37	-4182.5	-553.35	137233402	-51171283	-22181718	182663.4	-302476.7	-95646.2
2033-02-26 15:40:20	6915.09	-284.29	-315.1	137239926	-51157113	-22175577	183163.8	-302171.4	-95525.7
2033-02-26 15:49:37	5846.98	3716.19	36.81	137246449	-51142943	-22169434	183663.7	-301865.2	-95404.9
2033-02-26 15:58:54	2675.3	6379.69	375.45	137252970	-51128772	-22163292	184163.2	-301558.3	-95283.9
2033-02-26 16:08:11	-1458.89	6747.99	578.65	137259489	-51114600	-22157149	184662.2	-301250.7	-95162.6
2033-02-26 16:17:29	-5068.24	4688.61	573.12	137266007	-51100428	-22151006	185160.7	-300942.2	-95041.1
2033-02-26 16:26:46	-6854.21	942.45	360.85	137272523	-51086255	-22144863	185658.7	-300633	-94919.3
2033-02-26 16:36:03	-6174.25	-3142.75	18.41	137279037	-51072081	-22138719	186156.3	-300323	-94797.3
2033-02-26 16:45:20	-3272.98	-6097.28	-330.67	137285549	-51057907	-22132576	186653.5	-300012.3	-94675.1
2033-02-26 16:54:37	805.83	-6858.21	-560.47	137292060	-51043732	-22126431	187150.1	-299700.8	-94552.6
2033-02-26 17:03:55	4594.74	-5151.8	-588.09	137298569	-51029556	-22120287	187646.3	-299388.5	-94429.9
2033-02-26 17:13:12	6730.63	-1591.97	-403.58	137305076	-51015380	-22114142	188142	-299075.4	-94307
2033-02-26 17:22:29	6445.05	2540.58	-73.49	137311581	-51001203	-22107997	188637.3	-298761.6	-94183.7
2033-02-26 17:31:46	3840.73	5759.1	283.12	137318085	-50987026	-22101852	189132	-298447	-94060.3
2033-02-26 17:41:03	-145.37	6905.68	537.59	137324586	-50972847	-22095706	189626.3	-298131.7	-93936.6
2033-02-26 17:50:20	-4079.2	5567.85	598.15	137331087	-50958669	-22089561	190120.1	-297815.6	-93812.7
2033-02-26 17:59:38	-6545.48	2226.91	442.93	137337585	-50944489	-22083414	190613.5	-297498.7	-93688.5
2033-02-26 18:08:55	-6656.9	-1915.17	127.94	137344081	-50930309	-22077268	191106.3	-297181.1	-93564.1
2033-02-26 18:18:12	-4373.37	-5368.22	-233.2	137350576	-50916128	-22071121	191598.7	-296862.7	-93439.5
2033-02-26 18:27:29	-516.42	-6889.96	-510.22	137357069	-50901947	-22064974	192090.6	-296543.5	-93314.6
2033-02-26 18:36:46	3526.34	-5932.93	-603.19	137363561	-50887764	-22058827	192582	-296223.6	-93189.5
2033-02-26 18:46:04	6300.45	-2841.45	-478.58	137370050	-50873582	-22052680	193072.9	-295902.9	-93064.1
2033-02-26 18:55:21	6807.87	1272.26	-181.33	137376538	-50859398	-22046532	193563.3	-295581.5	-92938.5
2033-02-26 19:04:38	4866.02	4928.24	181.33	137383024	-50845214	-22040384	194053.3	-295259.3	-92812.7
2033-02-26 19:13:55	1173.52	6811.2	478.58	137389509	-50831029	-22034235	194542.7	-294936.3	-92686.6
2033-02-26 19:23:12	-2941.2	6243.72	603.19	137395991	-50816844	-22028087	195031.7	-294612.6	-92560.3
2033-02-26 19:32:29	-5997.79	3429.98	510.22	137402472	-50802658	-22021938	195520.1	-294288.1	-92433.7
2033-02-26 19:41:47	-6896.56	-617.72	233.2	137408952	-50788471	-22015788	196008.1	-293962.9	-92307
2033-02-26 19:51:04	-5314.17	-4443.17	-127.94	137415429	-50774284	-22009639	196495.6	-293636.9	-92179.9
2033-02-26 20:00:21	-1819.89	-6670.11	-442.93	137421905	-50760096	-22003489	196982.5	-293310.2	-92052.7
2033-02-26 20:09:38	2329.15	-6497.37	-598.15	137428378	-50745907	-21997339	197469	-292982.7	-91925.2
2033-02-26 20:18:55	5640.25	-3987.12	-537.59	137434851	-50731718	-21991189	197955	-292654.4	-91797.4
2033-02-26 20:28:13	6922.18	-42.45	-283.12	137441321	-50717528	-21985038	198440.5	-292325.4	-91669.5
2033-02-26 20:37:30	5713.72	3917.46	73.49	137447790	-50703337	-21978887	198925.4	-291995.7	-91541.3
2033-02-26 20:46:47	2449.63	6468	403.58	137454257	-50689146	-21972736	199409.9	-291665.2	-91412.8
2033-02-26 20:56:04	-1695.78	6691.57	588.09	137460722	-50674954	-21966584	199893.9	-291333.9	-91284.1
2033-02-26 21:05:21	-5231.12	4507.75	560.47	137467185	-50660762	-21960433	200377.3	-291001.9	-91155.2
2033-02-26 21:14:38	-6884.48	702.22	330.67	137473647	-50646568	-21954281	200860.3	-290669.1	-91026.1
2033-02-26 21:23:56	-6061.02	-3355.92	-18.41	137480107	-50632374	-21948128	201342.7	-290335.6	-90896.7
2033-02-26 21:33:13	-3056.99	-6206.7	-360.85	137486565	-50618180	-21941976	201824.6	-290001.4	-90767.1
2033-02-26 21:42:30	1046.88	-6824.53	-573.12	137493021	-50603985	-21935823	202306	-289666.4	-90637.2
2033-02-26 21:51:47	4774.13	-4987.13	-578.65	137499476	-50589789	-21929670	202786.9	-289330.6	-90507.2
2033-02-26 22:01:04	6783.81	-1355.55	-375.45	137505929	-50575592	-21923516	203267.3	-288994.1	-90376.9
2033-02-26 22:10:21	6352.89	2763.69	-36.81	137512380	-50561395	-21917362	203747.2	-288656.9	-90246.3
2033-02-26 22:19:39	3636.39	5888.63	315.1	137518829	-50547197	-21911208	204226.5	-288318.9	-90115.5
2033-02-26 22:28:56	-388.39	6895.04	553.35	137525277	-50532999	-21905054	204705.4	-287980.1	-89984.5
2033-02-26 22:38:13	-4273.46	5420.86	592	137531723	-50518800	-21898900	205183.7	-287640.7	-89853.3
2033-02-26 22:47:30	-6621.09	1996.46	417.09	137538167	-50504600	-21892745	205661.5	-287300.4	-89721.8
2033-02-26 22:56:47	-6586.66	-2146.18	91.73	137544610	-50490400	-21886590	206138.7	-286959.5	-89590.1
2033-02-26 23:06:05	-4182.55	-5516.68	-266.72	137551050	-50476199	-21880434	206615.5	-286617.8	-89458.2
2033-02-26 23:15:22	-273.67	-6902.45	-528.96	137557489	-50461997	-21874278	207091.7	-286275.3	-89326
2033-02-26 23:24:39	3733.68	-5804.97	-600.39	137563926	-50447795	-21868123	207567.4	-285932.1	-89193.6
2033-02-26 23:33:56	6397.79	-2619.08	-455.24	137570362	-50433592	-21861966	208042.5	-285588.2	-89061
2033-02-26 23:43:13	6760.18	1509.05	-145.88	137576795	-50419388	-21855810	208517.1	-285243.5	-88928.1
2033-02-26 23:52:30	4690.46	5094.25	216.1	137583227	-50405184	-21849653	208991.2	-284898.1	-88795
2033-02-27 00:01:48	933.25	6846.71	500.13	137589658	-50390979	-21843496	209464.8	-284552	-88661.7
2033-02-27 00:11:05	-3159.74	6135.97	603.75	137596086	-50376773	-21837338	209937.8	-284205.1	-88528.2
2033-02-27 00:20:22	-6115.97	3217.72	489.58	137602513	-50362567	-21831181	210410.3	-283857.5	-88394.4
2033-02-27 00:29:39	-6871.88	-858.12	198.81	137608938	-50348360	-21825023	210882.3	-283509.1	-88260.4
2033-02-27 00:38:56	-5155.49	-4625.23	-163.68	137615361	-50334153	-21818865	211353.7	-283160	-88126.1
2033-02-27 00:48:14	-1584.3	-6728.33	-467.13	137621782	-50319945	-21812706	211824.6	-282810.2	-87991.7
2033-02-27 00:57:31	2556.89	-6410.8	-602.07	137628202	-50305736	-21806547	212294.9	-282459.7	-87857
2033-02-27 01:06:48	5778.21	-3786.91	-519.83	137634620	-50291527	-21800388	212764.7	-282108.4	-87722.1
2033-02-27 01:16:05	6920.71	199.36	-250.08	137641036	-50277316	-21794229	213233.9	-281756.3	-87586.9
2033-02-27 01:25:22	5573.36	4113.89	109.89	137647450	-50263106	-21788069	213702.6	-281403.6	-87451.6
2033-02-27 01:34:39	2220.88	6548.37	430.21	137653863	-50248894	-21781910	214170.8	-281050.1	-87316
2033-02-27 01:43:57	-1930.63	6626.97	595.35	137660274	-50234682	-21775749	214638.4	-280695.9	-87180.1
2033-02-27 01:53:14	-5387.58	4321.43	545.73	137666683	-50220470	-21769589	215105.5	-280341	-87044.1
2033-02-27 02:02:31	-6906.25	461.2	299.25	137673091	-50206256	-21763428	215572	-279985.3	-86907.8
2033-02-27 02:11:48	-5940.27	-3564.93	-55.17	137679496	-50192042	-21757267	216037.9	-279628.9	-86771.3
2033-02-27 02:21:05	-2837.15	-6308.51	-389.7	137685900	-50177828	-21751106	216503.3	-279271.8	-86634.6
2033-02-27 02:30:23	1286.7	-6782.5	-583.64	137692302	-50163612	-21744944	216968.2	-278913.9	-86497.6
2033-02-27 02:39:40	4947.66	-4816.4	-567.06	137698703	-50149397	-21738783	217432.5	-278555.4	-86360.5
2033-02-27 02:48:57	6828.62	-1117.54	-345.92	137705101	-50135180	-21732620	217896.2	-278196.1	-86223.1
2033-02-27 02:58:14	6252.85	2983.35	0	137711498	-50120963	-21726458	218359.4	-277836	-86085.5
2033-02-27 03:07:31	3427.5	6010.92	345.92	137717893	-50106745	-21720295	218822	-277475.3	-85947.6
2033-02-27 03:16:48	-630.99	6875.96	567.06	137724287	-50092527	-21714132	219284	-277113.8	-85809.5
2033-02-27 03:26:06	-4462.48	5267.28	583.64	137730678	-50078307	-21707969	219745.5	-276751.6	-85671.2
2033-02-27 03:35:23	-6688.52	1763.63	389.7	137737068	-50064088	-21701806	220206.5	-276388.7	-85532.7
2033-02-27 03:44:40	-6508.25	-2374.5	55.17	137743456	-50049867	-21695642	220666.8	-276025.1	-85394
2033-02-27 03:53:57	-3986.5	-5658.34	-299.25	137749843	-50035646	-21689478	221126.6	-275660.8	-85255
2033-02-27 04:03:14	-30.52	-6906.51	-545.73	137756228	-50021425	-21683313	221585.8	-275295.7	-85115.9
2033-02-27 04:12:31	3936.46	-5669.95	-595.35	137762610	-50007202	-21677149	222044.5	-274929.9	-84976.5
2033-02-27 04:21:49	6487.24	-2393.56	-430.21	137768992	-49992979	-21670984	222502.6	-274563.4	-84836.8
2033-02-27 04:31:06	6704.12	1743.93	-109.89	137775371	-49978756	-21664819	222960.1	-274196.2	-84697
2033-02-27 04:40:23	4509.05	5253.99	250.08	137781749	-49964531	-21658653	223417	-273828.3	-84556.9
2033-02-27 04:49:40	691.76	6873.85	519.83	137788124	-49950306	-21652488	223873.4	-273459.6	-84416.6
2033-02-27 04:58:57	-3374.43	6020.74	602.07	137794499	-49936081	-21646322	224329.2	-273090.3	-84276.1
2033-02-27 05:08:15	-6226.62	3001.59	467.13	137800871	-49921855	-21640155	224784.4	-272720.2	-84135.4
2033-02-27 05:17:32	-6838.67	-1097.41	163.68	137807242	-49907628	-21633989	225239	-272349.4	-83994.5
2033-02-27 05:26:49	-4990.38	-4801.58	-198.81	137813610	-49893400	-21627822	225693.1	-271977.9	-83853.3
2033-02-27 05:36:06	-1346.68	-6778.3	-489.58	137819978	-49879172	-21621655	226146.6	-271605.7	-83711.9
2033-02-27 05:45:23	2781.53	-6316.42	-603.75	137826343	-49864944	-21615488	226599.4	-271232.8	-83570.3
2033-02-27 05:54:40	5909.04	-3582.13	-500.13	137832706	-49850714	-21609320	227051.8	-270859.2	-83428.5
2033-02-27 06:03:58	6910.68	440.87	-216.1	137839068	-49836484	-21603152	227503.5	-270484.9	-83286.5
2033-02-27 06:13:15	5426.07	4305.24	145.88	137845428	-49822253	-21596984	227954.6	-270109.8	-83144.3
2033-02-27 06:22:32	1989.31	6620.72	455.24	137851787	-49808022	-21590815	228405.2	-269734.1	-83001.8
2033-02-27 06:31:49	-2163.16	6554.3	600.39	137858143	-49793790	-21584646	228855.1	-269357.6	-82859.1
2033-02-27 06:41:06	-5537.41	4129.88	528.96	137864498	-49779558	-21578477	229304.5	-268980.5	-82716.2
2033-02-27 06:50:24	-6919.48	219.69	266.72	137870851	-49765324	-21572308	229753.2	-268602.6	-82573.1
2033-02-27 06:59:41	-5812.13	-3769.52	-91.73	137877203	-49751091	-21566139	230201.4	-268224.1	-82429.8
2033-02-27 07:08:58	-2613.75	-6402.57	-417.09	137883552	-49736856	-21559969	230649	-267844.8	-82286.2
2033-02-27 07:18:15	1525	-6732.2	-592	137889900	-49722621	-21553798	231096	-267464.8	-82142.5
2033-02-27 07:27:32	5115.11	-4639.83	-553.35	137896246	-49708385	-21547628	231542.4	-267084.2	-81998.5
2033-02-27 07:36:49	6864.98	-878.22	-315.1	137902590	-49694149	-21541457	231988.2	-266702.8	-81854.3
2033-02-27 07:46:07	6145.05	3199.32	36.81	137908933	-49679912	-21535286	232433.4	-266320.7	-81709.9
2033-02-27 07:55:24	3214.3	6125.84	375.45	137915274	-49665674	-21529115	232878	-265938	-81565.3
2033-02-27 08:04:41	-872.87	6848.49	578.65	137921613	-49651436	-21522944	233322	-265554.5	-81420.4
2033-02-27 08:13:58	-4646.02	5107.3	573.12	137927950	-49637197	-21516772	233765.3	-265170.4	-81275.4
2033-02-27 08:23:15	-6747.7	1528.7	360.85	137934286	-49622957	-21510600	234208.1	-264785.5	-81130.1
2033-02-27 08:32:32	-6421.76	-2599.85	18.41	137940619	-49608717	-21504427	234650.3	-264400	-80984.7
2033-02-27 08:41:50	-3785.46	-5793.06	-330.67	137946951	-49594476	-21498255	235091.9	-264013.8	-80839
2033-02-27 08:51:07	212.74	-6902.11	-560.47	137953282	-49580234	-21492082	235532.8	-263626.8	-80693.1
2033-02-27 09:00:24	4134.43	-5528.04	-588.09	137959610	-49565992	-21485909	235973.2	-263239.2	-80547
2033-02-27 09:09:41	6568.69	-2165.18	-403.58	137965937	-49551749	-21479735	236412.9	-262850.9	-80400.7
2033-02-27 09:18:58	6639.74	1976.61	-73.49	137972262	-49537506	-21473562	236852	-262461.9	-80254.2
2033-02-27 09:28:16	4322.02	5407.27	283.12	137978585	-49523262	-21467388	237290.6	-262072.2	-80107.4
2033-02-27 09:37:33	449.35	6892.58	537.59	137984907	-49509017	-21461213	237728.4	-261681.8	-79960.5
2033-02-27 09:46:50	-3585	5898.18	598.15	137991227	-49494772	-21455039	238165.7	-261290.7	-79813.3
2033-02-27 09:56:07	-6329.59	2781.84	442.93	137997544	-49480526	-21448864	238602.4	-260899	-79666
2033-02-27 10:05:24	-6797	-1335.3	127.94	138003861	-49466279	-21442689	239038.4	-260506.6	-79518.4
2033-02-27 10:14:41	-4819.05	-4972.02	-233.2	138010175	-49452032	-21436513	239473.8	-260113.4	-79370.6
2033-02-27 10:23:59	-1107.34	-6819.97	-510.22	138016488	-49437784	-21430338	239908.6	-259719.6	-79222.6
2033-02-27 10:33:16	3002.78	-6214.34	-603.19	138022799	-49423536	-21424162	240342.8	-259325.1	-79074.4
2033-02-27 10:42:33	6032.6	-3373.02	-478.58	138029108	-49409287	-21417986	240776.4	-258930	-78926
2033-02-27 10:51:50	6892.09	681.78	-181.33	138035416	-49395037	-21411809	241209.3	-258534.1	-78777.4
2033-02-27 11:01:07	5272.01	4491.28	181.33	138041721	-49380786	-21405633	241641.6	-258137.6	-78628.6
2033-02-27 11:10:25	1755.22	6684.96	478.58	138048025	-49366535	-21399456	242073.3	-257740.3	-78479.6
2033-02-27 11:19:42	-2393.07	6473.63	603.19	138054327	-49352284	-21393278	242504.3	-257342.5	-78330.3
2033-02-27 11:28:59	-5680.42	3933.33	510.22	138060628	-49338031	-21387101	242934.7	-256943.9	-78180.9
2033-02-27 11:38:16	-6924.14	-22.03	233.2	138066926	-49323778	-21380923	243364.5	-256544.6	-78031.2
2033-02-27 11:47:33	-5676.76	-3969.45	-127.94	138073223	-49309525	-21374745	243793.6	-256144.7	-77881.4
2033-02-27 11:56:50	-2387.05	-6488.79	-442.93	138079519	-49295271	-21368566	244222.1	-255744.1	-77731.3
2033-02-27 12:06:08	1761.46	-6673.68	-598.15	138085812	-49281016	-21362388	244650	-255342.8	-77581.1
2033-02-27 12:15:25	5276.28	-4457.63	-537.59	138092104	-49266760	-21356209	245077.2	-254940.9	-77430.6
2033-02-27 12:24:42	6892.86	-637.9	-283.12	138098393	-49252504	-21350030	245503.8	-254538.3	-77280
2033-02-27 12:33:59	6029.6	3411.31	73.49	138104682	-49238248	-21343850	245929.8	-254135	-77129.1
2033-02-27 12:43:16	2997.07	6233.24	403.58	138110968	-49223990	-21337670	246355.1	-253731	-76978
2033-02-27 12:52:34	-1113.73	6812.66	588.09	138117253	-49209732	-21331490	246779.8	-253326.4	-76826.8
2033-02-27 13:01:51	-4823.86	4941.13	560.47	138123535	-49195474	-21325310	247203.8	-252921.1	-76675.3
2033-02-27 13:11:08	-6798.53	1291.97	330.67	138129816	-49181214	-21319130	247627.2	-252515.1	-76523.6
2033-02-27 13:20:25	-6327.3	-2821.97	-18.41	138136096	-49166954	-21312949	248049.9	-252108.5	-76371.7
2033-02-27 13:29:42	-3579.69	-5920.66	-360.85	138142373	-49152694	-21306768	248472	-251701.2	-76219.6
2033-02-27 13:38:59	455.8	-6889.29	-573.12	138148649	-49138433	-21300586	248893.5	-251293.2	-76067.4
2033-02-27 13:48:17	4327.32	-5379.41	-578.65	138154923	-49124171	-21294405	249314.3	-250884.6	-75914.9
2033-02-27 13:57:34	6642.02	-1934.22	-375.45	138161196	-49109908	-21288223	249734.4	-250475.3	-75762.2
2033-02-27 14:06:51	6567.13	2206.82	-36.81	138167466	-49095645	-21282040	250153.9	-250065.4	-75609.3
2033-02-27 14:16:08	4129.58	5553.91	315.1	138173735	-49081382	-21275858	250572.7	-249654.7	-75456.2
2033-02-27 14:25:25	206.32	6902.88	553.35	138180002	-49067117	-21269675	250990.9	-249243.5	-75303
2033-02-27 14:34:42	-3791.18	5768.45	592	138186267	-49052853	-21263492	251408.5	-248831.5	-75149.5
2033-02-27 14:44:00	-6424.75	2558.75	417.09	138192531	-49038587	-21257309	251825.3	-248418.9	-74995.8
2033-02-27 14:53:17	-6746.89	-1571.49	91.73	138198793	-49024321	-21251125	252241.5	-248005.7	-74841.9
2033-02-27 15:02:34	-4641.71	-5136.34	-266.72	138205053	-49010054	-21244942	252657.1	-247591.8	-74687.9
2033-02-27 15:11:51	-866.56	-6853.31	-528.96	138211311	-48995786	-21238757	253072	-247177.2	-74533.6
2033-02-27 15:21:08	3220.36	-6104.7	-600.39	138217567	-48981518	-21232573	253486.2	-246762	-74379.1
2033-02-27 15:30:26	6148.71	-3159.85	-455.24	138223822	-48967250	-21226388	253899.8	-246346.1	-74224.5
2033-02-27 15:39:43	6864.95	921.79	-145.88	138230075	-48952980	-21220204	254312.7	-245929.6	-74069.6
2033-02-27 15:49:00	5111.39	4671.78	216.1	138236326	-48938710	-21214018	254724.9	-245512.5	-73914.6
2033-02-27 15:58:17	1518.89	6741.02	500.13	138242576	-48924440	-21207833	255136.5	-245094.6	-73759.3
2033-02-27 16:07:34	-2620.07	6385.08	603.75	138248823	-48910169	-21201647	255547.4	-244676.2	-73603.9
2033-02-27 16:16:51	-5816.43	3732.02	489.58	138255069	-48895897	-21195461	255957.6	-244257	-73448.2
2033-02-27 16:26:09	-6920.23	-263.67	198.81	138261313	-48881624	-21189275	256367.2	-243837.3	-73292.4
2033-02-27 16:35:26	-5534.33	-4164.49	-163.68	138267556	-48867351	-21183088	256776	-243416.9	-73136.4
2033-02-27 16:44:43	-2157.34	-6567.06	-467.13	138273796	-48853077	-21176902	257184.3	-242995.8	-72980.1
2033-02-27 16:54:00	1995.81	-6607.03	-602.07	138280035	-48838803	-21170714	257591.8	-242574.1	-72823.7
2033-02-27 17:03:17	5430.94	-4270.04	-519.83	138286272	-48824528	-21164527	257998.7	-242151.8	-72667.1
2033-02-27 17:12:35	6912.2	-396.85	-250.08	138292508	-48810252	-21158340	258404.8	-241728.8	-72510.3
2033-02-27 17:21:52	5906.66	3619.09	109.89	138298741	-48795976	-21152152	258810.3	-241305.1	-72353.3
2033-02-27 17:31:09	2776.08	6333	430.21	138304973	-48781699	-21145963	259215.2	-240880.9	-72196.2
2033-02-27 17:40:26	-1353.27	6768.51	595.35	138311203	-48767422	-21139775	259619.3	-240455.9	-72038.8
2033-02-27 17:49:43	-4995.77	4768.96	545.73	138317432	-48753144	-21133586	260022.8	-240030.4	-71881.2
2033-02-27 17:59:00	-6840.96	1053.72	299.25	138323658	-48738865	-21127397	260425.6	-239604.2	-71723.5
2033-02-27 18:08:18	-6224.98	-3040.59	-55.17	138329883	-48724586	-21121208	260827.7	-239177.4	-71565.5
2033-02-27 18:17:35	-3369.43	-6041	-389.7	138336106	-48710306	-21115019	261229.1	-238749.9	-71407.4
2033-02-27 18:26:52	698.35	-6868.06	-583.64	138342327	-48696025	-21108829	261629.8	-238321.8	-71249.1
2033-02-27 18:36:09	4514.9	-5224.24	-567.06	138348547	-48681744	-21102639	262029.8	-237893.1	-71090.6
2033-02-27 18:45:26	6707.14	-1700.94	-345.92	138354765	-48667462	-21096448	262429.2	-237463.7	-70931.9
2033-02-27 18:54:44	6486.36	2434.28	0	138360981	-48653179	-21090258	262827.8	-237033.8	-70773
2033-02-27 19:04:01	3931.98	5693.72	345.92	138367195	-48638896	-21084067	263225.8	-236603.1	-70613.9
2033-02-27 19:13:18	-37.02	6904.76	567.06	138373407	-48624613	-21077876	263623.1	-236171.9	-70454.6
2033-02-27 19:22:35	-3992.72	5631.71	583.64	138379618	-48610328	-21071685	264019.7	-235740	-70295.2
2033-02-27 19:31:52	-6511.97	2332.58	389.7	138385827	-48596043	-21065493	264415.6	-235307.5	-70135.6
2033-02-27 19:41:09	-6688.42	-1805.71	55.17	138392034	-48581758	-21059301	264810.7	-234874.4	-69975.7
2033-02-27 19:50:27	-4458.57	-5294.35	-299.25	138398240	-48567471	-21053109	265205.2	-234440.6	-69815.7
2033-02-27 19:59:44	-624.66	-6878.27	-545.73	138404443	-48553185	-21046916	265599	-234006.2	-69655.5
2033-02-27 20:09:01	3434.01	-5987.63	-595.35	138410645	-48538897	-21040724	265992.1	-233571.2	-69495.2
2033-02-27 20:18:18	6257.24	-2942.87	-430.21	138416846	-48524609	-21034531	266384.5	-233135.6	-69334.6
2033-02-27 20:27:35	6829.31	1160.62	-109.89	138423044	-48510320	-21028337	266776.2	-232699.3	-69173.9
2033-02-27 20:36:52	4944.4	4846.54	250.08	138429241	-48496031	-21022144	267167.2	-232262.5	-69012.9
2033-02-27 20:46:10	1280.63	6788.84	519.83	138435435	-48481741	-21015950	267557.5	-231825	-68851.8
2033-02-27 20:55:27	-2843.88	6288.75	602.07	138441629	-48467450	-21009756	267947	-231386.9	-68690.5
2033-02-27 21:04:44	-5945.27	3526.21	467.13	138447820	-48453159	-21003561	268335.9	-230948.2	-68529
2033-02-27 21:14:01	-6907.74	-504.93	163.68	138454009	-48438867	-20997367	268724.1	-230508.8	-68367.4
2033-02-27 21:23:18	-5385.01	-4354.39	-198.81	138460197	-48424575	-20991172	269111.5	-230068.9	-68205.5
2033-02-27 21:32:36	-1924.91	-6637.29	-489.58	138466383	-48410282	-20984977	269498.3	-229628.3	-68043.5
2033-02-27 21:41:53	2227.73	-6532.33	-603.75	138472568	-48395988	-20978781	269884.3	-229187.1	-67881.3
2033-02-27 21:51:10	5578.92	-4077.27	-500.13	138478750	-48381694	-20972586	270269.6	-228745.3	-67718.9
2033-02-27 22:00:27	6922.99	-155.37	-216.1	138484931	-48367399	-20966390	270654.2	-228302.9	-67556.4
2033-02-27 22:09:44	5776.38	3822.4	145.88	138491110	-48353103	-20960193	271038.1	-227859.9	-67393.6
2033-02-27 22:19:01	2551.59	6425.01	455.24	138497287	-48338807	-20953997	271421.3	-227416.3	-67230.7
2033-02-27 22:28:19	-1591.19	6716.12	600.39	138503463	-48324511	-20947800	271803.7	-226972.1	-67067.6
2033-02-27 22:37:36	-5161.53	4591.01	528.96	138509636	-48310213	-20941603	272185.5	-226527.2	-66904.3
2033-02-27 22:46:53	-6874.91	814.24	266.72	138515808	-48295915	-20935406	272566.5	-226081.8	-66740.8
2033-02-27 22:56:10	-6114.92	-3255.45	-91.73	138521979	-48281616	-20929208	272946.8	-225635.8	-66577.2
2033-02-27 23:05:27	-3154.95	-6153.93	-417.09	138528147	-48267317	-20923011	273326.4	-225189.1	-66413.4
2033-02-27 23:14:45	940.09	-6838.45	-592	138534314	-48253017	-20916812	273705.2	-224741.9	-66249.4
2033-02-27 23:24:02	4696.92	-5062.73	-553.35	138540479	-48238717	-20910614	274083.3	-224294	-66085.2
2033-02-27 23:33:19	6763.96	-1465.64	-315.1	138546642	-48224416	-20904415	274460.7	-223845.6	-65920.9
2033-02-27 23:42:36	6397.53	2658.72	36.81	138552803	-48210114	-20898217	274837.4	-223396.6	-65756.4
2033-02-27 23:51:53	3729.46	5826.55	375.45	138558963	-48195812	-20892017	275213.4	-222946.9	-65591.7
2033-02-28 00:01:10	-280.37	6898.2	578.65	138565121	-48181509	-20885818	275588.6	-222496.7	-65426.8
2033-02-28 00:10:28	-4189.35	5488.12	573.12	138571277	-48167205	-20879618	275963.1	-222045.8	-65261.7
2033-02-28 00:19:45	-6591.14	2103.62	360.85	138577431	-48152901	-20873418	276336.8	-221594.4	-65096.5
2033-02-28 00:29:02	-6621.64	-2037.67	18.41	138583584	-48138596	-20867218	276709.9	-221142.4	-64931.1
2033-02-28 00:38:19	-4269.87	-5445.86	-330.67	138589734	-48124291	-20861018	277082.1	-220689.8	-64765.6
2033-02-28 00:47:36	-381.92	-6894.82	-560.47	138595883	-48109985	-20854817	277453.7	-220236.6	-64599.8
2033-02-28 00:56:54	3643.45	-5863.27	-588.09	138602031	-48095678	-20848616	277824.5	-219782.8	-64433.9
2033-02-28 01:06:11	6358.03	-2722.34	-403.58	138608176	-48081371	-20842414	278194.6	-219328.4	-64267.8
2033-02-28 01:15:28	6785.19	1397.98	-73.49	138614320	-48067063	-20836213	278564	-218873.4	-64101.6
2033-02-28 01:24:45	4771.24	5015.34	283.12	138620462	-48052754	-20830011	278932.6	-218417.9	-63935.2
2033-02-28 01:34:02	1040.73	6828.36	537.59	138626602	-48038445	-20823809	279300.4	-217961.8	-63768.6
2033-02-28 01:43:19	-3064.21	6184.77	598.15	138632741	-48024135	-20817607	279667.6	-217505	-63601.8
2033-02-28 01:52:37	-6066.76	3316.13	442.93	138638877	-48009825	-20811404	280033.9	-217047.7	-63434.9
2033-02-28 02:01:54	-6886.68	-745.51	127.94	138645012	-47995514	-20805201	280399.6	-216589.8	-63267.8
2033-02-28 02:11:11	-5228.98	-4538.94	-233.2	138651145	-47981202	-20798998	280764.5	-216131.4	-63100.5
2033-02-28 02:20:28	-1690.04	-6699.4	-510.22	138657277	-47966890	-20792794	281128.6	-215672.3	-62933
2033-02-28 02:29:45	2456.94	-6449.66	-603.19	138663406	-47952577	-20786591	281492	-215212.7	-62765.4
2033-02-28 02:39:02	5720	-3879.57	-478.58	138669534	-47938264	-20780387	281854.7	-214752.5	-62597.6
2033-02-28 02:48:20	6925.19	86.24	-181.33	138675660	-47923950	-20774183	282216.6	-214291.7	-62429.7
2033-02-28 02:57:37	5638.9	4021.01	181.33	138681785	-47909635	-20767978	282577.7	-213830.4	-62261.6
2033-02-28 03:06:54	2323.9	6509.15	478.58	138687907	-47895320	-20761773	282938.1	-213368.4	-62093.3
2033-02-28 03:16:11	-1827.19	6655.53	603.19	138694028	-47881004	-20755568	283297.8	-212905.9	-61924.9
2033-02-28 03:25:28	-5320.92	4407.5	510.22	138700147	-47866688	-20749363	283656.7	-212442.9	-61756.3
2033-02-28 03:34:46	-6900.36	573.82	233.2	138706264	-47852370	-20743158	284014.8	-211979.2	-61587.5
2033-02-28 03:44:03	-5997.25	-3466.29	-127.94	138712380	-47838053	-20736952	284372.2	-211515	-61418.5
2033-02-28 03:53:20	-2936.51	-6259.34	-442.93	138718494	-47823734	-20730746	284728.9	-211050.2	-61249.4
2033-02-28 04:02:37	1180.71	-6800.49	-598.15	138724606	-47809415	-20724539	285084.7	-210584.9	-61080.2
2033-02-28 04:11:54	4873.16	-4895.08	-537.59	138730716	-47795096	-20718333	285439.9	-210119	-60910.7
2033-02-28 04:21:11	6812.41	-1228.61	-283.12	138736824	-47780776	-20712126	285794.2	-209652.5	-60741.1
2033-02-28 04:30:29	6300.76	2879.86	73.49	138742931	-47766455	-20705919	286147.8	-209185.5	-60571.4
2033-02-28 04:39:46	3522.28	5952.25	403.58	138749036	-47752133	-20699711	286500.6	-208717.9	-60401.5
2033-02-28 04:49:03	-523.42	6883.22	588.09	138755139	-47737811	-20693504	286852.7	-208249.7	-60231.4
2033-02-28 04:58:20	-4380.83	5337.86	560.47	138761240	-47723489	-20687296	287204	-207781	-60061.1
2033-02-28 05:07:37	-6662.15	1872.14	330.67	138767340	-47709166	-20681088	287554.6	-207311.7	-59890.7
2033-02-28 05:16:55	-6546.64	-2267.09	-18.41	138773438	-47694842	-20674879	287904.3	-206841.9	-59720.2
2033-02-28 05:26:12	-4075.84	-5590.69	-360.85	138779534	-47680517	-20668670	288253.3	-206371.5	-59549.4
2033-02-28 05:35:29	-138.66	-6902.96	-573.12	138785628	-47666192	-20662461	288601.6	-205900.5	-59378.5
2033-02-28 05:44:46	3848.41	-5731.79	-578.65	138791721	-47651867	-20656252	288949.1	-205429	-59207.5
2033-02-28 05:54:03	6450.96	-2498.54	-375.45	138797812	-47637540	-20650043	289295.8	-204957	-59036.3
2033-02-28 06:03:20	6732.65	1633.58	-36.81	138803901	-47623213	-20643833	289641.7	-204484.4	-58864.9
2033-02-28 06:12:38	4592.13	5177.99	315.1	138809988	-47608886	-20637623	289986.8	-204011.2	-58693.4
2033-02-28 06:21:55	799.49	6859.53	553.35	138816073	-47594558	-20631413	290331.2	-203537.5	-58521.7
2033-02-28 06:31:12	-3280.79	6073.26	592	138822157	-47580229	-20625202	290674.8	-203063.3	-58349.9
2033-02-28 06:40:29	-6180.76	3102.06	417.09	138828239	-47565900	-20618991	291017.6	-202588.5	-58177.9
2033-02-28 06:49:46	-6857.09	-985.14	91.73	138834319	-47551570	-20612780	291359.7	-202113.1	-58005.8
2033-02-28 06:59:04	-5066.44	-4717.91	-266.72	138840398	-47537239	-20606569	291701	-201637.2	-57833.5
2033-02-28 07:08:21	-1453.02	-6753.33	-528.96	138846474	-47522908	-20600357	292041.5	-201160.8	-57661
2033-02-28 07:17:38	2683.16	-6359.15	-600.39	138852549	-47508576	-20594145	292381.2	-200683.8	-57488.4
2033-02-28 07:26:55	5854.03	-3677.18	-455.24	138858622	-47494244	-20587933	292720.1	-200206.3	-57315.7
2033-02-28 07:36:12	6918.81	327.69	-145.88	138864694	-47479911	-20581721	293058.3	-199728.3	-57142.7
2033-02-28 07:45:29	5494.41	4214.66	216.1	138870763	-47465577	-20575508	293395.6	-199249.7	-56969.7
2033-02-28 07:54:47	2093.27	6585.34	500.13	138876831	-47451243	-20569295	293732.2	-198770.5	-56796.4
2033-02-28 08:04:04	-2060.97	6586.84	603.75	138882897	-47436908	-20563082	294068	-198290.9	-56623.1
2033-02-28 08:13:21	-5473.75	4218.64	489.58	138888961	-47422573	-20556869	294403	-197810.7	-56449.5
2033-02-28 08:22:38	-6917.25	332.74	198.81	138895024	-47408237	-20550655	294737.3	-197329.9	-56275.9
2033-02-28 08:31:55	-5872.13	-3672.85	-163.68	138901085	-47393900	-20544441	295070.7	-196848.7	-56102
2033-02-28 08:41:12	-2714.39	-6357.08	-467.13	138907144	-47379563	-20538227	295403.4	-196366.9	-55928
2033-02-28 08:50:30	1419.92	-6754.25	-602.07	138913201	-47365225	-20532012	295735.2	-195884.6	-55753.9
2033-02-28 08:59:47	5043.4	-4721.49	-519.83	138919256	-47350887	-20525797	296066.3	-195401.7	-55579.6
2033-02-28 09:09:04	6852.42	-990.12	-250.08	138925310	-47336548	-20519582	296396.6	-194918.3	-55405.2
2033-02-28 09:18:21	6196.15	3097.45	109.89	138931362	-47322208	-20513367	296726	-194434.4	-55230.6
2033-02-28 09:27:38	3310.69	6070.65	430.21	138937412	-47307868	-20507152	297054.7	-193950	-55055.9
2033-02-28 09:36:56	-765.87	6859.85	595.35	138943460	-47293527	-20500936	297382.6	-193465	-54881
2033-02-28 09:46:13	-4566.91	5181.13	545.73	138949507	-47279185	-20494720	297709.7	-192979.6	-54706
2033-02-28 09:55:30	-6724.92	1638.43	299.25	138955552	-47264843	-20488503	298036	-192493.6	-54530.8
2033-02-28 10:04:47	-6463.51	-2493.7	-55.17	138961595	-47250501	-20482287	298361.5	-192007.1	-54355.5
2033-02-28 10:14:04	-3876.72	-5728.68	-389.7	138967636	-47236157	-20476070	298686.2	-191520	-54180
2033-02-28 10:23:21	104.81	-6902.68	-583.64	138973675	-47221813	-20469853	299010.1	-191032.5	-54004.4
2033-02-28 10:32:39	4048.65	-5593.34	-567.06	138979713	-47207469	-20463636	299333.2	-190544.4	-53828.7
2033-02-28 10:41:56	6535.91	-2271.73	-345.92	138985749	-47193124	-20457418	299655.5	-190055.8	-53652.8
2033-02-28 10:51:13	6671.76	1867.15	0	138991783	-47178778	-20451200	299977	-189566.7	-53476.7
2033-02-28 11:00:30	4407.3	5334.29	345.92	138997816	-47164432	-20444982	300297.7	-189077.1	-53300.5
2033-02-28 11:09:47	557.22	6882.33	567.06	139003846	-47150085	-20438763	300617.6	-188587	-53124.2
2033-02-28 11:19:05	-3493.35	5954.36	583.64	139009875	-47135737	-20432545	300936.7	-188096.4	-52947.7
2033-02-28 11:28:22	-6287.12	2884.24	389.7	139015903	-47121389	-20426326	301254.9	-187605.2	-52771.1
2033-02-28 11:37:39	-6818.98	-1223.52	55.17	139021928	-47107041	-20420107	301572.4	-187113.6	-52594.3
2033-02-28 11:46:56	-4897.58	-4891.09	-299.25	139027951	-47092691	-20413887	301889	-186621.4	-52417.4
2033-02-28 11:56:13	-1214.16	-6799.01	-545.73	139033973	-47078341	-20407668	302204.9	-186128.8	-52240.4
2033-02-28 12:05:30	2906.09	-6260.89	-595.35	139039993	-47063991	-20401448	302519.9	-185635.6	-52063.2
2033-02-28 12:14:48	5980.82	-3470.34	-430.21	139046012	-47049640	-20395227	302834.1	-185142	-51885.9
2033-02-28 12:24:05	6903.84	568.71	-109.89	139052028	-47035288	-20389007	303147.6	-184647.8	-51708.4
2033-02-28 12:33:22	5343.07	4403.14	250.08	139058043	-47020936	-20382786	303460.1	-184153.1	-51530.8
2033-02-28 12:42:39	1860.01	6653.47	519.83	139064056	-47006583	-20376565	303771.9	-183658	-51353.1
2033-02-28 12:51:56	-2292.24	6510.13	602.07	139070067	-46992229	-20370344	304082.9	-183162.3	-51175.2
2033-02-28 13:01:13	-5619.82	4024.68	467.13	139076076	-46977875	-20364122	304393	-182666.2	-50997.2
2033-02-28 13:10:31	-6925.56	91.3	163.68	139082084	-46963520	-20357901	304702.4	-182169.5	-50819.1
2033-02-28 13:19:48	-5739.7	-3874.9	-198.81	139088090	-46949165	-20351678	305010.9	-181672.4	-50640.8
2033-02-28 13:29:05	-2488.86	-6447.05	-489.58	139094094	-46934809	-20345456	305318.6	-181174.8	-50462.3
2033-02-28 13:38:22	1657.41	-6699.78	-603.75	139100096	-46920453	-20339234	305625.4	-180676.7	-50283.8
2033-02-28 13:47:39	5207.41	-4542.17	-500.13	139106097	-46906095	-20333011	305931.5	-180178.1	-50105.1
2033-02-28 13:56:57	6883.94	-750.47	-216.1	139112096	-46891738	-20326788	306236.7	-179679	-49926.2
2033-02-28 14:06:14	6083.84	3311.22	145.88	139118093	-46877379	-20320564	306541.1	-179179.4	-49747.3
2033-02-28 14:15:31	3094.95	6181.63	455.24	139124088	-46863020	-20314341	306844.7	-178679.3	-49568.2
2033-02-28 14:24:48	-1007.42	6828.12	600.39	139130082	-46848661	-20308117	307147.4	-178178.8	-49388.9
2033-02-28 14:34:05	-4747.36	5018.1	528.96	139136073	-46834301	-20301893	307449.4	-177677.7	-49209.6
2033-02-28 14:43:22	-6779.36	1402.76	266.72	139142063	-46819940	-20295668	307750.5	-177176.2	-49030.1
2033-02-28 14:52:40	-6372.35	-2717.23	-91.73	139148052	-46805579	-20289444	308050.7	-176674.2	-48850.4
2033-02-28 15:01:57	-3672.75	-5859.65	-417.09	139154038	-46791217	-20283219	308350.2	-176171.7	-48670.7
2033-02-28 15:11:14	348.2	-6893.97	-592	139160023	-46776854	-20276994	308648.8	-175668.8	-48490.8
2033-02-28 15:20:31	4243.89	-5448.09	-553.35	139166005	-46762491	-20270768	308946.6	-175165.4	-48310.8
2033-02-28 15:29:48	6612.77	-2042.2	-315.1	139171987	-46748127	-20264543	309243.5	-174661.5	-48130.6
2033-02-28 15:39:06	6602.57	2098.4	36.81	139177966	-46733763	-20258317	309539.6	-174157.1	-47950.3
2033-02-28 15:48:23	4216.96	5484.05	375.45	139183943	-46719398	-20252090	309834.9	-173652.2	-47769.9
2033-02-28 15:57:40	314.21	6896.74	578.65	139189919	-46705033	-20245864	310129.4	-173146.9	-47589.4
2033-02-28 16:06:57	-3701.6	5828.23	573.12	139195893	-46690667	-20239637	310423	-172641.1	-47408.7
2033-02-28 16:16:14	-6385.7	2662.94	360.85	139201865	-46676300	-20233410	310715.8	-172134.9	-47227.9
2033-02-28 16:25:31	-6772.41	-1460.37	18.41	139207836	-46661933	-20227183	311007.7	-171628.2	-47046.9
2033-02-28 16:34:49	-4722.61	-5058.28	-330.67	139213805	-46647565	-20220956	311298.8	-171121	-46865.9
2033-02-28 16:44:06	-973.75	-6836.39	-560.47	139219771	-46633196	-20214728	311589.1	-170613.3	-46684.7
2033-02-28 16:53:23	3125.45	-6155.02	-588.09	139225737	-46618827	-20208500	311878.5	-170105.2	-46503.4
2033-02-28 17:02:40	6100.22	-3259.3	-403.58	139231700	-46604457	-20202272	312167.1	-169596.6	-46322
2033-02-28 17:11:57	6880.31	808.98	-73.49	139237662	-46590087	-20196043	312454.8	-169087.6	-46140.4
2033-02-28 17:21:15	5185.08	4586.21	283.12	139243621	-46575716	-20189814	312741.7	-168578.1	-45958.7
2033-02-28 17:30:32	1624.4	6713.49	537.59	139249579	-46561345	-20183585	313027.8	-168068.1	-45776.9
2033-02-28 17:39:49	-2520.7	6425.49	598.15	139255536	-46546973	-20177356	313313	-167557.7	-45595
2033-02-28 17:49:06	-5758.94	3825.84	442.93	139261490	-46532600	-20171127	313597.3	-167046.9	-45412.9
2033-02-28 17:58:23	-6925.29	-150.2	127.94	139267443	-46518227	-20164897	313880.9	-166535.6	-45230.8
2033-02-28 18:07:40	-5600.13	-4072.19	-233.2	139273394	-46503853	-20158667	314163.5	-166023.8	-45048.5
2033-02-28 18:16:58	-2260.2	-6529.14	-510.22	139279343	-46489478	-20152437	314445.4	-165511.6	-44866
2033-02-28 18:26:15	1892.89	-6637.15	-603.19	139285291	-46475103	-20146206	314726.3	-164998.9	-44683.5
2033-02-28 18:35:32	5364.98	-4357.35	-478.58	139291236	-46460728	-20139975	315006.5	-164485.8	-44500.8
2033-02-28 18:44:49	6906.93	-509.94	-181.33	139297180	-46446352	-20133744	315285.7	-163972.2	-44318.1
2033-02-28 18:54:06	5963.97	3520.91	181.33	139303122	-46431975	-20127513	315564.2	-163458.2	-44135.2
2033-02-28 19:03:23	2875.34	6285.06	478.58	139309063	-46417597	-20121281	315841.7	-162943.8	-43952.1
2033-02-28 19:12:41	-1247.75	6788.07	603.19	139315001	-46403219	-20115049	316118.5	-162428.9	-43769
2033-02-28 19:21:58	-4921.96	4848.98	510.22	139320938	-46388841	-20108817	316394.3	-161913.5	-43585.7
2033-02-28 19:31:15	-6825.39	1165.41	233.2	139326873	-46374462	-20102585	316669.4	-161397.8	-43402.4
2033-02-28 19:40:32	-6273.26	-2937.42	-127.94	139332806	-46360082	-20096352	316943.5	-160881.6	-43218.9
2033-02-28 19:49:49	-3464.19	-5983.46	-442.93	139338738	-46345701	-20090119	317216.8	-160364.9	-43035.3
2033-02-28 19:59:07	591.2	-6876.87	-598.15	139344667	-46331320	-20083886	317489.3	-159847.8	-42851.5
2033-02-28 20:08:24	4433.91	-5296.23	-537.59	139350595	-46316939	-20077653	317760.8	-159330.3	-42667.7
2033-02-28 20:17:41	6681.43	-1810.21	-283.12	139356521	-46302557	-20071419	318031.6	-158812.3	-42483.8
2033-02-28 20:26:58	6525.18	2327.05	73.49	139362446	-46288174	-20065185	318301.4	-158294	-42299.7
2033-02-28 20:36:15	4021.36	5627.11	403.58	139368368	-46273791	-20058951	318570.5	-157775.2	-42115.5
2033-02-28 20:45:32	70.77	6902.73	588.09	139374289	-46259407	-20052717	318838.6	-157255.9	-41931.2
2033-02-28 20:54:50	-3905.3	5695.01	560.47	139380208	-46245022	-20046482	319105.9	-156736.2	-41746.8
2033-02-28 21:04:07	-6476.36	2438.43	330.67	139386125	-46230637	-20040247	319372.3	-156216.1	-41562.3
2033-02-28 21:13:24	-6717.43	-1695.39	-18.41	139392041	-46216251	-20034012	319637.9	-155695.6	-41377.6
2033-02-28 21:22:41	-4541.76	-5219.27	-360.85	139397955	-46201865	-20027777	319902.6	-155174.7	-41192.9
2033-02-28 21:31:58	-732.1	-6865.43	-573.12	139403867	-46187478	-20021541	320166.4	-154653.3	-41008
2033-02-28 21:41:16	3340.97	-6041.66	-578.65	139409777	-46173091	-20015305	320429.4	-154131.5	-40823
2033-02-28 21:50:33	6212.06	-3044.33	-375.45	139415685	-46158703	-20009069	320691.5	-153609.3	-40638
2033-02-28 21:59:50	6848.24	1048.23	-36.81	139421592	-46144314	-20002832	320952.7	-153086.7	-40452.8
2033-02-28 22:09:07	5020.63	4763.67	315.1	139427497	-46129925	-19996596	321213.1	-152563.7	-40267.5
2033-02-28 22:18:24	1386.74	6765.3	553.35	139433400	-46115535	-19990359	321472.6	-152040.2	-40082.1
2033-02-28 22:27:41	-2746.07	6333.03	592	139439301	-46101145	-19984122	321731.2	-151516.3	-39896.6
2033-02-28 22:36:59	-5890.93	3622.36	417.09	139445200	-46086754	-19977884	321988.9	-150992.1	-39710.9
2033-02-28 22:46:16	-6916.42	-391.49	91.73	139451098	-46072362	-19971647	322245.8	-150467.4	-39525.2
2033-02-28 22:55:33	-5453.59	-4264.48	-266.72	139456994	-46057970	-19965409	322501.8	-149942.3	-39339.4
2033-02-28 23:04:50	-2028.71	-6603.27	-528.96	139462888	-46043577	-19959170	322757	-149416.8	-39153.4
2033-02-28 23:14:07	2126.05	-6566.43	-600.39	139468781	-46029184	-19952932	323011.2	-148890.9	-38967.4
2033-02-28 23:23:25	5515.93	-4167.24	-455.24	139474671	-46014790	-19946693	323264.6	-148364.5	-38781.2
2033-02-28 23:32:42	6921.35	-268.83	-145.88	139480560	-46000395	-19940454	323517.1	-147837.8	-38594.9
2033-02-28 23:41:59	5836.67	3726.28	216.1	139486447	-45986000	-19934215	323768.8	-147310.7	-38408.6
2033-02-28 23:51:16	2652.13	6380.8	500.13	139492333	-45971605	-19927975	324019.5	-146783.2	-38222.1
2033-03-01 00:00:33	-1486.58	6739.74	603.75	139498216	-45957208	-19921736	324269.4	-146255.2	-38035.5
2033-03-01 00:09:50	-5090.47	4673.97	489.58	139504098	-45942811	-19915496	324518.4	-145726.9	-37848.9
2033-03-01 00:19:08	-6862.97	926.68	198.81	139509978	-45928414	-19909255	324766.5	-145198.2	-37662.1
2033-03-01 00:28:25	-6166.37	-3153.98	-163.68	139515856	-45914016	-19903015	325013.8	-144669.1	-37475.2
2033-03-01 00:37:42	-3251.3	-6099.95	-467.13	139521733	-45899617	-19896774	325260.1	-144139.6	-37288.2
2033-03-01 00:46:59	833.5	-6851.38	-602.07	139527607	-45885218	-19890533	325505.6	-143609.7	-37101.1
2033-03-01 00:56:16	4618.45	-5137.93	-519.83	139533480	-45870818	-19884292	325750.2	-143079.4	-36914
2033-03-01 01:05:33	6741.82	-1576.05	-250.08	139539351	-45856418	-19878050	325993.9	-142548.7	-36726.7
2033-03-01 01:14:51	6439.69	2552.83	109.89	139545221	-45842017	-19871809	326236.8	-142017.6	-36539.3
2033-03-01 01:24:08	3820.74	5763.28	430.21	139551088	-45827615	-19865567	326478.7	-141486.2	-36351.8
2033-03-01 01:33:25	-172.8	6900.31	595.35	139556954	-45813213	-19859324	326719.8	-140954.3	-36164.2
2033-03-01 01:42:42	-4104.18	5554.86	545.73	139562818	-45798811	-19853082	326960	-140422.1	-35976.6
2033-03-01 01:51:59	-6559.01	2210.98	299.25	139568680	-45784407	-19846839	327199.3	-139889.5	-35788.8
2033-03-01 02:01:17	-6654.1	-1928.32	-55.17	139574540	-45770003	-19840596	327437.7	-139356.5	-35600.9
2033-03-01 02:10:34	-4355.25	-5373.87	-389.7	139580399	-45755599	-19834353	327675.2	-138823.2	-35413
2033-03-01 02:19:51	-489.5	-6886.1	-583.64	139586256	-45741194	-19828109	327911.8	-138289.4	-35224.9
2033-03-01 02:29:08	3552.37	-5920.95	-567.06	139592111	-45726788	-19821866	328147.6	-137755.3	-35036.7
2033-03-01 02:38:25	6316.21	-2825.67	-345.92	139597964	-45712382	-19815622	328382.4	-137220.8	-34848.5
2033-03-01 02:47:42	6807.67	1286.17	0	139603816	-45697975	-19809377	328616.4	-136685.9	-34660.1
2033-03-01 02:57:00	4849.93	4935.29	345.92	139609666	-45683568	-19803133	328849.4	-136150.7	-34471.7
2033-03-01 03:06:17	1147.32	6808.87	567.06	139615514	-45669160	-19796888	329081.6	-135615.1	-34283.2
2033-03-01 03:15:34	-2968.06	6232.86	583.64	139621360	-45654751	-19790643	329312.9	-135079.1	-34094.6
2033-03-01 03:24:51	-6015.64	3414.5	389.7	139627205	-45640342	-19784398	329543.3	-134542.8	-33905.8
2033-03-01 03:34:08	-6898.97	-632.26	55.17	139633047	-45625932	-19778152	329772.8	-134006	-33717
2033-03-01 03:43:26	-5300.26	-4451.55	-299.25	139638888	-45611522	-19771906	330001.4	-133469	-33528.1
2033-03-01 03:52:43	-1794.66	-6669.33	-545.73	139644727	-45597111	-19765660	330229.1	-132931.5	-33339.1
2033-03-01 04:02:00	2356.61	-6487.72	-595.35	139650565	-45582700	-19759414	330455.9	-132393.7	-33150.1
2033-03-01 04:11:17	5660.05	-3972.07	-430.21	139656400	-45568288	-19753167	330681.8	-131855.5	-32960.9
2033-03-01 04:20:34	6927.17	-27.43	-109.89	139662234	-45553875	-19746921	330906.8	-131317	-32771.6
2033-03-01 04:29:51	5702.11	3927.08	250.08	139668066	-45539462	-19740674	331130.9	-130778.1	-32582.3
2033-03-01 04:39:09	2425.59	6468.76	519.83	139673896	-45525048	-19734426	331354.1	-130238.9	-32392.9
2033-03-01 04:48:26	-1723.59	6683.21	602.07	139679725	-45510634	-19728179	331576.4	-129699.3	-32203.3
2033-03-01 04:57:43	-5252.68	4493.29	467.13	139685551	-45496219	-19721931	331797.8	-129159.4	-32013.7
2033-03-01 05:07:00	-6892.02	686.86	163.68	139691376	-45481803	-19715683	332018.4	-128619.1	-31824
2033-03-01 05:16:17	-6051.82	-3366.67	-198.81	139697199	-45467387	-19709435	332238	-128078.4	-31634.2
2033-03-01 05:25:35	-3034.35	-6208.99	-489.58	139703021	-45452971	-19703186	332456.7	-127537.4	-31444.4
2033-03-01 05:34:52	1074.8	-6817.54	-603.75	139708840	-45438553	-19696937	332674.5	-126996.1	-31254.4
2033-03-01 05:44:09	4797.28	-4973.39	-500.13	139714658	-45424135	-19690688	332891.4	-126454.4	-31064.4
2033-03-01 05:53:26	6793.84	-1340	-216.1	139720474	-45409717	-19684439	333107.4	-125912.3	-30874.3
2033-03-01 06:02:43	6346.19	2775.47	145.88	139726288	-45395298	-19678189	333322.5	-125370	-30684.1
2033-03-01 06:12:00	3615.36	5892.41	455.24	139732101	-45380878	-19671939	333536.7	-124827.2	-30493.8
2033-03-01 06:21:18	-416.18	6889.48	600.39	139737911	-45366458	-19665689	333749.9	-124284.2	-30303.4
2033-03-01 06:30:35	-4297.99	5407.96	528.96	139743720	-45352038	-19659439	333962.3	-123740.8	-30113
2033-03-01 06:39:52	-6633.52	1980.87	266.72	139749527	-45337616	-19653189	334173.8	-123197	-29922.4
2033-03-01 06:49:09	-6582.51	-2158.87	-91.73	139755333	-45323194	-19646938	334384.3	-122653	-29731.8
2033-03-01 06:58:26	-4163.31	-5521.91	-417.09	139761136	-45308772	-19640687	334594	-122108.6	-29541.1
2033-03-01 07:07:43	-246.26	-6898.37	-592	139766938	-45294349	-19634435	334802.7	-121563.8	-29350.4
2033-03-01 07:17:01	3759.39	-5793.04	-553.35	139772738	-45279925	-19628184	335010.6	-121018.8	-29159.5
2033-03-01 07:26:18	6412.53	-2603.6	-315.1	139778536	-45265501	-19621932	335217.5	-120473.4	-28968.6
2033-03-01 07:35:35	6758.64	1522.51	36.81	139784333	-45251076	-19615680	335423.5	-119927.6	-28777.6
2033-03-01 07:44:52	4673.18	5100.88	375.45	139790127	-45236651	-19609428	335628.6	-119381.6	-28586.5
2033-03-01 07:54:09	906.45	6844.13	578.65	139795920	-45222225	-19603175	335832.8	-118835.2	-28395.3
2033-03-01 08:03:27	-3186.4	6125.11	573.12	139801711	-45207798	-19596922	336036	-118288.5	-28204.1
2033-03-01 08:12:44	-6132.89	3202.5	360.85	139807500	-45193371	-19590669	336238.4	-117741.5	-28012.8
2033-03-01 08:22:01	-6872.95	-872.24	18.41	139813288	-45178944	-19584416	336439.8	-117194.1	-27821.4
2033-03-01 08:31:18	-5140.33	-4633.17	-330.67	139819074	-45164516	-19578163	336640.4	-116646.5	-27629.9
2033-03-01 08:40:35	-1558.36	-6727.25	-560.47	139824858	-45150087	-19571909	336840	-116098.5	-27438.4
2033-03-01 08:49:52	2584.26	-6401.12	-588.09	139830640	-45135657	-19565655	337038.7	-115550.2	-27246.7
2033-03-01 08:59:10	5797.15	-3772.09	-403.58	139836420	-45121227	-19559400	337236.4	-115001.6	-27055.1
2033-03-01 09:08:27	6924.4	213.98	-73.49	139842199	-45106797	-19553146	337433.3	-114452.6	-26863.3
2033-03-01 09:17:44	5560.46	4123.07	283.12	139847976	-45092366	-19546891	337629.2	-113903.4	-26671.5
2033-03-01 09:27:01	2196.02	6548.82	537.59	139853751	-45077934	-19540636	337824.3	-113353.9	-26479.6
2033-03-01 09:36:18	-1958.49	6618.54	598.15	139859524	-45063502	-19534381	338018.4	-112804	-26287.6
2033-03-01 09:45:36	-5408.4	4307.16	442.93	139865296	-45049069	-19528125	338211.6	-112253.8	-26095.5
2033-03-01 09:54:53	-6912.53	446.22	127.94	139871065	-45034636	-19521869	338403.8	-111703.4	-25903.4
2033-03-01 10:04:10	-5929.74	-3575.24	-233.2	139876833	-45020202	-19515613	338595.2	-111152.6	-25711.2
2033-03-01 10:13:27	-2813.6	-6310.46	-510.22	139882599	-45005767	-19509357	338785.6	-110601.5	-25519
2033-03-01 10:22:44	1314.79	-6775.4	-603.19	139888364	-44991332	-19503101	338975.1	-110050.1	-25326.7
2033-03-01 10:32:01	4970.17	-4802.8	-478.58	139894126	-44976896	-19496844	339163.7	-109498.4	-25134.3
2033-03-01 10:41:19	6837.44	-1102.34	-181.33	139899887	-44962460	-19490587	339351.3	-108946.5	-24941.8
2033-03-01 10:50:36	6244.8	2994.7	181.33	139905646	-44948023	-19484330	339538.1	-108394.2	-24749.3
2033-03-01 10:59:53	3405.46	6014.35	478.58	139911404	-44933586	-19478072	339723.9	-107841.6	-24556.7
2033-03-01 11:09:10	-659.07	6870.25	603.19	139917159	-44919148	-19471814	339908.8	-107288.8	-24364
2033-03-01 11:18:27	-4486.49	5254.49	510.22	139922913	-44904709	-19465556	340092.7	-106735.6	-24171.3
2033-03-01 11:27:44	-6699.81	1748.36	233.2	139928665	-44890270	-19459298	340275.8	-106182.2	-23978.5
2033-03-01 11:37:02	-6502.74	-2386.76	-127.94	139934415	-44875830	-19453040	340457.9	-105628.4	-23785.6
2033-03-01 11:46:19	-3966.17	-5663.2	-442.93	139940163	-44861390	-19446781	340639	-105074.4	-23592.7
2033-03-01 11:55:36	-2.69	-6902.23	-598.15	139945910	-44846949	-19440522	340819.3	-104520.1	-23399.7
2033-03-01 12:04:53	3961.76	-5658.09	-537.59	139951655	-44832508	-19434263	340998.6	-103965.5	-23206.7
2033-03-01 12:14:10	6500.9	-2378.38	-283.12	139957398	-44818066	-19428003	341177	-103410.6	-23013.6
2033-03-01 12:23:28	6701.21	1756.98	73.49	139963139	-44803623	-19421743	341354.5	-102855.5	-22820.4
2033-03-01 12:32:45	4490.62	5260.23	403.58	139968878	-44789180	-19415483	341531	-102300	-22627.2
2033-03-01 12:42:02	664.43	6871.04	588.09	139974616	-44774737	-19409223	341706.6	-101744.3	-22433.9
2033-03-01 12:51:19	-3400.8	6009.91	560.47	139980352	-44760292	-19402963	341881.3	-101188.3	-22240.5
2033-03-01 13:00:36	-6242.54	2986.63	330.67	139986086	-44745847	-19396702	342055.1	-100632.1	-22047.1
2033-03-01 13:09:53	-6838.39	-1111.12	-18.41	139991818	-44731402	-19390441	342227.9	-100075.5	-21853.7
2033-03-01 13:19:11	-4974	-4809.13	-360.85	139997549	-44716956	-19384180	342399.8	-99518.7	-21660.1
2033-03-01 13:28:28	-1320.1	-6776.98	-573.12	140003278	-44702510	-19377918	342570.7	-98961.6	-21466.5
2033-03-01 13:37:45	2808.74	-6306.72	-578.65	140009005	-44688062	-19371657	342740.7	-98404.3	-21272.9
2033-03-01 13:47:02	5927.08	-3567.54	-375.45	140014730	-44673615	-19365395	342909.8	-97846.7	-21079.2
2033-03-01 13:56:19	6913.04	455.11	-36.81	140020453	-44659167	-19359133	343078	-97288.8	-20885.4
2033-03-01 14:05:37	5411.89	4314.02	315.1	140026175	-44644718	-19352870	343245.2	-96730.6	-20691.6
2033-03-01 14:14:54	1963.7	6620.9	553.35	140031895	-44630268	-19346608	343411.5	-96172.2	-20497.8
2033-03-01 14:24:11	-2190.98	6545.82	592	140037613	-44615818	-19340345	343576.8	-95613.5	-20303.8
2033-03-01 14:33:28	-5557.41	4115.8	417.09	140043329	-44601368	-19334081	343741.2	-95054.6	-20109.9
2033-03-01 14:42:45	-6924.46	205.07	91.73	140049043	-44586917	-19327818	343904.7	-94495.4	-19915.8
2033-03-01 14:52:02	-5800.29	-3779.43	-266.72	140054756	-44572465	-19321554	344067.2	-93935.9	-19721.7
2033-03-01 15:01:20	-2589.34	-6404.22	-528.96	140060467	-44558013	-19315290	344228.8	-93376.2	-19527.6
2033-03-01 15:10:37	1553.17	-6725.01	-600.39	140066176	-44543560	-19309026	344389.5	-92816.3	-19333.4
2033-03-01 15:19:54	5136.91	-4626.39	-455.24	140071884	-44529107	-19302762	344549.2	-92256	-19139.2
2033-03-01 15:29:11	6872.55	-863.36	-145.88	140077589	-44514653	-19296497	344708	-91695.6	-18944.9
2033-03-01 15:38:28	6135.64	3210.26	216.1	140083293	-44500198	-19290232	344865.9	-91134.9	-18750.5
2033-03-01 15:47:46	3191.31	6128.94	500.13	140088995	-44485743	-19283967	345022.8	-90573.9	-18556.1
2033-03-01 15:57:03	-901.16	6842.66	603.75	140094695	-44471288	-19277702	345178.7	-90012.7	-18361.7
2033-03-01 16:06:20	-4669.43	5094.63	489.58	140100394	-44456832	-19271436	345333.8	-89451.2	-18167.2
2033-03-01 16:15:37	-6757.78	1513.75	198.81	140106090	-44442375	-19265170	345487.9	-88889.5	-17972.7
2033-03-01 16:24:54	-6414.88	-2611.72	-163.68	140111785	-44427918	-19258904	345641	-88327.6	-17778.1
2033-03-01 16:34:11	-3764.1	-5797.58	-467.13	140117478	-44413460	-19252638	345793.2	-87765.4	-17583.4
2033-03-01 16:43:29	240.9	-6897.68	-602.07	140123170	-44399001	-19246371	345944.5	-87203	-17388.7
2033-03-01 16:52:46	4159.24	-5516.26	-519.83	140128859	-44384542	-19240104	346094.8	-86640.4	-17194
2033-03-01 17:02:03	6581.21	-2150.28	-250.08	140134547	-44370083	-19233837	346244.2	-86077.5	-16999.2
2033-03-01 17:11:20	6635.46	1989.27	109.89	140140233	-44355623	-19227570	346392.6	-85514.3	-16804.4
2033-03-01 17:20:37	4302.46	5413.16	430.21	140145917	-44341162	-19221302	346540.1	-84951	-16609.6
2033-03-01 17:29:54	421.56	6889.59	595.35	140151600	-44326701	-19215035	346686.6	-84387.4	-16414.6
2033-03-01 17:39:12	-3611	5887.39	545.73	140157280	-44312239	-19208767	346832.2	-83823.6	-16219.7
2033-03-01 17:48:29	-6344.45	2767.13	299.25	140162959	-44297776	-19202498	346976.9	-83259.5	-16024.7
2033-03-01 17:57:46	-6795.34	-1348.63	-55.17	140168636	-44283314	-19196230	347120.6	-82695.3	-15829.7
2033-03-01 18:07:03	-4801.48	-4979.21	-389.7	140174311	-44268850	-19189961	347263.4	-82130.8	-15634.6
2033-03-01 18:16:20	-1080.18	-6818.44	-583.64	140179985	-44254386	-19183692	347405.2	-81566.1	-15439.4
2033-03-01 18:25:38	3029.74	-6204.65	-567.06	140185656	-44239921	-19177423	347546.1	-81001.1	-15244.3
2033-03-01 18:34:55	6049.66	-3358.66	-345.92	140191326	-44225456	-19171153	347686	-80436	-15049.1
2033-03-01 18:44:12	6893.09	695.66	0	140196994	-44210990	-19164883	347825	-79870.6	-14853.8
2033-03-01 18:53:29	5256.59	4499.69	345.92	140202661	-44196524	-19158613	347963	-79305	-14658.6
2033-03-01 19:02:46	1728.92	6684.9	567.06	140208325	-44182057	-19152343	348100.1	-78739.2	-14463.2
2033-03-01 19:12:03	-2420.77	6465.12	583.64	140213988	-44167590	-19146073	348236.2	-78173.2	-14267.9
2033-03-01 19:21:21	-5699.54	3919.44	389.7	140219649	-44153122	-19139802	348371.4	-77606.9	-14072.5
2033-03-01 19:30:38	-6927.79	-36.31	55.17	140225308	-44138653	-19133531	348505.6	-77040.5	-13877
2033-03-01 19:39:55	-5663.62	-3979	-299.25	140230966	-44124184	-19127260	348638.9	-76473.8	-13681.6
2033-03-01 19:49:12	-2361.85	-6490.18	-545.73	140236621	-44109714	-19120988	348771.3	-75907	-13486.1
2033-03-01 19:58:29	1789.65	-6666.43	-595.35	140242275	-44095244	-19114717	348902.6	-75339.9	-13290.5
2033-03-01 20:07:47	5297.29	-4444.35	-430.21	140247927	-44080773	-19108445	349033.1	-74772.6	-13094.9
2033-03-01 20:17:04	6899.12	-623.36	-109.89	140253578	-44066302	-19102172	349162.6	-74205.2	-12899.3
2033-03-01 20:26:21	6018.86	3421.89	250.08	140259226	-44051830	-19095900	349291.1	-73637.5	-12703.7
2033-03-01 20:35:38	2973.19	6236.07	519.83	140264873	-44037358	-19089627	349418.7	-73069.6	-12508
2033-03-01 20:44:55	-1142.16	6806.73	602.07	140270518	-44022884	-19083354	349545.3	-72501.5	-12312.3
2033-03-01 20:54:12	-4846.59	4928.58	467.13	140276161	-44008411	-19077081	349671	-71933.3	-12116.5
2033-03-01 21:03:30	-6807.37	1277.32	163.68	140281802	-43993937	-19070808	349795.7	-71364.8	-11920.8
2033-03-01 21:12:47	-6319.06	-2833.48	-198.81	140287442	-43979462	-19064534	349919.5	-70796.2	-11724.9
2033-03-01 21:22:04	-3557.33	-5924.89	-489.58	140293079	-43964987	-19058260	350042.3	-70227.3	-11529.1
2033-03-01 21:31:21	484.22	-6884.74	-603.75	140298715	-43950511	-19051986	350164.1	-69658.3	-11333.2
2033-03-01 21:40:38	4351.56	-5367.71	-500.13	140304350	-43936034	-19045712	350285.1	-69089	-11137.3
2033-03-01 21:49:56	6653.35	-1919.59	-216.1	140309982	-43921558	-19039437	350405	-68519.6	-10941.4
2033-03-01 21:59:13	6561.46	2219.13	145.88	140315613	-43907080	-19033162	350524	-67950	-10745.5
2033-03-01 22:08:30	4108.95	5559.49	455.24	140321242	-43892602	-19026887	350642.1	-67380.3	-10549.5
2033-03-01 22:17:47	178.15	6899.74	600.39	140326869	-43878123	-19020612	350759.1	-66810.3	-10353.5
2033-03-01 22:27:04	-3816.74	5757.72	528.96	140332494	-43863644	-19014336	350875.3	-66240.1	-10157.4
2033-03-01 22:36:21	-6438.48	2544.28	266.72	140338117	-43849164	-19008061	350990.4	-65669.8	-9961.3
2033-03-01 22:45:39	-6743.85	-1584.48	-91.73	140343739	-43834684	-19001785	351104.7	-65099.3	-9765.3
2033-03-01 22:54:56	-4622.99	-5143.21	-417.09	140349359	-43820203	-18995508	351217.9	-64528.6	-9569.1
2033-03-01 23:04:13	-838.9	-6851.6	-592	140354977	-43805722	-18989232	351330.2	-63957.8	-9373
2033-03-01 23:13:30	3247	-6095.03	-553.35	140360594	-43791240	-18982955	351441.6	-63386.8	-9176.8
2033-03-01 23:22:47	6164.73	-3145.7	-315.1	140366208	-43776757	-18976678	351552	-62815.6	-8980.6
2033-03-01 23:32:04	6864.57	935.34	36.81	140371821	-43762274	-18970401	351661.4	-62244.2	-8784.4
2033-03-01 23:41:22	5094.75	4679.87	375.45	140377432	-43747791	-18964123	351769.9	-61672.7	-8588.2
2033-03-01 23:50:39	1491.98	6740.75	578.65	140383041	-43733306	-18957846	351877.4	-61101	-8391.9
