# Crystal Eye Ground Track  |  i=5  |  h=550 km
# Inizio missione: 2031-01-01 00:00:00 UTC
# Passo temporale: 8 s  |  Durata: 95.65 min (1 orbita)
#
# Colonne:
#   UTC_datetime       : timestamp ISO 8601
#   X_ECI_km           : posizione ECI asse X (km)
#   Y_ECI_km           : posizione ECI asse Y (km)
#   Z_ECI_km           : posizione ECI asse Z (km)
#   X_ECEF_km          : posizione ECEF asse X (km)
#   Y_ECEF_km          : posizione ECEF asse Y (km)
#   Z_ECEF_km          : posizione ECEF asse Z (km)
#   lat_deg            : latitudine geocentrica (gradi)
#   lon_deg            : longitudine (gradi)
#   alt_km             : altitudine sul geoide (km)
#
UTC_datetime              X_ECI_km      Y_ECI_km      Z_ECI_km     X_ECEF_km     Y_ECEF_km     Z_ECEF_km     lat_deg     lon_deg      alt_km
2031-01-01T00:00:00         0.0000     6928.1000        0.0000        0.0000     6928.1000        0.0000      0.0000     90.0000    550.0000
2031-01-01T00:00:08       -60.3660     6927.8350        5.2886      -56.3245     6927.8690        5.2886      0.0437     90.4658    550.0000
2031-01-01T00:00:16      -120.7274     6927.0400       10.5768     -112.6452     6927.1761       10.5768      0.0875     90.9316    550.0000
2031-01-01T00:00:24      -181.0795     6925.7150       15.8642     -168.9585     6926.0213       15.8642      0.1312     91.3974    550.0000
2031-01-01T00:00:32      -241.4178     6923.8602       21.1504     -225.2605     6924.4047       21.1504      0.1749     91.8633    550.0000
2031-01-01T00:00:40      -301.7376     6921.4757       26.4350     -281.5475     6922.3263       26.4350      0.2186     92.3291    550.0000
2031-01-01T00:00:48      -362.0343     6918.5616       31.7175     -337.8157     6919.7864       31.7175      0.2623     92.7949    550.0000
2031-01-01T00:00:56      -422.3033     6915.1183       36.9976     -394.0614     6916.7851       36.9976      0.3060     93.2607    550.0000
2031-01-01T00:01:04      -482.5401     6911.1459       42.2749     -450.2809     6913.3226       42.2749      0.3496     93.7265    550.0000
2031-01-01T00:01:12      -542.7399     6906.6448       47.5489     -506.4705     6909.3991       47.5489      0.3932     94.1924    550.0000
2031-01-01T00:01:20      -602.8982     6901.6153       52.8193     -562.6262     6905.0149       52.8193      0.4368     94.6582    550.0000
2031-01-01T00:01:28      -663.0103     6896.0578       58.0856     -618.7446     6900.1703       58.0856      0.4804     95.1241    550.0000
2031-01-01T00:01:36      -723.0718     6889.9727       63.3475     -674.8217     6894.8657       63.3475      0.5239     95.5899    550.0000
2031-01-01T00:01:44      -783.0779     6883.3605       68.6045     -730.8539     6889.1012       68.6045      0.5674     96.0558    550.0000
2031-01-01T00:01:52      -843.0241     6876.2217       73.8562     -786.8374     6882.8774       73.8562      0.6108     96.5216    550.0000
2031-01-01T00:02:00      -902.9058     6868.5569       79.1023     -842.7685     6876.1947       79.1023      0.6542     96.9875    550.0000
2031-01-01T00:02:08      -962.7185     6860.3665       84.3423     -898.6435     6869.0535       84.3423      0.6975     97.4534    550.0000
2031-01-01T00:02:16     -1022.4575     6851.6514       89.5758     -954.4586     6861.4543       89.5758      0.7408     97.9193    550.0000
2031-01-01T00:02:24     -1082.1183     6842.4120       94.8025    -1010.2102     6853.3975       94.8025      0.7840     98.3852    550.0000
2031-01-01T00:02:32     -1141.6963     6832.6492      100.0219    -1065.8945     6844.8838      100.0219      0.8272     98.8511    550.0000
2031-01-01T00:02:40     -1201.1869     6822.3636      105.2336    -1121.5078     6835.9137      105.2336      0.8703     99.3170    550.0000
2031-01-01T00:02:48     -1260.5857     6811.5561      110.4372    -1177.0465     6826.4877      110.4372      0.9134     99.7829    550.0000
2031-01-01T00:02:56     -1319.8880     6800.2275      115.6324    -1232.5067     6816.6066      115.6324      0.9563    100.2489    550.0000
2031-01-01T00:03:04     -1379.0893     6788.3787      120.8187    -1287.8849     6806.2710      120.8187      0.9992    100.7148    550.0000
2031-01-01T00:03:12     -1438.1852     6776.0105      125.9958    -1343.1774     6795.4815      125.9958      1.0420    101.1808    550.0000
2031-01-01T00:03:20     -1497.1710     6763.1239      131.1631    -1398.3803     6784.2390      131.1631      1.0848    101.6468    550.0000
2031-01-01T00:03:28     -1556.0423     6749.7199      136.3204    -1453.4902     6772.5440      136.3204      1.1275    102.1128    550.0000
2031-01-01T00:03:36     -1614.7945     6735.7995      141.4673    -1508.5032     6760.3975      141.4673      1.1700    102.5788    550.0000
2031-01-01T00:03:44     -1673.4232     6721.3638      146.6033    -1563.4158     6747.8002      146.6033      1.2125    103.0448    550.0000
2031-01-01T00:03:52     -1731.9239     6706.4139      151.7280    -1618.2243     6734.7530      151.7280      1.2549    103.5109    550.0000
2031-01-01T00:04:00     -1790.2921     6690.9510      156.8411    -1672.9251     6721.2567      156.8411      1.2972    103.9769    550.0000
2031-01-01T00:04:08     -1848.5233     6674.9761      161.9422    -1727.5144     6707.3123      161.9422      1.3394    104.4430    550.0000
2031-01-01T00:04:16     -1906.6131     6658.4906      167.0309    -1781.9887     6692.9206      167.0309      1.3815    104.9091    550.0000
2031-01-01T00:04:24     -1964.5571     6641.4956      172.1067    -1836.3443     6678.0827      172.1067      1.4235    105.3752    550.0000
2031-01-01T00:04:32     -2022.3507     6623.9926      177.1694    -1890.5776     6662.7995      177.1694      1.4654    105.8414    550.0000
2031-01-01T00:04:40     -2079.9896     6605.9828      182.2184    -1944.6850     6647.0720      182.2184      1.5071    106.3075    550.0000
2031-01-01T00:04:48     -2137.4695     6587.4677      187.2535    -1998.6629     6630.9013      187.2535      1.5488    106.7737    550.0000
2031-01-01T00:04:56     -2194.7857     6568.4485      192.2742    -2052.5078     6614.2885      192.2742      1.5903    107.2399    550.0000
2031-01-01T00:05:04     -2251.9341     6548.9268      197.2802    -2106.2159     6597.2346      197.2802      1.6317    107.7061    550.0000
2031-01-01T00:05:12     -2308.9102     6528.9042      202.2710    -2159.7838     6579.7409      202.2710      1.6730    108.1723    550.0000
2031-01-01T00:05:20     -2365.7097     6508.3820      207.2463    -2213.2078     6561.8084      207.2463      1.7142    108.6385    550.0000
2031-01-01T00:05:28     -2422.3282     6487.3619      212.2057    -2266.4845     6543.4384      212.2057      1.7552    109.1048    550.0000
2031-01-01T00:05:36     -2478.7613     6465.8455      217.1488    -2319.6102     6524.6321      217.1488      1.7961    109.5711    550.0000
2031-01-01T00:05:44     -2535.0049     6443.8345      222.0753    -2372.5815     6505.3908      222.0753      1.8369    110.0374    550.0000
2031-01-01T00:05:52     -2591.0545     6421.3304      226.9847    -2425.3948     6485.7157      226.9847      1.8775    110.5038    550.0000
2031-01-01T00:06:00     -2646.9059     6398.3351      231.8767    -2478.0465     6465.6081      231.8767      1.9180    110.9701    550.0000
2031-01-01T00:06:08     -2702.5547     6374.8503      236.7510    -2530.5333     6445.0694      236.7510      1.9583    111.4365    550.0000
2031-01-01T00:06:16     -2757.9969     6350.8778      241.6070    -2582.8515     6424.1010      241.6070      1.9985    111.9029    550.0000
2031-01-01T00:06:24     -2813.2280     6326.4194      246.4446    -2634.9977     6402.7043      246.4446      2.0385    112.3693    550.0000
2031-01-01T00:06:32     -2868.2439     6301.4771      251.2632    -2686.9684     6380.8806      251.2632      2.0784    112.8358    550.0000
2031-01-01T00:06:40     -2923.0404     6276.0526      256.0626    -2738.7602     6358.6315      256.0626      2.1181    113.3023    550.0000
2031-01-01T00:06:48     -2977.6133     6250.1480      260.8423    -2790.3696     6335.9584      260.8423      2.1577    113.7688    550.0000
2031-01-01T00:06:56     -3031.9584     6223.7652      265.6020    -2841.7932     6312.8628      265.6020      2.1971    114.2353    550.0000
2031-01-01T00:07:04     -3086.0715     6196.9063      270.3413    -2893.0276     6289.3463      270.3413      2.2363    114.7019    550.0000
2031-01-01T00:07:12     -3139.9485     6169.5733      275.0599    -2944.0693     6265.4104      275.0599      2.2754    115.1685    550.0000
2031-01-01T00:07:20     -3193.5853     6141.7683      279.7574    -2994.9149     6241.0568      279.7574      2.3142    115.6351    550.0000
2031-01-01T00:07:28     -3246.9778     6113.4935      284.4334    -3045.5611     6216.2871      284.4334      2.3529    116.1017    550.0000
2031-01-01T00:07:36     -3300.1219     6084.7509      289.0876    -3096.0045     6191.1028      289.0876      2.3915    116.5684    550.0000
2031-01-01T00:07:44     -3353.0136     6055.5428      293.7196    -3146.2417     6165.5058      293.7196      2.4298    117.0351    550.0000
2031-01-01T00:07:52     -3405.6487     6025.8714      298.3291    -3196.2694     6139.4976      298.3291      2.4680    117.5018    550.0000
2031-01-01T00:08:00     -3458.0232     5995.7391      302.9157    -3246.0842     6113.0801      302.9157      2.5059    117.9686    550.0000
2031-01-01T00:08:08     -3510.1333     5965.1480      307.4791    -3295.6829     6086.2550      307.4791      2.5437    118.4354    550.0000
2031-01-01T00:08:16     -3561.9748     5934.1006      312.0189    -3345.0621     6059.0241      312.0189      2.5813    118.9022    550.0000
2031-01-01T00:08:24     -3613.5437     5902.5992      316.5347    -3394.2185     6031.3892      316.5347      2.6187    119.3690    550.0000
2031-01-01T00:08:32     -3664.8363     5870.6462      321.0263    -3443.1489     6003.3522      321.0263      2.6559    119.8359    550.0000
2031-01-01T00:08:40     -3715.8485     5838.2441      325.4932    -3491.8501     5974.9148      325.4932      2.6928    120.3028    550.0000
2031-01-01T00:08:48     -3766.5764     5805.3953      329.9352    -3540.3186     5946.0791      329.9352      2.7296    120.7697    550.0000
2031-01-01T00:08:56     -3817.0161     5772.1024      334.3519    -3588.5514     5916.8469      334.3519      2.7662    121.2367    550.0000
2031-01-01T00:09:04     -3867.1639     5738.3679      338.7429    -3636.5453     5887.2202      338.7429      2.8025    121.7037    550.0000
2031-01-01T00:09:12     -3917.0158     5704.1944      343.1079    -3684.2969     5857.2009      343.1079      2.8387    122.1707    550.0000
2031-01-01T00:09:20     -3966.5680     5669.5845      347.4466    -3731.8033     5826.7911      347.4466      2.8746    122.6378    550.0000
2031-01-01T00:09:28     -4015.8168     5634.5409      351.7586    -3779.0611     5795.9928      351.7586      2.9103    123.1049    550.0000
2031-01-01T00:09:36     -4064.7583     5599.0662      356.0437    -3826.0672     5764.8081      356.0437      2.9458    123.5720    550.0000
2031-01-01T00:09:44     -4113.3889     5563.1631      360.3014    -3872.8185     5733.2390      360.3014      2.9811    124.0391    550.0000
2031-01-01T00:09:52     -4161.7048     5526.8345      364.5316    -3919.3120     5701.2876      364.5316      3.0161    124.5063    550.0000
2031-01-01T00:10:00     -4209.7023     5490.0830      368.7337    -3965.5444     5668.9561      368.7337      3.0509    124.9735    550.0000
2031-01-01T00:10:08     -4257.3778     5452.9115      372.9076    -4011.5127     5636.2465      372.9076      3.0855    125.4408    550.0000
2031-01-01T00:10:16     -4304.7276     5415.3228      377.0528    -4057.2140     5603.1612      377.0528      3.1198    125.9081    550.0000
2031-01-01T00:10:24     -4351.7480     5377.3199      381.1691    -4102.6450     5569.7023      381.1691      3.1539    126.3754    550.0000
2031-01-01T00:10:32     -4398.4356     5338.9055      385.2562    -4147.8028     5535.8720      385.2562      3.1877    126.8427    550.0000
2031-01-01T00:10:40     -4444.7866     5300.0827      389.3137    -4192.6844     5501.6727      389.3137      3.2213    127.3101    550.0000
2031-01-01T00:10:48     -4490.7976     5260.8544      393.3414    -4237.2868     5467.1065      393.3414      3.2547    127.7775    550.0000
2031-01-01T00:10:56     -4536.4650     5221.2237      397.3389    -4281.6070     5432.1757      397.3389      3.2878    128.2450    550.0000
2031-01-01T00:11:04     -4581.7854     5181.1934      401.3059    -4325.6420     5396.8828      401.3059      3.3207    128.7124    550.0000
2031-01-01T00:11:12     -4626.7553     5140.7669      405.2421    -4369.3890     5361.2301      405.2421      3.3533    129.1799    550.0000
2031-01-01T00:11:20     -4671.3712     5099.9470      409.1473    -4412.8451     5325.2198      409.1473      3.3856    129.6475    550.0000
2031-01-01T00:11:28     -4715.6297     5058.7369      413.0210    -4456.0072     5288.8546      413.0210      3.4177    130.1151    550.0000
2031-01-01T00:11:36     -4759.5275     5017.1399      416.8631    -4498.8727     5252.1367      416.8631      3.4496    130.5827    550.0000
2031-01-01T00:11:44     -4803.0612     4975.1590      420.6732    -4541.4385     5215.0686      420.6732      3.4811    131.0503    550.0000
2031-01-01T00:11:52     -4846.2274     4932.7975      424.4510    -4583.7019     5177.6528      424.4510      3.5124    131.5180    550.0000
2031-01-01T00:12:00     -4889.0229     4890.0586      428.1962    -4625.6600     5139.8917      428.1962      3.5435    131.9857    550.0000
2031-01-01T00:12:08     -4931.4443     4846.9456      431.9086    -4667.3101     5101.7880      431.9086      3.5742    132.4535    550.0000
2031-01-01T00:12:16     -4973.4885     4803.4617      435.5879    -4708.6494     5063.3441      435.5879      3.6047    132.9212    550.0000
2031-01-01T00:12:24     -5015.1522     4759.6104      439.2338    -4749.6751     5024.5627      439.2338      3.6349    133.3891    550.0000
2031-01-01T00:12:32     -5056.4322     4715.3950      442.8459    -4790.3845     4985.4462      442.8459      3.6649    133.8569    550.0000
2031-01-01T00:12:40     -5097.3254     4670.8188      446.4241    -4830.7749     4945.9973      446.4241      3.6945    134.3248    550.0000
2031-01-01T00:12:48     -5137.8287     4625.8853      449.9680    -4870.8436     4906.2187      449.9680      3.7239    134.7927    550.0000
2031-01-01T00:12:56     -5177.9388     4580.5979      453.4775    -4910.5879     4866.1129      453.4775      3.7530    135.2606    550.0000
2031-01-01T00:13:04     -5217.6529     4534.9601      456.9521    -4950.0052     4825.6827      456.9521      3.7818    135.7286    550.0000
2031-01-01T00:13:12     -5256.9678     4488.9753      460.3917    -4989.0928     4784.9307      460.3917      3.8103    136.1966    550.0000
2031-01-01T00:13:20     -5295.8805     4442.6470      463.7959    -5027.8482     4743.8597      463.7959      3.8385    136.6647    550.0000
2031-01-01T00:13:28     -5334.3881     4395.9789      467.1646    -5066.2688     4702.4725      467.1646      3.8664    137.1328    550.0000
2031-01-01T00:13:36     -5372.4875     4348.9745      470.4975    -5104.3520     4660.7717      470.4975      3.8940    137.6009    550.0000
2031-01-01T00:13:44     -5410.1760     4301.6374      473.7942    -5142.0952     4618.7601      473.7942      3.9214    138.0690    550.0000
2031-01-01T00:13:52     -5447.4506     4253.9712      477.0546    -5179.4961     4576.4406      477.0546      3.9484    138.5372    550.0000
2031-01-01T00:14:00     -5484.3084     4205.9795      480.2784    -5216.5520     4533.8160      480.2784      3.9751    139.0054    550.0000
2031-01-01T00:14:08     -5520.7466     4157.6661      483.4654    -5253.2605     4490.8891      483.4654      4.0015    139.4736    550.0000
2031-01-01T00:14:16     -5556.7626     4109.0346      486.6153    -5289.6191     4447.6628      486.6153      4.0277    139.9419    550.0000
2031-01-01T00:14:24     -5592.3534     4060.0887      489.7278    -5325.6255     4404.1400      489.7278      4.0535    140.4102    550.0000
2031-01-01T00:14:32     -5627.5163     4010.8322      492.8028    -5361.2773     4360.3235      492.8028      4.0790    140.8786    550.0000
2031-01-01T00:14:40     -5662.2488     3961.2689      495.8400    -5396.5720     4316.2163      495.8400      4.1041    141.3469    550.0000
2031-01-01T00:14:48     -5696.5481     3911.4025      498.8391    -5431.5073     4271.8214      498.8391      4.1290    141.8153    550.0000
2031-01-01T00:14:56     -5730.4115     3861.2368      501.8000    -5466.0809     4227.1416      501.8000      4.1536    142.2838    550.0000
2031-01-01T00:15:04     -5763.8366     3810.7758      504.7223    -5500.2905     4182.1800      504.7223      4.1778    142.7522    550.0000
2031-01-01T00:15:12     -5796.8208     3760.0232      507.6060    -5534.1338     4136.9396      507.6060      4.2017    143.2207    550.0000
2031-01-01T00:15:20     -5829.3614     3708.9830      510.4507    -5567.6085     4091.4233      510.4507      4.2253    143.6893    550.0000
2031-01-01T00:15:28     -5861.4561     3657.6590      513.2562    -5600.7125     4045.6343      513.2562      4.2486    144.1578    550.0000
2031-01-01T00:15:36     -5893.1024     3606.0552      516.0224    -5633.4435     3999.5756      516.0224      4.2715    144.6264    550.0000
2031-01-01T00:15:44     -5924.2979     3554.1755      518.7490    -5665.7993     3953.2502      518.7490      4.2941    145.0950    550.0000
2031-01-01T00:15:52     -5955.0401     3502.0239      521.4358    -5697.7779     3906.6612      521.4358      4.3164    145.5637    550.0000
2031-01-01T00:16:00     -5985.3268     3449.6044      524.0826    -5729.3769     3859.8118      524.0826      4.3383    146.0323    550.0000
2031-01-01T00:16:08     -6015.1555     3396.9210      526.6892    -5760.5944     3812.7050      526.6892      4.3600    146.5010    550.0000
2031-01-01T00:16:16     -6044.5241     3343.9777      529.2554    -5791.4283     3765.3441      529.2554      4.3812    146.9698    550.0000
2031-01-01T00:16:24     -6073.4303     3290.7786      531.7810    -5821.8765     3717.7321      531.7810      4.4022    147.4385    550.0000
2031-01-01T00:16:32     -6101.8718     3237.3277      534.2658    -5851.9370     3669.8723      534.2658      4.4228    147.9073    550.0000
2031-01-01T00:16:40     -6129.8465     3183.6291      536.7096    -5881.6078     3621.7678      536.7096      4.4431    148.3761    550.0000
2031-01-01T00:16:48     -6157.3523     3129.6870      539.1122    -5910.8869     3573.4219      539.1122      4.4630    148.8450    550.0000
2031-01-01T00:16:56     -6184.3870     3075.5054      541.4735    -5939.7723     3524.8377      541.4735      4.4826    149.3138    550.0000
2031-01-01T00:17:04     -6210.9486     3021.0886      543.7932    -5968.2622     3476.0185      543.7932      4.5018    149.7827    550.0000
2031-01-01T00:17:12     -6237.0350     2966.4406      546.0713    -5996.3546     3426.9676      546.0713      4.5207    150.2517    550.0000
2031-01-01T00:17:20     -6262.6443     2911.5657      548.3074    -6024.0477     3377.6882      548.3074      4.5393    150.7206    550.0000
2031-01-01T00:17:28     -6287.7745     2856.4680      550.5015    -6051.3396     3328.1836      550.5015      4.5575    151.1896    550.0000
2031-01-01T00:17:36     -6312.4236     2801.1519      552.6533    -6078.2286     3278.4572      552.6533      4.5753    151.6586    550.0000
2031-01-01T00:17:44     -6336.5899     2745.6214      554.7627    -6104.7127     3228.5122      554.7627      4.5928    152.1276    550.0000
2031-01-01T00:17:52     -6360.2713     2689.8808      556.8296    -6130.7903     3178.3519      556.8296      4.6100    152.5967    550.0000
2031-01-01T00:18:00     -6383.4662     2633.9345      558.8538    -6156.4596     3127.9798      558.8538      4.6268    153.0657    550.0000
2031-01-01T00:18:08     -6406.1728     2577.7866      560.8351    -6181.7189     3077.3991      560.8351      4.6432    153.5348    550.0000
2031-01-01T00:18:16     -6428.3892     2521.4416      562.7734    -6206.5665     3026.6133      562.7734      4.6593    154.0040    550.0000
2031-01-01T00:18:24     -6450.1139     2464.9036      564.6685    -6231.0008     2975.6258      564.6685      4.6750    154.4731    550.0000
2031-01-01T00:18:32     -6471.3451     2408.1771      566.5202    -6255.0201     2924.4398      566.5202      4.6904    154.9423    550.0000
2031-01-01T00:18:40     -6492.0812     2351.2664      568.3286    -6278.6228     2873.0589      568.3286      4.7054    155.4115    550.0000
2031-01-01T00:18:48     -6512.3207     2294.1757      570.0933    -6301.8075     2821.4865      570.0933      4.7200    155.8807    550.0000
2031-01-01T00:18:56     -6532.0620     2236.9096      571.8143    -6324.5724     2769.7260      571.8143      4.7343    156.3499    550.0000
2031-01-01T00:19:04     -6551.3035     2179.4723      573.4914    -6346.9162     2717.7808      573.4914      4.7482    156.8192    550.0000
2031-01-01T00:19:12     -6570.0439     2121.8682      575.1245    -6368.8372     2665.6545      575.1245      4.7618    157.2884    550.0000
2031-01-01T00:19:20     -6588.2816     2064.1019      576.7135    -6390.3341     2613.3504      576.7135      4.7750    157.7577    550.0000
2031-01-01T00:19:28     -6606.0153     2006.1776      578.2583    -6411.4055     2560.8722      578.2583      4.7878    158.2270    550.0000
2031-01-01T00:19:36     -6623.2437     1948.0998      579.7587    -6432.0499     2508.2233      579.7587      4.8003    158.6964    550.0000
2031-01-01T00:19:44     -6639.9653     1889.8730      581.2146    -6452.2659     2455.4071      581.2146      4.8123    159.1657    550.0000
2031-01-01T00:19:52     -6656.1789     1831.5017      582.6260    -6472.0522     2402.4273      582.6260      4.8240    159.6351    550.0000
2031-01-01T00:20:00     -6671.8834     1772.9902      583.9926    -6491.4075     2349.2873      583.9926      4.8354    160.1044    550.0000
2031-01-01T00:20:08     -6687.0774     1714.3430      585.3145    -6510.3305     2295.9908      585.3145      4.8464    160.5738    550.0000
2031-01-01T00:20:16     -6701.7599     1655.5648      586.5914    -6528.8199     2242.5412      586.5914      4.8570    161.0433    550.0000
2031-01-01T00:20:24     -6715.9296     1596.6598      587.8234    -6546.8745     2188.9421      587.8234      4.8672    161.5127    550.0000
2031-01-01T00:20:32     -6729.5856     1537.6327      589.0102    -6564.4931     2135.1971      589.0102      4.8770    161.9821    550.0000
2031-01-01T00:20:40     -6742.7267     1478.4880      590.1519    -6581.6746     2081.3098      590.1519      4.8865    162.4516    550.0000
2031-01-01T00:20:48     -6755.3520     1419.2301      591.2483    -6598.4177     2027.2837      591.2483      4.8956    162.9211    550.0000
2031-01-01T00:20:56     -6767.4605     1359.8637      592.2993    -6614.7213     1973.1226      592.2993      4.9043    163.3905    550.0000
2031-01-01T00:21:04     -6779.0513     1300.3933      593.3049    -6630.5845     1918.8299      593.3049      4.9127    163.8600    550.0000
2031-01-01T00:21:12     -6790.1234     1240.8233      594.2650    -6646.0061     1864.4093      594.2650      4.9207    164.3296    550.0000
2031-01-01T00:21:20     -6800.6761     1181.1584      595.1795    -6660.9850     1809.8644      595.1795      4.9282    164.7991    550.0000
2031-01-01T00:21:28     -6810.7085     1121.4032      596.0484    -6675.5204     1755.1990      596.0484      4.9355    165.2686    550.0000
2031-01-01T00:21:36     -6820.2199     1061.5622      596.8715    -6689.6112     1700.4165      596.8715      4.9423    165.7382    550.0000
2031-01-01T00:21:44     -6829.2095     1001.6399      597.6488    -6703.2565     1645.5207      597.6488      4.9487    166.2077    550.0000
2031-01-01T00:21:52     -6837.6767      941.6411      598.3803    -6716.4553     1590.5153      598.3803      4.9548    166.6773    550.0000
2031-01-01T00:22:00     -6845.6208      881.5702      599.0659    -6729.2068     1535.4038      599.0659      4.9605    167.1469    550.0000
2031-01-01T00:22:08     -6853.0411      821.4318      599.7055    -6741.5102     1480.1900      599.7055      4.9658    167.6164    550.0000
2031-01-01T00:22:16     -6859.9372      761.2306      600.2991    -6753.3647     1424.8776      600.2991      4.9707    168.0860    550.0000
2031-01-01T00:22:24     -6866.3085      700.9712      600.8467    -6764.7693     1369.4702      600.8467      4.9753    168.5556    550.0000
2031-01-01T00:22:32     -6872.1545      640.6581      601.3481    -6775.7235     1313.9716      601.3481      4.9794    169.0252    550.0000
2031-01-01T00:22:40     -6877.4747      580.2961      601.8035    -6786.2264     1258.3854      601.8035      4.9832    169.4948    550.0000
2031-01-01T00:22:48     -6882.2688      519.8896      602.2126    -6796.2773     1202.7154      602.2126      4.9866    169.9645    550.0000
2031-01-01T00:22:56     -6886.5364      459.4433      602.5756    -6805.8756     1146.9652      602.5756      4.9896    170.4341    550.0000
2031-01-01T00:23:04     -6890.2772      398.9620      602.8924    -6815.0207     1091.1386      602.8924      4.9923    170.9037    550.0000
2031-01-01T00:23:12     -6893.4908      338.4500      603.1629    -6823.7119     1035.2393      603.1629      4.9945    171.3733    550.0000
2031-01-01T00:23:20     -6896.1771      277.9122      603.3871    -6831.9486      979.2710      603.3871      4.9964    171.8430    550.0000
2031-01-01T00:23:28     -6898.3358      217.3532      603.5650    -6839.7304      923.2375      603.5650      4.9979    172.3126    550.0000
2031-01-01T00:23:36     -6899.9667      156.7775      603.6967    -6847.0566      867.1424      603.6967      4.9989    172.7822    550.0000
2031-01-01T00:23:44     -6901.0698       96.1898      603.7820    -6853.9268      810.9897      603.7820      4.9997    173.2519    550.0000
2031-01-01T00:23:52     -6901.6449       35.5947      603.8210    -6860.3406      754.7829      603.8210      5.0000    173.7215    550.0000
2031-01-01T00:24:00     -6901.6921      -25.0030      603.8137    -6866.2974      698.5258      603.8137      4.9999    174.1911    550.0000
2031-01-01T00:24:08     -6901.2112      -85.5989      603.7600    -6871.7970      642.2222      603.7600      4.9995    174.6608    550.0000
2031-01-01T00:24:16     -6900.2024     -146.1882      603.6601    -6876.8389      585.8759      603.6601      4.9986    175.1304    550.0000
2031-01-01T00:24:24     -6898.6657     -206.7663      603.5138    -6881.4229      529.4905      603.5138      4.9974    175.6001    550.0000
2031-01-01T00:24:32     -6896.6012     -267.3286      603.3213    -6885.5485      473.0699      603.3213      4.9958    176.0697    550.0000
2031-01-01T00:24:40     -6894.0091     -327.8705      603.0824    -6889.2155      416.6178      603.0824      4.9938    176.5393    550.0000
2031-01-01T00:24:48     -6890.8897     -388.3873      602.7973    -6892.4238      360.1380      602.7973      4.9915    177.0089    550.0000
2031-01-01T00:24:56     -6887.2430     -448.8743      602.4660    -6895.1730      303.6342      602.4660      4.9887    177.4786    550.0000
2031-01-01T00:25:04     -6883.0695     -509.3271      602.0884    -6897.4630      247.1103      602.0884      4.9856    177.9482    550.0000
2031-01-01T00:25:12     -6878.3693     -569.7408      601.6647    -6899.2936      190.5699      601.6647      4.9821    178.4178    550.0000
2031-01-01T00:25:20     -6873.1430     -630.1110      601.1947    -6900.6647      134.0169      601.1947      4.9782    178.8874    550.0000
2031-01-01T00:25:28     -6867.3908     -690.4329      600.6787    -6901.5763       77.4551      600.6787      4.9739    179.3570    550.0000
2031-01-01T00:25:36     -6861.1133     -750.7021      600.1166    -6902.0282       20.8881      600.1166      4.9692    179.8266    550.0000
2031-01-01T00:25:44     -6854.3109     -810.9138      599.5085    -6902.0204      -35.6802      599.5085      4.9642   -179.7038    550.0000
2031-01-01T00:25:52     -6846.9841     -871.0634      598.8543    -6901.5530      -92.2461      598.8543      4.9587   -179.2342    550.0000
2031-01-01T00:26:00     -6839.1335     -931.1465      598.1542    -6900.6259     -148.8058      598.1542      4.9529   -178.7647    550.0000
2031-01-01T00:26:08     -6830.7597     -991.1583      597.4083    -6899.2392     -205.3554      597.4083      4.9467   -178.2951    550.0000
2031-01-01T00:26:16     -6821.8633    -1051.0942      596.6165    -6897.3931     -261.8913      596.6165      4.9402   -177.8255    550.0000
2031-01-01T00:26:24     -6812.4451    -1110.9498      595.7789    -6895.0876     -318.4097      595.7789      4.9332   -177.3560    550.0000
2031-01-01T00:26:32     -6802.5056    -1170.7203      594.8957    -6892.3228     -374.9068      594.8957      4.9259   -176.8865    550.0000
2031-01-01T00:26:40     -6792.0458    -1230.4013      593.9667    -6889.0990     -431.3789      593.9667      4.9182   -176.4170    550.0000
2031-01-01T00:26:48     -6781.0663    -1289.9882      592.9923    -6885.4164     -487.8221      592.9923      4.9101   -175.9474    550.0000
2031-01-01T00:26:56     -6769.5681    -1349.4764      591.9723    -6881.2753     -544.2327      591.9723      4.9016   -175.4780    550.0000
2031-01-01T00:27:04     -6757.5520    -1408.8613      590.9069    -6876.6758     -600.6069      590.9069      4.8928   -175.0085    550.0000
2031-01-01T00:27:12     -6745.0189    -1468.1384      589.7962    -6871.6183     -656.9411      589.7962      4.8836   -174.5390    550.0000
2031-01-01T00:27:20     -6731.9698    -1527.3033      588.6403    -6866.1032     -713.2314      588.6403      4.8740   -174.0695    550.0000
2031-01-01T00:27:28     -6718.4057    -1586.3513      587.4392    -6860.1308     -769.4740      587.4392      4.8640   -173.6001    550.0000
2031-01-01T00:27:36     -6704.3276    -1645.2779      586.1930    -6853.7015     -825.6653      586.1930      4.8537   -173.1307    550.0000
2031-01-01T00:27:44     -6689.7366    -1704.0786      584.9019    -6846.8157     -881.8015      584.9019      4.8429   -172.6613    550.0000
2031-01-01T00:27:52     -6674.6338    -1762.7490      583.5659    -6839.4739     -937.8788      583.5659      4.8318   -172.1919    550.0000
2031-01-01T00:28:00     -6659.0204    -1821.2845      582.1851    -6831.6767     -993.8935      582.1851      4.8204   -171.7225    550.0000
2031-01-01T00:28:08     -6642.8976    -1879.6807      580.7597    -6823.4244    -1049.8418      580.7597      4.8086   -171.2531    550.0000
2031-01-01T00:28:16     -6626.2665    -1937.9331      579.2897    -6814.7176    -1105.7201      579.2897      4.7964   -170.7838    550.0000
2031-01-01T00:28:24     -6609.1286    -1996.0372      577.7752    -6805.5570    -1161.5246      577.7752      4.7838   -170.3145    550.0000
2031-01-01T00:28:32     -6591.4850    -2053.9886      576.2165    -6795.9431    -1217.2516      576.2165      4.7709   -169.8452    550.0000
2031-01-01T00:28:40     -6573.3372    -2111.7829      574.6135    -6785.8766    -1272.8974      574.6135      4.7576   -169.3759    550.0000
2031-01-01T00:28:48     -6554.6865    -2169.4156      572.9665    -6775.3581    -1328.4582      572.9665      4.7439   -168.9066    550.0000
2031-01-01T00:28:56     -6535.5343    -2226.8824      571.2755    -6764.3884    -1383.9304      571.2755      4.7299   -168.4374    550.0000
2031-01-01T00:29:04     -6515.8822    -2284.1788      569.5407    -6752.9682    -1439.3102      569.5407      4.7155   -167.9682    550.0000
2031-01-01T00:29:12     -6495.7315    -2341.3004      567.7622    -6741.0982    -1494.5940      567.7622      4.7007   -167.4990    550.0000
2031-01-01T00:29:20     -6475.0840    -2398.2429      565.9401    -6728.7792    -1549.7780      565.9401      4.6856   -167.0298    550.0000
2031-01-01T00:29:28     -6453.9410    -2455.0020      564.0746    -6716.0121    -1604.8587      564.0746      4.6701   -166.5606    550.0000
2031-01-01T00:29:36     -6432.3043    -2511.5732      562.1659    -6702.7976    -1659.8322      562.1659      4.6543   -166.0915    550.0000
2031-01-01T00:29:44     -6410.1756    -2567.9523      560.2140    -6689.1368    -1714.6951      560.2140      4.6381   -165.6224    550.0000
2031-01-01T00:29:52     -6387.5564    -2624.1349      558.2192    -6675.0304    -1769.4435      558.2192      4.6215   -165.1533    550.0000
2031-01-01T00:30:00     -6364.4486    -2680.1168      556.1815    -6660.4794    -1824.0739      556.1815      4.6046   -164.6842    550.0000
2031-01-01T00:30:08     -6340.8539    -2735.8936      554.1012    -6645.4849    -1878.5826      554.1012      4.5873   -164.2152    550.0000
2031-01-01T00:30:16     -6316.7741    -2791.4611      551.9783    -6630.0477    -1932.9659      551.9783      4.5697   -163.7462    550.0000
2031-01-01T00:30:24     -6292.2110    -2846.8150      549.8131    -6614.1689    -1987.2204      549.8131      4.5518   -163.2772    550.0000
2031-01-01T00:30:32     -6267.1666    -2901.9512      547.6057    -6597.8496    -2041.3422      547.6057      4.5335   -162.8082    550.0000
2031-01-01T00:30:40     -6241.6427    -2956.8653      545.3564    -6581.0909    -2095.3278      545.3564      4.5148   -162.3392    550.0000
2031-01-01T00:30:48     -6215.6413    -3011.5533      543.0652    -6563.8938    -2149.1737      543.0652      4.4958   -161.8703    550.0000
2031-01-01T00:30:56     -6189.1644    -3066.0108      540.7323    -6546.2596    -2202.8762      540.7323      4.4764   -161.4014    550.0000
2031-01-01T00:31:04     -6162.2140    -3120.2338      538.3579    -6528.1893    -2256.4318      538.3579      4.4567   -160.9326    550.0000
2031-01-01T00:31:12     -6134.7922    -3174.2181      535.9423    -6509.6843    -2309.8368      535.9423      4.4367   -160.4637    550.0000
2031-01-01T00:31:20     -6106.9010    -3227.9595      533.4855    -6490.7457    -2363.0877      533.4855      4.4163   -159.9949    550.0000
2031-01-01T00:31:28     -6078.5427    -3281.4540      530.9878    -6471.3747    -2416.1810      530.9878      4.3956   -159.5262    550.0000
2031-01-01T00:31:36     -6049.7193    -3334.6974      528.4494    -6451.5728    -2469.1132      528.4494      4.3746   -159.0574    550.0000
2031-01-01T00:31:44     -6020.4332    -3387.6857      525.8704    -6431.3411    -2521.8806      525.8704      4.3532   -158.5887    550.0000
2031-01-01T00:31:52     -5990.6864    -3440.4148      523.2511    -6410.6811    -2574.4798      523.2511      4.3314   -158.1200    550.0000
2031-01-01T00:32:00     -5960.4814    -3492.8808      520.5916    -6389.5941    -2626.9073      520.5916      4.3094   -157.6513    550.0000
2031-01-01T00:32:08     -5929.8203    -3545.0795      517.8922    -6368.0815    -2679.1595      517.8922      4.2870   -157.1827    550.0000
2031-01-01T00:32:16     -5898.7056    -3597.0070      515.1531    -6346.1447    -2731.2331      515.1531      4.2643   -156.7141    550.0000
2031-01-01T00:32:24     -5867.1396    -3648.6593      512.3745    -6323.7853    -2783.1244      512.3745      4.2412   -156.2455    550.0000
2031-01-01T00:32:32     -5835.1248    -3700.0325      509.5565    -6301.0047    -2834.8301      509.5565      4.2179   -155.7770    550.0000
2031-01-01T00:32:40     -5802.6636    -3751.1226      506.6995    -6277.8044    -2886.3468      506.6995      4.1942   -155.3084    550.0000
2031-01-01T00:32:48     -5769.7585    -3801.9257      503.8036    -6254.1859    -2937.6709      503.8036      4.1702   -154.8400    550.0000
2031-01-01T00:32:56     -5736.4119    -3852.4380      500.8691    -6230.1509    -2988.7990      500.8691      4.1458   -154.3715    550.0000
2031-01-01T00:33:04     -5702.6265    -3902.6555      497.8961    -6205.7009    -3039.7278      497.8961      4.1212   -153.9031    550.0000
2031-01-01T00:33:12     -5668.4049    -3952.5745      494.8849    -6180.8376    -3090.4539      494.8849      4.0962   -153.4347    550.0000
2031-01-01T00:33:20     -5633.7496    -4002.1910      491.8358    -6155.5626    -3140.9738      491.8358      4.0709   -152.9663    550.0000
2031-01-01T00:33:28     -5598.6633    -4051.5014      488.7489    -6129.8776    -3191.2842      488.7489      4.0453   -152.4980    550.0000
2031-01-01T00:33:36     -5563.1486    -4100.5019      485.6245    -6103.7843    -3241.3818      485.6245      4.0194   -152.0297    550.0000
2031-01-01T00:33:44     -5527.2084    -4149.1886      482.4629    -6077.2844    -3291.2631      482.4629      3.9932   -151.5614    550.0000
2031-01-01T00:33:52     -5490.8454    -4197.5579      479.2643    -6050.3798    -3340.9250      479.2643      3.9667   -151.0932    550.0000
2031-01-01T00:34:00     -5454.0623    -4245.6061      476.0289    -6023.0722    -3390.3640      476.0289      3.9399   -150.6250    550.0000
2031-01-01T00:34:08     -5416.8619    -4293.3294      472.7570    -5995.3633    -3439.5769      472.7570      3.9128   -150.1568    550.0000
2031-01-01T00:34:16     -5379.2471    -4340.7243      469.4488    -5967.2552    -3488.5603      469.4488      3.8853   -149.6887    550.0000
2031-01-01T00:34:24     -5341.2208    -4387.7872      466.1046    -5938.7495    -3537.3111      466.1046      3.8576   -149.2206    550.0000
2031-01-01T00:34:32     -5302.7859    -4434.5143      462.7247    -5909.8484    -3585.8260      462.7247      3.8296   -148.7525    550.0000
2031-01-01T00:34:40     -5263.9453    -4480.9022      459.3093    -5880.5535    -3634.1017      459.3093      3.8013   -148.2845    550.0000
2031-01-01T00:34:48     -5224.7020    -4526.9473      455.8586    -5850.8670    -3682.1350      455.8586      3.7727   -147.8165    550.0000
2031-01-01T00:34:56     -5185.0590    -4572.6460      452.3729    -5820.7907    -3729.9227      452.3729      3.7438   -147.3485    550.0000
2031-01-01T00:35:04     -5145.0193    -4617.9949      448.8526    -5790.3268    -3777.4617      448.8526      3.7146   -146.8806    550.0000
2031-01-01T00:35:12     -5104.5861    -4662.9905      445.2978    -5759.4771    -3824.7487      445.2978      3.6852   -146.4127    550.0000
2031-01-01T00:35:20     -5063.7623    -4707.6294      441.7088    -5728.2438    -3871.7807      441.7088      3.6554   -145.9448    550.0000
2031-01-01T00:35:28     -5022.5511    -4751.9081      438.0860    -5696.6290    -3918.5544      438.0860      3.6254   -145.4770    550.0000
2031-01-01T00:35:36     -4980.9557    -4795.8233      434.4296    -5664.6347    -3965.0667      434.4296      3.5951   -145.0092    550.0000
2031-01-01T00:35:44     -4938.9792    -4839.3716      430.7398    -5632.2631    -4011.3146      430.7398      3.5645   -144.5414    550.0000
2031-01-01T00:35:52     -4896.6249    -4882.5497      427.0170    -5599.5163    -4057.2950      427.0170      3.5337   -144.0737    550.0000
2031-01-01T00:36:00     -4853.8959    -4925.3542      423.2614    -5566.3966    -4103.0048      423.2614      3.5026   -143.6060    550.0000
2031-01-01T00:36:08     -4810.7957    -4967.7819      419.4734    -5532.9060    -4148.4410      419.4734      3.4712   -143.1383    550.0000
2031-01-01T00:36:16     -4767.3274    -5009.8295      415.6532    -5499.0470    -4193.6004      415.6532      3.4395   -142.6707    550.0000
2031-01-01T00:36:24     -4723.4943    -5051.4939      411.8011    -5464.8216    -4238.4802      411.8011      3.4076   -142.2031    550.0000
2031-01-01T00:36:32     -4679.3000    -5092.7718      407.9174    -5430.2322    -4283.0773      407.9174      3.3755   -141.7355    550.0000
2031-01-01T00:36:40     -4634.7476    -5133.6601      404.0024    -5395.2811    -4327.3888      404.0024      3.3430   -141.2680    550.0000
2031-01-01T00:36:48     -4589.8407    -5174.1557      400.0564    -5359.9706    -4371.4117      400.0564      3.3103   -140.8005    550.0000
2031-01-01T00:36:56     -4544.5826    -5214.2554      396.0798    -5324.3030    -4415.1430      396.0798      3.2774   -140.3330    550.0000
2031-01-01T00:37:04     -4498.9769    -5253.9562      392.0727    -5288.2808    -4458.5799      392.0727      3.2442   -139.8656    550.0000
2031-01-01T00:37:12     -4453.0270    -5293.2550      388.0356    -5251.9064    -4501.7194      388.0356      3.2108   -139.3982    550.0000
2031-01-01T00:37:20     -4406.7364    -5332.1489      383.9687    -5215.1821    -4544.5587      383.9687      3.1771   -138.9308    550.0000
2031-01-01T00:37:28     -4360.1087    -5370.6349      379.8723    -5178.1104    -4587.0949      379.8723      3.1431   -138.4635    550.0000
2031-01-01T00:37:36     -4313.1474    -5408.7099      375.7468    -5140.6938    -4629.3252      375.7468      3.1090   -137.9962    550.0000
2031-01-01T00:37:44     -4265.8562    -5446.3712      371.5925    -5102.9347    -4671.2467      371.5925      3.0746   -137.5289    550.0000
2031-01-01T00:37:52     -4218.2386    -5483.6159      367.4097    -5064.8357    -4712.8567      367.4097      3.0399   -137.0617    550.0000
2031-01-01T00:38:00     -4170.2983    -5520.4410      363.1987    -5026.3994    -4754.1525      363.1987      3.0051   -136.5944    550.0000
2031-01-01T00:38:08     -4122.0390    -5556.8437      358.9598    -4987.6282    -4795.1311      358.9598      2.9699   -136.1273    550.0000
2031-01-01T00:38:16     -4073.4643    -5592.8214      354.6934    -4948.5247    -4835.7900      354.6934      2.9346   -135.6601    550.0000
2031-01-01T00:38:24     -4024.5780    -5628.3711      350.3998    -4909.0916    -4876.1264      350.3998      2.8991   -135.1930    550.0000
2031-01-01T00:38:32     -3975.3838    -5663.4903      346.0793    -4869.3315    -4916.1376      346.0793      2.8633   -134.7259    550.0000
2031-01-01T00:38:40     -3925.8855    -5698.1762      341.7322    -4829.2471    -4955.8210      341.7322      2.8273   -134.2589    550.0000
2031-01-01T00:38:48     -3876.0868    -5732.4262      337.3590    -4788.8409    -4995.1738      337.3590      2.7911   -133.7919    550.0000
2031-01-01T00:38:56     -3825.9916    -5766.2376      332.9598    -4748.1157    -5034.1935      332.9598      2.7547   -133.3249    550.0000
2031-01-01T00:39:04     -3775.6037    -5799.6078      328.5351    -4707.0742    -5072.8775      328.5351      2.7180   -132.8579    550.0000
2031-01-01T00:39:12     -3724.9270    -5832.5344      324.0852    -4665.7192    -5111.2232      324.0852      2.6812   -132.3910    550.0000
2031-01-01T00:39:20     -3673.9653    -5865.0147      319.6105    -4624.0533    -5149.2280      319.6105      2.6441   -131.9241    550.0000
2031-01-01T00:39:28     -3622.7225    -5897.0464      315.1112    -4582.0794    -5186.8895      315.1112      2.6069   -131.4573    550.0000
2031-01-01T00:39:36     -3571.2026    -5928.6269      310.5878    -4539.8003    -5224.2050      310.5878      2.5694   -130.9904    550.0000
2031-01-01T00:39:44     -3519.4094    -5959.7539      306.0405    -4497.2187    -5261.1722      306.0405      2.5318   -130.5236    550.0000
2031-01-01T00:39:52     -3467.3471    -5990.4249      301.4697    -4454.3376    -5297.7885      301.4697      2.4940   -130.0569    550.0000
2031-01-01T00:40:00     -3415.0194    -6020.6376      296.8759    -4411.1597    -5334.0514      296.8759      2.4559   -129.5901    550.0000
2031-01-01T00:40:08     -3362.4305    -6050.3897      292.2592    -4367.6879    -5369.9587      292.2592      2.4177   -129.1234    550.0000
2031-01-01T00:40:16     -3309.5844    -6079.6789      287.6202    -4323.9251    -5405.5079      287.6202      2.3793   -128.6567    550.0000
2031-01-01T00:40:24     -3256.4851    -6108.5030      282.9590    -4279.8744    -5440.6966      282.9590      2.3407   -128.1900    550.0000
2031-01-01T00:40:32     -3203.1367    -6136.8597      278.2762    -4235.5384    -5475.5224      278.2762      2.3020   -127.7234    550.0000
2031-01-01T00:40:40     -3149.5432    -6164.7470      273.5720    -4190.9204    -5509.9832      273.5720      2.2630   -127.2568    550.0000
2031-01-01T00:40:48     -3095.7087    -6192.1627      268.8468    -4146.0231    -5544.0765      268.8468      2.2239   -126.7902    550.0000
2031-01-01T00:40:56     -3041.6374    -6219.1046      264.1010    -4100.8496    -5577.8000      264.1010      2.1847   -126.3237    550.0000
2031-01-01T00:41:04     -2987.3335    -6245.5707      259.3350    -4055.4029    -5611.1516      259.3350      2.1452   -125.8571    550.0000
2031-01-01T00:41:12     -2932.8010    -6271.5590      254.5490    -4009.6860    -5644.1290      254.5490      2.1056   -125.3906    550.0000
2031-01-01T00:41:20     -2878.0441    -6297.0676      249.7435    -3963.7020    -5676.7301      249.7435      2.0658   -124.9242    550.0000
2031-01-01T00:41:28     -2823.0670    -6322.0943      244.9189    -3917.4539    -5708.9525      244.9189      2.0259   -124.4577    550.0000
2031-01-01T00:41:36     -2767.8740    -6346.6374      240.0755    -3870.9448    -5740.7943      240.0755      1.9858   -123.9913    550.0000
2031-01-01T00:41:44     -2712.4693    -6370.6950      235.2136    -3824.1779    -5772.2533      235.2136      1.9456   -123.5249    550.0000
2031-01-01T00:41:52     -2656.8570    -6394.2652      230.3337    -3777.1561    -5803.3273      230.3337      1.9052   -123.0585    550.0000
2031-01-01T00:42:00     -2601.0414    -6417.3461      225.4362    -3729.8828    -5834.0143      225.4362      1.8647   -122.5922    550.0000
2031-01-01T00:42:08     -2545.0269    -6439.9362      220.5213    -3682.3609    -5864.3123      220.5213      1.8240   -122.1258    550.0000
2031-01-01T00:42:16     -2488.8177    -6462.0335      215.5895    -3634.5936    -5894.2192      215.5895      1.7832   -121.6595    550.0000
2031-01-01T00:42:24     -2432.4181    -6483.6365      210.6412    -3586.5842    -5923.7331      210.6412      1.7423   -121.1932    550.0000
2031-01-01T00:42:32     -2375.8323    -6504.7435      205.6768    -3538.3359    -5952.8519      205.6768      1.7012   -120.7270    550.0000
2031-01-01T00:42:40     -2319.0649    -6525.3528      200.6965    -3489.8518    -5981.5738      200.6965      1.6600   -120.2607    550.0000
2031-01-01T00:42:48     -2262.1200    -6545.4629      195.7009    -3441.1352    -6009.8968      195.7009      1.6187   -119.7945    550.0000
2031-01-01T00:42:56     -2205.0020    -6565.0722      190.6902    -3392.1893    -6037.8190      190.6902      1.5772   -119.3283    550.0000
2031-01-01T00:43:04     -2147.7154    -6584.1793      185.6649    -3343.0174    -6065.3386      185.6649      1.5356   -118.8621    550.0000
2031-01-01T00:43:12     -2090.2645    -6602.7826      180.6254    -3293.6227    -6092.4538      180.6254      1.4940   -118.3960    550.0000
2031-01-01T00:43:20     -2032.6536    -6620.8809      175.5720    -3244.0086    -6119.1627      175.5720      1.4521   -117.9298    550.0000
2031-01-01T00:43:28     -1974.8873    -6638.4726      170.5052    -3194.1784    -6145.4635      170.5052      1.4102   -117.4637    550.0000
2031-01-01T00:43:36     -1916.9698    -6655.5564      165.4252    -3144.1353    -6171.3546      165.4252      1.3682   -116.9976    550.0000
2031-01-01T00:43:44     -1858.9057    -6672.1310      160.3326    -3093.8827    -6196.8341      160.3326      1.3261   -116.5315    550.0000
2031-01-01T00:43:52     -1800.6994    -6688.1952      155.2277    -3043.4240    -6221.9004      155.2277      1.2838   -116.0654    550.0000
2031-01-01T00:44:00     -1742.3554    -6703.7478      150.1109    -2992.7625    -6246.5518      150.1109      1.2415   -115.5994    550.0000
2031-01-01T00:44:08     -1683.8780    -6718.7874      144.9825    -2941.9016    -6270.7866      144.9825      1.1991   -115.1333    550.0000
2031-01-01T00:44:16     -1625.2719    -6733.3131      139.8430    -2890.8446    -6294.6033      139.8430      1.1566   -114.6673    550.0000
2031-01-01T00:44:24     -1566.5413    -6747.3236      134.6928    -2839.5950    -6318.0003      134.6928      1.1140   -114.2013    550.0000
2031-01-01T00:44:32     -1507.6910    -6760.8179      129.5323    -2788.1562    -6340.9760      129.5323      1.0713   -113.7353    550.0000
2031-01-01T00:44:40     -1448.7253    -6773.7950      124.3619    -2736.5315    -6363.5288      124.3619      1.0285   -113.2693    550.0000
2031-01-01T00:44:48     -1389.6488    -6786.2539      119.1818    -2684.7246    -6385.6573      119.1818      0.9857   -112.8034    550.0000
2031-01-01T00:44:56     -1330.4659    -6798.1936      113.9927    -2632.7387    -6407.3600      113.9927      0.9428   -112.3374    550.0000
2031-01-01T00:45:04     -1271.1813    -6809.6132      108.7948    -2580.5773    -6428.6355      108.7948      0.8998   -111.8715    550.0000
2031-01-01T00:45:12     -1211.7994    -6820.5118      103.5886    -2528.2440    -6449.4822      103.5886      0.8567   -111.4055    550.0000
2031-01-01T00:45:20     -1152.3248    -6830.8886       98.3744    -2475.7422    -6469.8989       98.3744      0.8136   -110.9396    550.0000
2031-01-01T00:45:28     -1092.7621    -6840.7429       93.1526    -2423.0755    -6489.8842       93.1526      0.7704   -110.4737    550.0000
2031-01-01T00:45:36     -1033.1158    -6850.0738       87.9238    -2370.2472    -6509.4368       87.9238      0.7272   -110.0078    550.0000
2031-01-01T00:45:44      -973.3904    -6858.8806       82.6881    -2317.2610    -6528.5553       82.6881      0.6839   -109.5419    550.0000
2031-01-01T00:45:52      -913.5905    -6867.1627       77.4462    -2264.1203    -6547.2384       77.4462      0.6405   -109.0761    550.0000
2031-01-01T00:46:00      -853.7208    -6874.9195       72.1983    -2210.8287    -6565.4850       72.1983      0.5971   -108.6102    550.0000
2031-01-01T00:46:08      -793.7858    -6882.1503       66.9448    -2157.3898    -6583.2938       66.9448      0.5536   -108.1443    550.0000
2031-01-01T00:46:16      -733.7900    -6888.8545       61.6862    -2103.8071    -6600.6636       61.6862      0.5102   -107.6785    550.0000
2031-01-01T00:46:24      -673.7381    -6895.0318       56.4229    -2050.0842    -6617.5933       56.4229      0.4666   -107.2126    550.0000
2031-01-01T00:46:32      -613.6346    -6900.6815       51.1553    -1996.2246    -6634.0817       51.1553      0.4231   -106.7468    550.0000
2031-01-01T00:46:40      -553.4842    -6905.8033       45.8837    -1942.2320    -6650.1278       45.8837      0.3795   -106.2809    550.0000
2031-01-01T00:46:48      -493.2915    -6910.3968       40.6086    -1888.1099    -6665.7304       40.6086      0.3358   -105.8151    550.0000
2031-01-01T00:46:56      -433.0610    -6914.4616       35.3304    -1833.8619    -6680.8886       35.3304      0.2922   -105.3493    550.0000
2031-01-01T00:47:04      -372.7974    -6917.9974       30.0495    -1779.4917    -6695.6012       30.0495      0.2485   -104.8835    550.0000
2031-01-01T00:47:12      -312.5053    -6921.0040       24.7663    -1725.0028    -6709.8675       24.7663      0.2048   -104.4176    550.0000
2031-01-01T00:47:20      -252.1893    -6923.4811       19.4812    -1670.3990    -6723.6863       19.4812      0.1611   -103.9518    550.0000
2031-01-01T00:47:28      -191.8539    -6925.4285       14.1946    -1615.6838    -6737.0568       14.1946      0.1174   -103.4860    550.0000
2031-01-01T00:47:36      -131.5039    -6926.8461        8.9069    -1560.8609    -6749.9780        8.9069      0.0737   -103.0202    550.0000
2031-01-01T00:47:44       -71.1439    -6927.7338        3.6185    -1505.9339    -6762.4492        3.6185      0.0299   -102.5544    550.0000
2031-01-01T00:47:52       -10.7784    -6928.0914       -1.6702    -1450.9065    -6774.4695       -1.6702     -0.0138   -102.0886    550.0000
2031-01-01T00:48:00        49.5880    -6927.9190       -6.9587    -1395.7824    -6786.0381       -6.9587     -0.0575   -101.6228    550.0000
2031-01-01T00:48:08       109.9505    -6927.2166      -12.2467    -1340.5651    -6797.1542      -12.2467     -0.1013   -101.1569    550.0000
2031-01-01T00:48:16       170.3046    -6925.9843      -17.5338    -1285.2585    -6807.8170      -17.5338     -0.1450   -100.6911    550.0000
2031-01-01T00:48:24       230.6457    -6924.2221      -22.8195    -1229.8662    -6818.0260      -22.8195     -0.1887   -100.2253    550.0000
2031-01-01T00:48:32       290.9692    -6921.9301      -28.1035    -1174.3919    -6827.7803      -28.1035     -0.2324    -99.7595    550.0000
2031-01-01T00:48:40       351.2704    -6919.1086      -33.3853    -1118.8392    -6837.0793      -33.3853     -0.2761    -99.2937    550.0000
2031-01-01T00:48:48       411.5447    -6915.7578      -38.6645    -1063.2118    -6845.9225      -38.6645     -0.3198    -98.8278    550.0000
2031-01-01T00:48:56       471.7875    -6911.8778      -43.9408    -1007.5136    -6854.3092      -43.9408     -0.3634    -98.3620    550.0000
2031-01-01T00:49:04       531.9943    -6907.4691      -49.2137     -951.7481    -6862.2389      -49.2137     -0.4070    -97.8962    550.0000
2031-01-01T00:49:12       592.1603    -6902.5320      -54.4828     -895.9192    -6869.7111      -54.4828     -0.4506    -97.4303    550.0000
2031-01-01T00:49:20       652.2811    -6897.0667      -59.7478     -840.0304    -6876.7251      -59.7478     -0.4941    -96.9645    550.0000
2031-01-01T00:49:28       712.3519    -6891.0738      -65.0082     -784.0856    -6883.2807      -65.0082     -0.5376    -96.4986    550.0000
2031-01-01T00:49:36       772.3682    -6884.5537      -70.2636     -728.0884    -6889.3773      -70.2636     -0.5811    -96.0328    550.0000
2031-01-01T00:49:44       832.3255    -6877.5069      -75.5136     -672.0427    -6895.0146      -75.5136     -0.6245    -95.5669    550.0000
2031-01-01T00:49:52       892.2191    -6869.9340      -80.7578     -615.9520    -6900.1921      -80.7578     -0.6679    -95.1010    550.0000
2031-01-01T00:50:00       952.0444    -6861.8355      -85.9958     -559.8202    -6904.9095      -85.9958     -0.7112    -94.6352    550.0000
2031-01-01T00:50:08      1011.7969    -6853.2120      -91.2272     -503.6510    -6909.1666      -91.2272     -0.7545    -94.1693    550.0000
2031-01-01T00:50:16      1071.4720    -6844.0642      -96.4516     -447.4482    -6912.9630      -96.4516     -0.7977    -93.7034    550.0000
2031-01-01T00:50:24      1131.0651    -6834.3928     -101.6686     -391.2154    -6916.2984     -101.6686     -0.8408    -93.2374    550.0000
2031-01-01T00:50:32      1190.5717    -6824.1985     -106.8778     -334.9564    -6919.1727     -106.8778     -0.8839    -92.7715    550.0000
2031-01-01T00:50:40      1249.9872    -6813.4822     -112.0788     -278.6750    -6921.5857     -112.0788     -0.9269    -92.3056    550.0000
2031-01-01T00:50:48      1309.3071    -6802.2446     -117.2712     -222.3750    -6923.5371     -117.2712     -0.9699    -91.8396    550.0000
2031-01-01T00:50:56      1368.5268    -6790.4866     -122.4547     -166.0600    -6925.0270     -122.4547     -1.0128    -91.3737    550.0000
2031-01-01T00:51:04      1427.6418    -6778.2092     -127.6287     -109.7338    -6926.0551     -127.6287     -1.0556    -90.9077    550.0000
2031-01-01T00:51:12      1486.6476    -6765.4131     -132.7929      -53.4002    -6926.6214     -132.7929     -1.0983    -90.4417    550.0000
2031-01-01T00:51:20      1545.5397    -6752.0995     -137.9470        2.9371    -6926.7259     -137.9470     -1.1409    -89.9757    550.0000
2031-01-01T00:51:28      1604.3135    -6738.2693     -143.0904       59.2743    -6926.3686     -143.0904     -1.1835    -89.5097    550.0000
2031-01-01T00:51:36      1662.9646    -6723.9236     -148.2229      115.6077    -6925.5494     -148.2229     -1.2259    -89.0437    550.0000
2031-01-01T00:51:44      1721.4884    -6709.0635     -153.3441      171.9335    -6924.2685     -153.3441     -1.2683    -88.5776    550.0000
2031-01-01T00:51:52      1779.8806    -6693.6901     -158.4534      228.2480    -6922.5259     -158.4534     -1.3105    -88.1115    550.0000
2031-01-01T00:52:00      1838.1366    -6677.8046     -163.5506      284.5474    -6920.3218     -163.5506     -1.3527    -87.6455    550.0000
2031-01-01T00:52:08      1896.2520    -6661.4083     -168.6353      340.8279    -6917.6563     -168.6353     -1.3948    -87.1794    550.0000
2031-01-01T00:52:16      1954.2223    -6644.5023     -173.7070      397.0859    -6914.5295     -173.7070     -1.4367    -86.7132    550.0000
2031-01-01T00:52:24      2012.0432    -6627.0880     -178.7654      453.3176    -6910.9417     -178.7654     -1.4786    -86.2471    550.0000
2031-01-01T00:52:32      2069.7100    -6609.1667     -183.8100      509.5192    -6906.8932     -183.8100     -1.5203    -85.7810    550.0000
2031-01-01T00:52:40      2127.2186    -6590.7397     -188.8406      565.6870    -6902.3842     -188.8406     -1.5619    -85.3148    550.0000
2031-01-01T00:52:48      2184.5644    -6571.8085     -193.8567      621.8172    -6897.4149     -193.8567     -1.6034    -84.8486    550.0000
2031-01-01T00:52:56      2241.7431    -6552.3746     -198.8579      677.9062    -6891.9858     -198.8579     -1.6448    -84.3824    550.0000
2031-01-01T00:53:04      2298.7503    -6532.4394     -203.8439      733.9501    -6886.0972     -203.8439     -1.6860    -83.9161    550.0000
2031-01-01T00:53:12      2355.5816    -6512.0044     -208.8142      789.9453    -6879.7495     -208.8142     -1.7272    -83.4499    550.0000
2031-01-01T00:53:20      2412.2327    -6491.0712     -213.7685      845.8880    -6872.9431     -213.7685     -1.7682    -82.9836    550.0000
2031-01-01T00:53:28      2468.6993    -6469.6415     -218.7064      901.7744    -6865.6784     -218.7064     -1.8090    -82.5173    550.0000
2031-01-01T00:53:36      2524.9770    -6447.7168     -223.6276      957.6010    -6857.9560     -223.6276     -1.8497    -82.0510    550.0000
2031-01-01T00:53:44      2581.0616    -6425.2988     -228.5315     1013.3638    -6849.7764     -228.5315     -1.8903    -81.5846    550.0000
2031-01-01T00:53:52      2636.9487    -6402.3892     -233.4180     1069.0593    -6841.1401     -233.4180     -1.9307    -81.1183    550.0000
2031-01-01T00:54:00      2692.6340    -6378.9898     -238.2865     1124.6838    -6832.0477     -238.2865     -1.9710    -80.6519    550.0000
2031-01-01T00:54:08      2748.1134    -6355.1024     -243.1368     1180.2334    -6822.4998     -243.1368     -2.0112    -80.1855    550.0000
2031-01-01T00:54:16      2803.3825    -6330.7289     -247.9684     1235.7046    -6812.4970     -247.9684     -2.0512    -79.7190    550.0000
2031-01-01T00:54:24      2858.4372    -6305.8709     -252.7810     1291.0936    -6802.0400     -252.7810     -2.0910    -79.2526    550.0000
2031-01-01T00:54:32      2913.2732    -6280.5306     -257.5741     1346.3967    -6791.1296     -257.5741     -2.1306    -78.7861    550.0000
2031-01-01T00:54:40      2967.8863    -6254.7098     -262.3476     1401.6103    -6779.7664     -262.3476     -2.1701    -78.3195    550.0000
2031-01-01T00:54:48      3022.2723    -6228.4104     -267.1009     1456.7306    -6767.9511     -267.1009     -2.2095    -77.8530    550.0000
2031-01-01T00:54:56      3076.4272    -6201.6346     -271.8337     1511.7541    -6755.6847     -271.8337     -2.2487    -77.3864    550.0000
2031-01-01T00:55:04      3130.3467    -6174.3843     -276.5457     1566.6770    -6742.9678     -276.5457     -2.2877    -76.9198    550.0000
2031-01-01T00:55:12      3184.0267    -6146.6617     -281.2364     1621.4956    -6729.8015     -281.2364     -2.3265    -76.4532    550.0000
2031-01-01T00:55:20      3237.4631    -6118.4688     -285.9056     1676.2064    -6716.1864     -285.9056     -2.3651    -75.9866    550.0000
2031-01-01T00:55:28      3290.6519    -6089.8078     -290.5528     1730.8057    -6702.1236     -290.5528     -2.4036    -75.5199    550.0000
2031-01-01T00:55:36      3343.5889    -6060.6809     -295.1778     1785.2899    -6687.6139     -295.1778     -2.4419    -75.0532    550.0000
2031-01-01T00:55:44      3396.2701    -6031.0904     -299.7801     1839.6552    -6672.6584     -299.7801     -2.4800    -74.5864    550.0000
2031-01-01T00:55:52      3448.6915    -6001.0384     -304.3594     1893.8982    -6657.2580     -304.3594     -2.5179    -74.1197    550.0000
2031-01-01T00:56:00      3500.8490    -5970.5274     -308.9153     1948.0151    -6641.4139     -308.9153     -2.5556    -73.6529    550.0000
2031-01-01T00:56:08      3552.7388    -5939.5595     -313.4476     2002.0024    -6625.1269     -313.4476     -2.5931    -73.1861    550.0000
2031-01-01T00:56:16      3604.3567    -5908.1373     -317.9558     2055.8565    -6608.3983     -317.9558     -2.6304    -72.7192    550.0000
2031-01-01T00:56:24      3655.6989    -5876.2631     -322.4396     2109.5738    -6591.2291     -322.4396     -2.6676    -72.2523    550.0000
2031-01-01T00:56:32      3706.7614    -5843.9393     -326.8987     2163.1508    -6573.6204     -326.8987     -2.7045    -71.7854    550.0000
2031-01-01T00:56:40      3757.5404    -5811.1684     -331.3327     2216.5837    -6555.5736     -331.3327     -2.7412    -71.3185    550.0000
2031-01-01T00:56:48      3808.0319    -5777.9530     -335.7413     2269.8692    -6537.0897     -335.7413     -2.7777    -70.8515    550.0000
2031-01-01T00:56:56      3858.2320    -5744.2955     -340.1242     2323.0036    -6518.1699     -340.1242     -2.8140    -70.3845    550.0000
2031-01-01T00:57:04      3908.1370    -5710.1985     -344.4809     2375.9834    -6498.8157     -344.4809     -2.8501    -69.9175    550.0000
2031-01-01T00:57:12      3957.7431    -5675.6647     -348.8112     2428.8051    -6479.0282     -348.8112     -2.8859    -69.4504    550.0000
2031-01-01T00:57:20      4007.0463    -5640.6967     -353.1148     2481.4652    -6458.8087     -353.1148     -2.9215    -68.9833    550.0000
2031-01-01T00:57:28      4056.0430    -5605.2972     -357.3913     2533.9601    -6438.1587     -357.3913     -2.9570    -68.5162    550.0000
2031-01-01T00:57:36      4104.7294    -5569.4688     -361.6403     2586.2863    -6417.0795     -361.6403     -2.9921    -68.0490    550.0000
2031-01-01T00:57:44      4153.1018    -5533.2143     -365.8616     2638.4405    -6395.5724     -365.8616     -3.0271    -67.5818    550.0000
2031-01-01T00:57:52      4201.1564    -5496.5365     -370.0549     2690.4190    -6373.6390     -370.0549     -3.0618    -67.1146    550.0000
2031-01-01T00:58:00      4248.8897    -5459.4382     -374.2197     2742.2184    -6351.2808     -374.2197     -3.0963    -66.6473    550.0000
2031-01-01T00:58:08      4296.2979    -5421.9223     -378.3559     2793.8354    -6328.4991     -378.3559     -3.1306    -66.1800    550.0000
2031-01-01T00:58:16      4343.3774    -5383.9915     -382.4630     2845.2663    -6305.2955     -382.4630     -3.1646    -65.7127    550.0000
2031-01-01T00:58:24      4390.1246    -5345.6489     -386.5408     2896.5079    -6281.6716     -386.5408     -3.1984    -65.2454    550.0000
2031-01-01T00:58:32      4436.5360    -5306.8972     -390.5889     2947.5567    -6257.6289     -390.5889     -3.2319    -64.7780    550.0000
2031-01-01T00:58:40      4482.6080    -5267.7396     -394.6071     2998.4093    -6233.1690     -394.6071     -3.2652    -64.3105    550.0000
2031-01-01T00:58:48      4528.3370    -5228.1790     -398.5950     3049.0624    -6208.2937     -398.5950     -3.2982    -63.8431    550.0000
2031-01-01T00:58:56      4573.7196    -5188.2184     -402.5523     3099.5124    -6183.0044     -402.5523     -3.3310    -63.3756    550.0000
2031-01-01T00:59:04      4618.7524    -5147.8609     -406.4788     3149.7562    -6157.3030     -406.4788     -3.3635    -62.9081    550.0000
2031-01-01T00:59:12      4663.4317    -5107.1095     -410.3740     3199.7903    -6131.1912     -410.3740     -3.3958    -62.4405    550.0000
2031-01-01T00:59:20      4707.7543    -5065.9674     -414.2378     3249.6113    -6104.6706     -414.2378     -3.4278    -61.9729    550.0000
2031-01-01T00:59:28      4751.7168    -5024.4378     -418.0698     3299.2161    -6077.7430     -418.0698     -3.4596    -61.5053    550.0000
2031-01-01T00:59:36      4795.3157    -4982.5237     -421.8697     3348.6013    -6050.4103     -421.8697     -3.4910    -61.0377    550.0000
2031-01-01T00:59:44      4838.5478    -4940.2285     -425.6373     3397.7635    -6022.6743     -425.6373     -3.5223    -60.5700    550.0000
2031-01-01T00:59:52      4881.4097    -4897.5554     -429.3722     3446.6996    -5994.5368     -429.3722     -3.5532    -60.1022    550.0000
2031-01-01T01:00:00      4923.8982    -4854.5075     -433.0742     3495.4062    -5965.9997     -433.0742     -3.5839    -59.6345    550.0000
2031-01-01T01:00:08      4966.0100    -4811.0883     -436.7429     3543.8801    -5937.0649     -436.7429     -3.6143    -59.1667    550.0000
2031-01-01T01:00:16      5007.7418    -4767.3010     -440.3781     3592.1181    -5907.7343     -440.3781     -3.6444    -58.6989    550.0000
2031-01-01T01:00:24      5049.0906    -4723.1489     -443.9796     3640.1170    -5878.0099     -443.9796     -3.6743    -58.2310    550.0000
2031-01-01T01:00:32      5090.0531    -4678.6356     -447.5470     3687.8735    -5847.8937     -447.5470     -3.7038    -57.7631    550.0000
2031-01-01T01:00:40      5130.6262    -4633.7643     -451.0801     3735.3845    -5817.3876     -451.0801     -3.7331    -57.2952    550.0000
2031-01-01T01:00:48      5170.8068    -4588.5385     -454.5785     3782.6469    -5786.4938     -454.5785     -3.7621    -56.8272    550.0000
2031-01-01T01:00:56      5210.5918    -4542.9616     -458.0421     3829.6574    -5755.2142     -458.0421     -3.7908    -56.3593    550.0000
2031-01-01T01:01:04      5249.9782    -4497.0372     -461.4706     3876.4130    -5723.5510     -461.4706     -3.8192    -55.8912    550.0000
2031-01-01T01:01:12      5288.9629    -4450.7688     -464.8636     3922.9105    -5691.5063     -464.8636     -3.8473    -55.4232    550.0000
2031-01-01T01:01:20      5327.5430    -4404.1598     -468.2210     3969.1469    -5659.0822     -468.2210     -3.8752    -54.9551    550.0000
2031-01-01T01:01:28      5365.7156    -4357.2139     -471.5425     4015.1190    -5626.2809     -471.5425     -3.9027    -54.4870    550.0000
2031-01-01T01:01:36      5403.4777    -4309.9347     -474.8278     4060.8238    -5593.1045     -474.8278     -3.9299    -54.0188    550.0000
2031-01-01T01:01:44      5440.8264    -4262.3258     -478.0767     4106.2582    -5559.5554     -478.0767     -3.9569    -53.5506    550.0000
2031-01-01T01:01:52      5477.7588    -4214.3907     -481.2889     4151.4193    -5525.6356     -481.2889     -3.9835    -53.0824    550.0000
2031-01-01T01:02:00      5514.2722    -4166.1333     -484.4642     4196.3039    -5491.3475     -484.4642     -4.0098    -52.6141    550.0000
2031-01-01T01:02:08      5550.3637    -4117.5571     -487.6023     4240.9092    -5456.6934     -487.6023     -4.0358    -52.1459    550.0000
2031-01-01T01:02:16      5586.0306    -4068.6659     -490.7030     4285.2322    -5421.6755     -490.7030     -4.0615    -51.6775    550.0000
2031-01-01T01:02:24      5621.2702    -4019.4634     -493.7660     4329.2698    -5386.2963     -493.7660     -4.0869    -51.2092    550.0000
2031-01-01T01:02:32      5656.0797    -3969.9534     -496.7912     4373.0192    -5350.5580     -496.7912     -4.1120    -50.7408    550.0000
2031-01-01T01:02:40      5690.4565    -3920.1397     -499.7783     4416.4774    -5314.4631     -499.7783     -4.1368    -50.2724    550.0000
2031-01-01T01:02:48      5724.3980    -3870.0261     -502.7270     4459.6416    -5278.0140     -502.7270     -4.1612    -49.8040    550.0000
2031-01-01T01:02:56      5757.9016    -3819.6165     -505.6372     4502.5089    -5241.2131     -505.6372     -4.1854    -49.3355    550.0000
2031-01-01T01:03:04      5790.9646    -3768.9146     -508.5086     4545.0764    -5204.0628     -508.5086     -4.2092    -48.8670    550.0000
2031-01-01T01:03:12      5823.5847    -3717.9244     -511.3409     4587.3413    -5166.5656     -511.3409     -4.2327    -48.3985    550.0000
2031-01-01T01:03:20      5855.7592    -3666.6497     -514.1341     4629.3007    -5128.7241     -514.1341     -4.2558    -47.9299    550.0000
2031-01-01T01:03:28      5887.4857    -3615.0945     -516.8878     4670.9519    -5090.5407     -516.8878     -4.2787    -47.4613    550.0000
2031-01-01T01:03:36      5918.7619    -3563.2628     -519.6018     4712.2922    -5052.0180     -519.6018     -4.3012    -46.9927    550.0000
2031-01-01T01:03:44      5949.5852    -3511.1584     -522.2760     4753.3186    -5013.1586     -522.2760     -4.3234    -46.5240    550.0000
2031-01-01T01:03:52      5979.9534    -3458.7854     -524.9101     4794.0286    -4973.9651     -524.9101     -4.3452    -46.0553    550.0000
2031-01-01T01:04:00      6009.8640    -3406.1479     -527.5040     4834.4194    -4934.4400     -527.5040     -4.3667    -45.5866    550.0000
2031-01-01T01:04:08      6039.3150    -3353.2497     -530.0574     4874.4883    -4894.5861     -530.0574     -4.3879    -45.1179    550.0000
2031-01-01T01:04:16      6068.3039    -3300.0950     -532.5701     4914.2326    -4854.4059     -532.5701     -4.4087    -44.6491    550.0000
2031-01-01T01:04:24      6096.8285    -3246.6878     -535.0420     4953.6497    -4813.9022     -535.0420     -4.4292    -44.1803    550.0000
2031-01-01T01:04:32      6124.8867    -3193.0323     -537.4728     4992.7370    -4773.0776     -537.4728     -4.4494    -43.7115    550.0000
2031-01-01T01:04:40      6152.4764    -3139.1324     -539.8624     5031.4918    -4731.9349     -539.8624     -4.4692    -43.2426    550.0000
2031-01-01T01:04:48      6179.5954    -3084.9924     -542.2106     5069.9116    -4690.4769     -542.2106     -4.4887    -42.7737    550.0000
2031-01-01T01:04:56      6206.2416    -3030.6164     -544.5172     5107.9939    -4648.7062     -544.5172     -4.5078    -42.3048    550.0000
2031-01-01T01:05:04      6232.4130    -2976.0085     -546.7820     5145.7360    -4606.6257     -546.7820     -4.5266    -41.8359    550.0000
2031-01-01T01:05:12      6258.1077    -2921.1730     -549.0048     5183.1355    -4564.2382     -549.0048     -4.5451    -41.3670    550.0000
2031-01-01T01:05:20      6283.3235    -2866.1140     -551.1856     5220.1898    -4521.5464     -551.1856     -4.5632    -40.8980    550.0000
2031-01-01T01:05:28      6308.0587    -2810.8357     -553.3241     5256.8966    -4478.5534     -553.3241     -4.5809    -40.4290    550.0000
2031-01-01T01:05:36      6332.3113    -2755.3423     -555.4201     5293.2533    -4435.2618     -555.4201     -4.5983    -39.9599    550.0000
2031-01-01T01:05:44      6356.0795    -2699.6382     -557.4735     5329.2576    -4391.6747     -557.4735     -4.6153    -39.4909    550.0000
2031-01-01T01:05:52      6379.3614    -2643.7276     -559.4841     5364.9070    -4347.7949     -559.4841     -4.6320    -39.0218    550.0000
2031-01-01T01:06:00      6402.1553    -2587.6146     -561.4519     5400.1991    -4303.6253     -561.4519     -4.6483    -38.5527    550.0000
2031-01-01T01:06:08      6424.4593    -2531.3037     -563.3765     5435.1317    -4259.1689     -563.3765     -4.6643    -38.0836    550.0000
2031-01-01T01:06:16      6446.2719    -2474.7992     -565.2579     5469.7024    -4214.4287     -565.2579     -4.6799    -37.6144    550.0000
2031-01-01T01:06:24      6467.5914    -2418.1053     -567.0960     5503.9088    -4169.4076     -567.0960     -4.6952    -37.1452    550.0000
2031-01-01T01:06:32      6488.4160    -2361.2265     -568.8906     5537.7487    -4124.1086     -568.8906     -4.7101    -36.6760    550.0000
2031-01-01T01:06:40      6508.7443    -2304.1670     -570.6415     5571.2199    -4078.5348     -570.6415     -4.7246    -36.2068    550.0000
2031-01-01T01:06:48      6528.5747    -2246.9312     -572.3487     5604.3201    -4032.6893     -572.3487     -4.7388    -35.7376    550.0000
2031-01-01T01:06:56      6547.9055    -2189.5235     -574.0119     5637.0471    -3986.5749     -574.0119     -4.7526    -35.2683    550.0000
2031-01-01T01:07:04      6566.7355    -2131.9483     -575.6311     5669.3988    -3940.1949     -575.6311     -4.7660    -34.7990    550.0000
2031-01-01T01:07:12      6585.0631    -2074.2100     -577.2062     5701.3729    -3893.5524     -577.2062     -4.7791    -34.3298    550.0000
2031-01-01T01:07:20      6602.8869    -2016.3130     -578.7369     5732.9673    -3846.6503     -578.7369     -4.7918    -33.8604    550.0000
2031-01-01T01:07:28      6620.2055    -1958.2618     -580.2233     5764.1800    -3799.4920     -580.2233     -4.8041    -33.3911    550.0000
2031-01-01T01:07:36      6637.0177    -1900.0607     -581.6652     5795.0089    -3752.0804     -581.6652     -4.8161    -32.9217    550.0000
2031-01-01T01:07:44      6653.3222    -1841.7143     -583.0624     5825.4518    -3704.4189     -583.0624     -4.8277    -32.4524    550.0000
2031-01-01T01:07:52      6669.1177    -1783.2270     -584.4149     5855.5068    -3656.5104     -584.4149     -4.8389    -31.9830    550.0000
2031-01-01T01:08:00      6684.4029    -1724.6032     -585.7226     5885.1719    -3608.3584     -585.7226     -4.8497    -31.5136    550.0000
2031-01-01T01:08:08      6699.1768    -1665.8475     -586.9854     5914.4451    -3559.9658     -586.9854     -4.8602    -31.0442    550.0000
2031-01-01T01:08:16      6713.4382    -1606.9644     -588.2031     5943.3244    -3511.3361     -588.2031     -4.8703    -30.5747    550.0000
2031-01-01T01:08:24      6727.1860    -1547.9583     -589.3757     5971.8080    -3462.4724     -589.3757     -4.8801    -30.1053    550.0000
2031-01-01T01:08:32      6740.4191    -1488.8338     -590.5030     5999.8939    -3413.3780     -590.5030     -4.8894    -29.6358    550.0000
2031-01-01T01:08:40      6753.1366    -1429.5955     -591.5851     6027.5802    -3364.0562     -591.5851     -4.8984    -29.1663    550.0000
2031-01-01T01:08:48      6765.3374    -1370.2477     -592.6218     6054.8651    -3314.5102     -592.6218     -4.9070    -28.6969    550.0000
2031-01-01T01:08:56      6777.0207    -1310.7951     -593.6131     6081.7468    -3264.7433     -593.6131     -4.9152    -28.2274    550.0000
2031-01-01T01:09:04      6788.1855    -1251.2422     -594.5588     6108.2235    -3214.7590     -594.5588     -4.9231    -27.7578    550.0000
2031-01-01T01:09:12      6798.8310    -1191.5936     -595.4588     6134.2934    -3164.5604     -595.4588     -4.9306    -27.2883    550.0000
2031-01-01T01:09:20      6808.9564    -1131.8539     -596.3133     6159.9548    -3114.1510     -596.3133     -4.9377    -26.8188    550.0000
2031-01-01T01:09:28      6818.5608    -1072.0275     -597.1219     6185.2060    -3063.5341     -597.1219     -4.9444    -26.3492    550.0000
2031-01-01T01:09:36      6827.6437    -1012.1191     -597.8848     6210.0453    -3012.7132     -597.8848     -4.9507    -25.8797    550.0000
2031-01-01T01:09:44      6836.2042     -952.1333     -598.6018     6234.4711    -2961.6915     -598.6018     -4.9567    -25.4101    550.0000
2031-01-01T01:09:52      6844.2417     -892.0747     -599.2728     6258.4816    -2910.4724     -599.2728     -4.9622    -24.9405    550.0000
2031-01-01T01:10:00      6851.7556     -831.9478     -599.8979     6282.0754    -2859.0595     -599.8979     -4.9674    -24.4709    550.0000
2031-01-01T01:10:08      6858.7453     -771.7573     -600.4770     6305.2507    -2807.4561     -600.4770     -4.9722    -24.0013    550.0000
2031-01-01T01:10:16      6865.2104     -711.5077     -601.0100     6328.0062    -2755.6657     -601.0100     -4.9766    -23.5317    550.0000
2031-01-01T01:10:24      6871.1502     -651.2037     -601.4969     6350.3403    -2703.6917     -601.4969     -4.9807    -23.0621    550.0000
2031-01-01T01:10:32      6876.5643     -590.8499     -601.9377     6372.2515    -2651.5376     -601.9377     -4.9843    -22.5925    550.0000
2031-01-01T01:10:40      6881.4524     -530.4508     -602.3323     6393.7383    -2599.2069     -602.3323     -4.9876    -22.1229    550.0000
2031-01-01T01:10:48      6885.8140     -470.0112     -602.6806     6414.7992    -2546.7030     -602.6806     -4.9905    -21.6533    550.0000
2031-01-01T01:10:56      6889.6489     -409.5356     -602.9828     6435.4330    -2494.0295     -602.9828     -4.9930    -21.1837    550.0000
2031-01-01T01:11:04      6892.9567     -349.0287     -603.2387     6455.6382    -2441.1899     -603.2387     -4.9951    -20.7140    550.0000
2031-01-01T01:11:12      6895.7371     -288.4951     -603.4483     6475.4135    -2388.1877     -603.4483     -4.9969    -20.2444    550.0000
2031-01-01T01:11:20      6897.9900     -227.9395     -603.6116     6494.7575    -2335.0263     -603.6116     -4.9982    -19.7748    550.0000
2031-01-01T01:11:28      6899.7152     -167.3663     -603.7286     6513.6689    -2281.7095     -603.7286     -4.9992    -19.3051    550.0000
2031-01-01T01:11:36      6900.9125     -106.7804     -603.7993     6532.1466    -2228.2407     -603.7993     -4.9998    -18.8355    550.0000
2031-01-01T01:11:44      6901.5819      -46.1863     -603.8237     6550.1892    -2174.6235     -603.8237     -5.0000    -18.3659    550.0000
2031-01-01T01:11:52      6901.7234       14.4113     -603.8017     6567.7957    -2120.8615     -603.8017     -4.9998    -17.8962    550.0000
2031-01-01T01:12:00      6901.3368       75.0078     -603.7335     6584.9646    -2066.9582     -603.7335     -4.9993    -17.4266    550.0000
2031-01-01T01:12:08      6900.4222      135.5986     -603.6189     6601.6951    -2012.9173     -603.6189     -4.9983    -16.9569    550.0000
2031-01-01T01:12:16      6898.9798      196.1790     -603.4580     6617.9858    -1958.7423     -603.4580     -4.9970    -16.4873    550.0000
2031-01-01T01:12:24      6897.0095      256.7444     -603.2508     6633.8359    -1904.4369     -603.2508     -4.9952    -16.0177    550.0000
2031-01-01T01:12:32      6894.5116      317.2902     -602.9974     6649.2440    -1850.0047     -602.9974     -4.9931    -15.5480    550.0000
2031-01-01T01:12:40      6891.4863      377.8116     -602.6977     6664.2094    -1795.4493     -602.6977     -4.9907    -15.0784    550.0000
2031-01-01T01:12:48      6887.9338      438.3042     -602.3517     6678.7309    -1740.7744     -602.3517     -4.9878    -14.6088    550.0000
2031-01-01T01:12:56      6883.8543      498.7633     -601.9596     6692.8076    -1685.9835     -601.9596     -4.9845    -14.1392    550.0000
2031-01-01T01:13:04      6879.2481      559.1841     -601.5212     6706.4386    -1631.0804     -601.5212     -4.9809    -13.6696    550.0000
2031-01-01T01:13:12      6874.1157      619.5623     -601.0368     6719.6229    -1576.0688     -601.0368     -4.9769    -13.2000    550.0000
2031-01-01T01:13:20      6868.4574      679.8930     -600.5062     6732.3596    -1520.9522     -600.5062     -4.9725    -12.7304    550.0000
2031-01-01T01:13:28      6862.2737      740.1717     -599.9295     6744.6480    -1465.7344     -599.9295     -4.9677    -12.2608    550.0000
2031-01-01T01:13:36      6855.5650      800.3937     -599.3068     6756.4872    -1410.4190     -599.3068     -4.9625    -11.7912    550.0000
2031-01-01T01:13:44      6848.3318      860.5546     -598.6382     6767.8764    -1355.0098     -598.6382     -4.9570    -11.3216    550.0000
2031-01-01T01:13:52      6840.5746      920.6496     -597.9236     6778.8148    -1299.5104     -597.9236     -4.9510    -10.8520    550.0000
2031-01-01T01:14:00      6832.2942      980.6741     -597.1632     6789.3017    -1243.9245     -597.1632     -4.9447    -10.3825    550.0000
2031-01-01T01:14:08      6823.4911     1040.6237     -596.3569     6799.3364    -1188.2558     -596.3569     -4.9380     -9.9129    550.0000
2031-01-01T01:14:16      6814.1659     1100.4936     -595.5049     6808.9183    -1132.5081     -595.5049     -4.9309     -9.4434    550.0000
2031-01-01T01:14:24      6804.3195     1160.2793     -594.6072     6818.0467    -1076.6851     -594.6072     -4.9235     -8.9739    550.0000
2031-01-01T01:14:32      6793.9525     1219.9763     -593.6639     6826.7210    -1020.7904     -593.6639     -4.9157     -8.5044    550.0000
2031-01-01T01:14:40      6783.0658     1279.5799     -592.6751     6834.9406     -964.8279     -592.6751     -4.9075     -8.0348    550.0000
2031-01-01T01:14:48      6771.6601     1339.0857     -591.6408     6842.7050     -908.8012     -591.6408     -4.8989     -7.5654    550.0000
2031-01-01T01:14:56      6759.7364     1398.4890     -590.5611     6850.0136     -852.7140     -590.5611     -4.8899     -7.0959    550.0000
2031-01-01T01:15:04      6747.2955     1457.7853     -589.4361     6856.8659     -796.5702     -589.4361     -4.8806     -6.6264    550.0000
2031-01-01T01:15:12      6734.3385     1516.9700     -588.2659     6863.2616     -740.3735     -588.2659     -4.8709     -6.1570    550.0000
2031-01-01T01:15:20      6720.8662     1576.0388     -587.0505     6869.2002     -684.1275     -587.0505     -4.8608     -5.6875    550.0000
2031-01-01T01:15:28      6706.8798     1634.9869     -585.7901     6874.6812     -627.8362     -585.7901     -4.8503     -5.2181    550.0000
2031-01-01T01:15:36      6692.3804     1693.8100     -584.4848     6879.7043     -571.5031     -584.4848     -4.8395     -4.7487    550.0000
2031-01-01T01:15:44      6677.3689     1752.5035     -583.1347     6884.2692     -515.1321     -583.1347     -4.8283     -4.2793    550.0000
2031-01-01T01:15:52      6661.8466     1811.0629     -581.7398     6888.3756     -458.7269     -581.7398     -4.8167     -3.8099    550.0000
2031-01-01T01:16:00      6645.8146     1869.4837     -580.3002     6892.0231     -402.2913     -580.3002     -4.8047     -3.3406    550.0000
2031-01-01T01:16:08      6629.2742     1927.7616     -578.8162     6895.2116     -345.8291     -578.8162     -4.7924     -2.8713    550.0000
2031-01-01T01:16:16      6612.2267     1985.8919     -577.2878     6897.9409     -289.3440     -577.2878     -4.7797     -2.4019    550.0000
2031-01-01T01:16:24      6594.6733     2043.8703     -575.7150     6900.2107     -232.8398     -575.7150     -4.7667     -1.9326    550.0000
2031-01-01T01:16:32      6576.6154     2101.6924     -574.0982     6902.0209     -176.3202     -574.0982     -4.7533     -1.4634    550.0000
2031-01-01T01:16:40      6558.0544     2159.3537     -572.4372     6903.3713     -119.7890     -572.4372     -4.7395     -0.9941    550.0000
2031-01-01T01:16:48      6538.9916     2216.8497     -570.7324     6904.2620      -63.2500     -570.7324     -4.7253     -0.5249    550.0000
2031-01-01T01:16:56      6519.4286     2274.1762     -568.9837     6904.6928       -6.7070     -568.9837     -4.7108     -0.0557    550.0000
2031-01-01T01:17:04      6499.3669     2331.3287     -567.1915     6904.6636       49.8363     -567.1915     -4.6960      0.4135    550.0000
2031-01-01T01:17:12      6478.8079     2388.3028     -565.3557     6904.1746      106.3761     -565.3557     -4.6807      0.8827    550.0000
2031-01-01T01:17:20      6457.7533     2445.0942     -563.4765     6903.2257      162.9086     -563.4765     -4.6651      1.3519    550.0000
2031-01-01T01:17:28      6436.2047     2501.6986     -561.5541     6901.8169      219.4301     -561.5541     -4.6492      1.8210    550.0000
2031-01-01T01:17:36      6414.1637     2558.1115     -559.5887     6899.9485      275.9368     -559.5887     -4.6329      2.2901    550.0000
2031-01-01T01:17:44      6391.6319     2614.3288     -557.5803     6897.6204      332.4249     -557.5803     -4.6162      2.7592    550.0000
2031-01-01T01:17:52      6368.6112     2670.3460     -555.5291     6894.8329      388.8907     -555.5291     -4.5992      3.2282    550.0000
2031-01-01T01:18:00      6345.1033     2726.1590     -553.4353     6891.5862      445.3303     -553.4353     -4.5818      3.6973    550.0000
2031-01-01T01:18:08      6321.1100     2781.7634     -551.2991     6887.8804      501.7401     -551.2991     -4.5641      4.1663    550.0000
2031-01-01T01:18:16      6296.6331     2837.1550     -549.1206     6883.7157      558.1163     -549.1206     -4.5460      4.6353    550.0000
2031-01-01T01:18:24      6271.6744     2892.3295     -546.8999     6879.0926      614.4551     -546.8999     -4.5276      5.1042    550.0000
2031-01-01T01:18:32      6246.2360     2947.2827     -544.6373     6874.0112      670.7528     -544.6373     -4.5088      5.5732    550.0000
2031-01-01T01:18:40      6220.3197     3002.0105     -542.3329     6868.4720      727.0055     -542.3329     -4.4897      6.0421    550.0000
2031-01-01T01:18:48      6193.9276     3056.5086     -539.9869     6862.4752      783.2097     -539.9869     -4.4703      6.5110    550.0000
2031-01-01T01:18:56      6167.0616     3110.7729     -537.5995     6856.0214      839.3614     -537.5995     -4.4505      6.9798    550.0000
2031-01-01T01:19:04      6139.7238     3164.7991     -535.1708     6849.1108      895.4570     -535.1708     -4.4303      7.4486    550.0000
2031-01-01T01:19:12      6111.9163     3218.5833     -532.7011     6841.7440      951.4927     -532.7011     -4.4098      7.9174    550.0000
2031-01-01T01:19:20      6083.6412     3272.1212     -530.1905     6833.9214     1007.4648     -530.1905     -4.3890      8.3862    550.0000
2031-01-01T01:19:28      6054.9007     3325.4088     -527.6393     6825.6437     1063.3695     -527.6393     -4.3678      8.8550    550.0000
2031-01-01T01:19:36      6025.6970     3378.4420     -525.0476     6816.9112     1119.2032     -525.0476     -4.3463      9.3237    550.0000
2031-01-01T01:19:44      5996.0323     3431.2167     -522.4155     6807.7247     1174.9621     -522.4155     -4.3245      9.7923    550.0000
2031-01-01T01:19:52      5965.9089     3483.7289     -519.7435     6798.0847     1230.6425     -519.7435     -4.3023     10.2610    550.0000
2031-01-01T01:20:00      5935.3291     3535.9746     -517.0315     6787.9918     1286.2407     -517.0315     -4.2799     10.7296    550.0000
2031-01-01T01:20:08      5904.2952     3587.9498     -514.2799     6777.4468     1341.7529     -514.2799     -4.2570     11.1982    550.0000
2031-01-01T01:20:16      5872.8096     3639.6505     -511.4888     6766.4503     1397.1755     -511.4888     -4.2339     11.6668    550.0000
2031-01-01T01:20:24      5840.8748     3691.0727     -508.6585     6755.0030     1452.5048     -508.6585     -4.2104     12.1353    550.0000
2031-01-01T01:20:32      5808.4931     3742.2126     -505.7892     6743.1058     1507.7371     -505.7892     -4.1866     12.6038    550.0000
2031-01-01T01:20:40      5775.6670     3793.0661     -502.8810     6730.7594     1562.8686     -502.8810     -4.1625     13.0723    550.0000
2031-01-01T01:20:48      5742.3991     3843.6295     -499.9343     6717.9646     1617.8958     -499.9343     -4.1381     13.5408    550.0000
2031-01-01T01:20:56      5708.6919     3893.8988     -496.9493     6704.7223     1672.8150     -496.9493     -4.1133     14.0092    550.0000
2031-01-01T01:21:04      5674.5479     3943.8703     -493.9261     6691.0334     1727.6224     -493.9261     -4.0883     14.4776    550.0000
2031-01-01T01:21:12      5639.9698     3993.5400     -490.8650     6676.8987     1782.3145     -490.8650     -4.0629     14.9459    550.0000
2031-01-01T01:21:20      5604.9603     4042.9041     -487.7663     6662.3192     1836.8876     -487.7663     -4.0372     15.4142    550.0000
2031-01-01T01:21:28      5569.5219     4091.9590     -484.6301     6647.2959     1891.3381     -484.6301     -4.0112     15.8825    550.0000
2031-01-01T01:21:36      5533.6575     4140.7008     -481.4568     6631.8298     1945.6623     -481.4568     -3.9849     16.3508    550.0000
2031-01-01T01:21:44      5497.3698     4189.1259     -478.2465     6615.9220     1999.8566     -478.2465     -3.9583     16.8190    550.0000
2031-01-01T01:21:52      5460.6614     4237.2304     -474.9996     6599.5733     2053.9174     -474.9996     -3.9314     17.2872    550.0000
2031-01-01T01:22:00      5423.5354     4285.0108     -471.7162     6582.7851     2107.8411     -471.7162     -3.9041     17.7553    550.0000
2031-01-01T01:22:08      5385.9944     4332.4634     -468.3966     6565.5583     2161.6241     -468.3966     -3.8766     18.2235    550.0000
2031-01-01T01:22:16      5348.0413     4379.5845     -465.0411     6547.8941     2215.2628     -465.0411     -3.8488     18.6915    550.0000
2031-01-01T01:22:24      5309.6791     4426.3706     -461.6499     6529.7937     2268.7537     -461.6499     -3.8207     19.1596    550.0000
2031-01-01T01:22:32      5270.9108     4472.8180     -458.2233     6511.2583     2322.0931     -458.2233     -3.7923     19.6276    550.0000
2031-01-01T01:22:40      5231.7391     4518.9232     -454.7616     6492.2891     2375.2775     -454.7616     -3.7636     20.0956    550.0000
2031-01-01T01:22:48      5192.1673     4564.6827     -451.2649     6472.8875     2428.3034     -451.2649     -3.7346     20.5636    550.0000
2031-01-01T01:22:56      5152.1982     4610.0930     -447.7337     6453.0546     2481.1673     -447.7337     -3.7054     21.0315    550.0000
2031-01-01T01:23:04      5111.8350     4655.1507     -444.1681     6432.7918     2533.8656     -444.1681     -3.6758     21.4994    550.0000
2031-01-01T01:23:12      5071.0807     4699.8521     -440.5684     6412.1004     2586.3947     -440.5684     -3.6460     21.9673    550.0000
2031-01-01T01:23:20      5029.9384     4744.1940     -436.9349     6390.9819     2638.7513     -436.9349     -3.6159     22.4351    550.0000
2031-01-01T01:23:28      4988.4114     4788.1730     -433.2679     6369.4376     2690.9317     -433.2679     -3.5855     22.9029    550.0000
2031-01-01T01:23:36      4946.5027     4831.7856     -429.5677     6347.4689     2742.9326     -429.5677     -3.5548     23.3706    550.0000
2031-01-01T01:23:44      4904.2156     4875.0286     -425.8345     6325.0774     2794.7505     -425.8345     -3.5239     23.8384    550.0000
2031-01-01T01:23:52      4861.5533     4917.8987     -422.0686     6302.2645     2846.3818     -422.0686     -3.4927     24.3060    550.0000
2031-01-01T01:24:00      4818.5191     4960.3925     -418.2704     6279.0318     2897.8233     -418.2704     -3.4612     24.7737    550.0000
2031-01-01T01:24:08      4775.1162     5002.5068     -414.4401     6255.3807     2949.0713     -414.4401     -3.4295     25.2413    550.0000
2031-01-01T01:24:16      4731.3481     5044.2384     -410.5780     6231.3128     3000.1226     -410.5780     -3.3975     25.7089    550.0000
2031-01-01T01:24:24      4687.2180     5085.5840     -406.6844     6206.8298     3050.9737     -406.6844     -3.3652     26.1765    550.0000
2031-01-01T01:24:32      4642.7293     5126.5407     -402.7596     6181.9333     3101.6213     -402.7596     -3.3327     26.6440    550.0000
2031-01-01T01:24:40      4597.8854     5167.1051     -398.8039     6156.6250     3152.0619     -398.8039     -3.3000     27.1115    550.0000
2031-01-01T01:24:48      4552.6898     5207.2742     -394.8176     6130.9064     3202.2922     -394.8176     -3.2669     27.5789    550.0000
2031-01-01T01:24:56      4507.1459     5247.0449     -390.8010     6104.7794     3252.3088     -390.8010     -3.2337     28.0464    550.0000
2031-01-01T01:25:04      4461.2571     5286.4142     -386.7544     6078.2457     3302.1084     -386.7544     -3.2001     28.5138    550.0000
2031-01-01T01:25:12      4415.0271     5325.3791     -382.6782     6051.3070     3351.6877     -382.6782     -3.1664     28.9811    550.0000
2031-01-01T01:25:20      4368.4593     5363.9366     -378.5726     6023.9651     3401.0435     -378.5726     -3.1324     29.4484    550.0000
2031-01-01T01:25:28      4321.5574     5402.0837     -374.4380     5996.2219     3450.1723     -374.4380     -3.0981     29.9157    550.0000
2031-01-01T01:25:36      4274.3248     5439.8175     -370.2746     5968.0792     3499.0709     -370.2746     -3.0637     30.3830    550.0000
2031-01-01T01:25:44      4226.7652     5477.1351     -366.0829     5939.5388     3547.7361     -366.0829     -3.0289     30.8502    550.0000
2031-01-01T01:25:52      4178.8822     5514.0337     -361.8630     5910.6028     3596.1646     -361.8630     -2.9940     31.3174    550.0000
2031-01-01T01:26:00      4130.6796     5550.5105     -357.6154     5881.2729     3644.3532     -357.6154     -2.9588     31.7846    550.0000
2031-01-01T01:26:08      4082.1609     5586.5627     -353.3404     5851.5511     3692.2987     -353.3404     -2.9234     32.2517    550.0000
2031-01-01T01:26:16      4033.3300     5622.1874     -349.0382     5821.4395     3739.9978     -349.0382     -2.8878     32.7188    550.0000
2031-01-01T01:26:24      3984.1905     5657.3820     -344.7093     5790.9400     3787.4475     -344.7093     -2.8519     33.1859    550.0000
2031-01-01T01:26:32      3934.7462     5692.1438     -340.3539     5760.0547     3834.6445     -340.3539     -2.8159     33.6529    550.0000
2031-01-01T01:26:40      3885.0008     5726.4702     -335.9725     5728.7856     3881.5857     -335.9725     -2.7796     34.1199    550.0000
2031-01-01T01:26:48      3834.9583     5760.3584     -331.5652     5697.1348     3928.2680     -331.5652     -2.7431     34.5869    550.0000
2031-01-01T01:26:56      3784.6224     5793.8060     -327.1325     5665.1044     3974.6882     -327.1325     -2.7064     35.0538    550.0000
2031-01-01T01:27:04      3733.9969     5826.8103     -322.6748     5632.6965     4020.8433     -322.6748     -2.6695     35.5208    550.0000
2031-01-01T01:27:12      3683.0858     5859.3688     -318.1922     5599.9133     4066.7302     -318.1922     -2.6324     35.9876    550.0000
2031-01-01T01:27:20      3631.8929     5891.4790     -313.6853     5566.7570     4112.3457     -313.6853     -2.5951     36.4545    550.0000
2031-01-01T01:27:28      3580.4222     5923.1386     -309.1543     5533.2298     4157.6870     -309.1543     -2.5576     36.9213    550.0000
2031-01-01T01:27:36      3528.6775     5954.3449     -304.5996     5499.3339     4202.7510     -304.5996     -2.5199     37.3881    550.0000
2031-01-01T01:27:44      3476.6629     5985.0958     -300.0215     5465.0715     4247.5346     -300.0215     -2.4820     37.8549    550.0000
2031-01-01T01:27:52      3424.3824     6015.3888     -295.4204     5430.4450     4292.0349     -295.4204     -2.4439     38.3216    550.0000
2031-01-01T01:28:00      3371.8398     6045.2215     -290.7966     5395.4567     4336.2489     -290.7966     -2.4056     38.7883    550.0000
2031-01-01T01:28:08      3319.0393     6074.5918     -286.1505     5360.1088     4380.1736     -286.1505     -2.3672     39.2550    550.0000
2031-01-01T01:28:16      3265.9849     6103.4974     -281.4825     5324.4038     4423.8062     -281.4825     -2.3285     39.7217    550.0000
2031-01-01T01:28:24      3212.6806     6131.9360     -276.7929     5288.3440     4467.1438     -276.7929     -2.2897     40.1883    550.0000
2031-01-01T01:28:32      3159.1306     6159.9054     -272.0820     5251.9318     4510.1833     -272.0820     -2.2507     40.6549    550.0000
2031-01-01T01:28:40      3105.3388     6187.4037     -267.3503     5215.1696     4552.9221     -267.3503     -2.2116     41.1215    550.0000
2031-01-01T01:28:48      3051.3095     6214.4285     -262.5980     5178.0599     4595.3571     -262.5980     -2.1722     41.5880    550.0000
2031-01-01T01:28:56      2997.0468     6240.9780     -257.8257     5140.6052     4637.4857     -257.8257     -2.1327     42.0545    550.0000
2031-01-01T01:29:04      2942.5548     6267.0499     -253.0335     5102.8080     4679.3049     -253.0335     -2.0931     42.5210    550.0000
2031-01-01T01:29:12      2887.8377     6292.6425     -248.2219     5064.6706     4720.8121     -248.2219     -2.0532     42.9875    550.0000
2031-01-01T01:29:20      2832.8996     6317.7536     -243.3913     5026.1958     4762.0044     -243.3913     -2.0133     43.4539    550.0000
2031-01-01T01:29:28      2777.7448     6342.3813     -238.5420     4987.3861     4802.8791     -238.5420     -1.9731     43.9203    550.0000
2031-01-01T01:29:36      2722.3775     6366.5239     -233.6745     4948.2440     4843.4334     -233.6745     -1.9329     44.3867    550.0000
2031-01-01T01:29:44      2666.8020     6390.1794     -228.7889     4908.7722     4883.6647     -228.7889     -1.8924     44.8531    550.0000
2031-01-01T01:29:52      2611.0224     6413.3460     -223.8859     4868.9732     4923.5703     -223.8859     -1.8519     45.3194    550.0000
2031-01-01T01:30:00      2555.0431     6436.0219     -218.9656     4828.8498     4963.1475     -218.9656     -1.8112     45.7858    550.0000
2031-01-01T01:30:08      2498.8683     6458.2055     -214.0286     4788.4046     5002.3937     -214.0286     -1.7703     46.2521    550.0000
2031-01-01T01:30:16      2442.5023     6479.8950     -209.0752     4747.6403     5041.3063     -209.0752     -1.7293     46.7183    550.0000
2031-01-01T01:30:24      2385.9495     6501.0888     -204.1057     4706.5595     5079.8827     -204.1057     -1.6882     47.1846    550.0000
2031-01-01T01:30:32      2329.2142     6521.7852     -199.1205     4665.1652     5118.1202     -199.1205     -1.6470     47.6508    550.0000
2031-01-01T01:30:40      2272.3006     6541.9826     -194.1201     4623.4599     5156.0164     -194.1201     -1.6056     48.1171    550.0000
2031-01-01T01:30:48      2215.2133     6561.6796     -189.1048     4581.4465     5193.5688     -189.1048     -1.5641     48.5832    550.0000
2031-01-01T01:30:56      2157.9564     6580.8746     -184.0749     4539.1278     5230.7748     -184.0749     -1.5225     49.0494    550.0000
2031-01-01T01:31:04      2100.5345     6599.5661     -179.0310     4496.5066     5267.6319     -179.0310     -1.4808     49.5156    550.0000
2031-01-01T01:31:12      2042.9519     6617.7527     -173.9733     4453.5857     5304.1378     -173.9733     -1.4389     49.9817    550.0000
2031-01-01T01:31:20      1985.2129     6635.4330     -168.9023     4410.3679     5340.2899     -168.9023     -1.3970     50.4478    550.0000
2031-01-01T01:31:28      1927.3221     6652.6057     -163.8183     4366.8563     5376.0859     -163.8183     -1.3549     50.9139    550.0000
2031-01-01T01:31:36      1869.2839     6669.2694     -158.7218     4323.0536     5411.5233     -158.7218     -1.3128     51.3800    550.0000
2031-01-01T01:31:44      1811.1027     6685.4229     -153.6130     4278.9628     5446.5999     -153.6130     -1.2705     51.8461    550.0000
2031-01-01T01:31:52      1752.7829     6701.0650     -148.4925     4234.5868     5481.3132     -148.4925     -1.2281     52.3121    550.0000
2031-01-01T01:32:00      1694.3290     6716.1944     -143.3606     4189.9286     5515.6610     -143.3606     -1.1857     52.7782    550.0000
2031-01-01T01:32:08      1635.7454     6730.8099     -138.2177     4144.9911     5549.6409     -138.2177     -1.1431     53.2442    550.0000
2031-01-01T01:32:16      1577.0368     6744.9106     -133.0642     4099.7773     5583.2508     -133.0642     -1.1005     53.7102    550.0000
2031-01-01T01:32:24      1518.2075     6758.4952     -127.9005     4054.2903     5616.4883     -127.9005     -1.0578     54.1762    550.0000
2031-01-01T01:32:32      1459.2620     6771.5627     -122.7270     4008.5331     5649.3513     -122.7270     -1.0150     54.6422    550.0000
2031-01-01T01:32:40      1400.2050     6784.1123     -117.5441     3962.5087     5681.8375     -117.5441     -0.9721     55.1081    550.0000
2031-01-01T01:32:48      1341.0408     6796.1428     -112.3521     3916.2202     5713.9449     -112.3521     -0.9292     55.5741    550.0000
2031-01-01T01:32:56      1281.7740     6807.6533     -107.1515     3869.6706     5745.6712     -107.1515     -0.8862     56.0400    550.0000
2031-01-01T01:33:04      1222.4091     6818.6431     -101.9427     3822.8631     5777.0144     -101.9427     -0.8431     56.5059    550.0000
2031-01-01T01:33:12      1162.9507     6829.1112      -96.7261     3775.8008     5807.9723      -96.7261     -0.8000     56.9718    550.0000
2031-01-01T01:33:20      1103.4034     6839.0568      -91.5021     3728.4868     5838.5429      -91.5021     -0.7567     57.4377    550.0000
2031-01-01T01:33:28      1043.7716     6848.4792      -86.2711     3680.9242     5868.7242      -86.2711     -0.7135     57.9036    550.0000
2031-01-01T01:33:36       984.0600     6857.3777      -81.0334     3633.1163     5898.5141      -81.0334     -0.6702     58.3695    550.0000
2031-01-01T01:33:44       924.2731     6865.7516      -75.7895     3585.0662     5927.9107      -75.7895     -0.6268     58.8354    550.0000
2031-01-01T01:33:52       864.4155     6873.6002      -70.5398     3536.7772     5956.9120      -70.5398     -0.5834     59.3013    550.0000
2031-01-01T01:34:00       804.4918     6880.9229      -65.2847     3488.2523     5985.5161      -65.2847     -0.5399     59.7671    550.0000
2031-01-01T01:34:08       744.5065     6887.7193      -60.0246     3439.4950     6013.7211      -60.0246     -0.4964     60.2330    550.0000
2031-01-01T01:34:16       684.4643     6893.9887      -54.7598     3390.5083     6041.5250      -54.7598     -0.4529     60.6988    550.0000
2031-01-01T01:34:24       624.3697     6899.7306      -49.4909     3341.2956     6068.9261      -49.4909     -0.4093     61.1647    550.0000
2031-01-01T01:34:32       564.2273     6904.9447      -44.2182     3291.8601     6095.9225      -44.2182     -0.3657     61.6305    550.0000
2031-01-01T01:34:40       504.0418     6909.6306      -38.9421     3242.2052     6122.5124      -38.9421     -0.3221     62.0963    550.0000
2031-01-01T01:34:48       443.8177     6913.7878      -33.6630     3192.3342     6148.6941      -33.6630     -0.2784     62.5622    550.0000
2031-01-01T01:34:56       383.5597     6917.4161      -28.3813     3142.2503     6174.4657      -28.3813     -0.2347     63.0280    550.0000
2031-01-01T01:35:04       323.2723     6920.5152      -23.0974     3091.9569     6199.8257      -23.0974     -0.1910     63.4938    550.0000
2031-01-01T01:35:12       262.9602     6923.0849      -17.8118     3041.4574     6224.7722      -17.8118     -0.1473     63.9596    550.0000
2031-01-01T01:35:20       202.6279     6925.1249      -12.5248     2990.7550     6249.3037      -12.5248     -0.1036     64.4254    550.0000
2031-01-01T01:35:28       142.2802     6926.6351       -7.2368     2939.8533     6273.4185       -7.2368     -0.0598     64.8912    550.0000
2031-01-01T01:35:36        81.9216     6927.6154       -1.9483     2888.7556     6297.1150       -1.9483     -0.0161     65.3571    550.0000
